LID,zone_id,urban_form,class4,class7,Centroid_X,Centroid_Y,PWP_C,relative_class
P50,Zone1,Compact,1,2,439874.0840999996,4372648.575200001,32.73333546638841,Middle
P390,Zone1,Compact,1,3,447874.0840999996,4386648.575200001,33.08958314889627,Middle
P514,Zone1,Compact,1,2,469874.0840999996,4388648.575200001,33.0821004624513,Middle
P516,Zone1,Compact,1,2,471874.0840999996,4388648.575200001,32.71763508493957,Middle
P535,Zone1,Compact,1,3,437874.0840999996,4389648.575200001,32.93496987558791,Middle
P591,Zone1,Compact,1,3,439874.0840999996,4390648.575200001,32.76408770248942,Middle
P647,Zone1,Compact,1,3,443874.0840999996,4391648.575200001,34.02073674816805,High
P684,Zone1,Compact,1,3,480874.0840999996,4391648.575200001,31.79727517599105,Middle
P699,Zone1,Compact,1,2,439874.0840999996,4392648.575200001,34.02347454027291,High
P733,Zone1,Compact,1,3,473874.0840999996,4392648.575200001,33.04159319548844,Middle
P760,Zone1,Compact,1,3,442874.0840999996,4393648.575200001,35.61849556004399,High
P761,Zone1,Compact,1,2,443874.0840999996,4393648.575200001,34.9158252588121,High
P777,Zone1,Compact,1,3,459874.0840999996,4393648.575200001,32.34563019324855,Middle
P779,Zone1,Compact,1,3,461874.0840999996,4393648.575200001,32.90626182937864,Middle
P837,Zone1,Compact,1,2,463874.0840999996,4394648.575200001,32.69959592586979,Middle
P873,Zone1,Compact,1,3,443874.0840999996,4395648.575200001,34.17150890827069,High
P883,Zone1,Compact,1,2,453874.0840999996,4395648.575200001,33.75158484704339,High
P899,Zone1,Compact,1,3,469874.0840999996,4395648.575200001,32.16669414912413,Middle
P910,Zone1,Compact,1,3,480874.0840999996,4395648.575200001,32.55045374260936,Middle
P927,Zone1,Compact,1,2,442874.0840999996,4396648.575200001,35.26228881926078,High
P928,Zone1,Compact,1,2,443874.0840999996,4396648.575200001,34.51051694325736,High
P938,Zone1,Compact,1,3,453874.0840999996,4396648.575200001,33.33841319237268,Middle
P942,Zone1,Compact,1,2,457874.0840999996,4396648.575200001,34.00345721928772,High
P981,Zone1,Compact,1,2,442874.0840999996,4397648.575200001,35.2536684891545,High
P996,Zone1,Compact,1,3,457874.0840999996,4397648.575200001,34.33827093642208,High
P999,Zone1,Compact,1,2,460874.0840999996,4397648.575200001,34.0416066029712,High
P1000,Zone1,Compact,1,2,461874.0840999996,4397648.575200001,34.28052820830341,High
P1001,Zone1,Compact,1,2,462874.0840999996,4397648.575200001,34.13619083568064,High
P1036,Zone1,Compact,1,2,441874.0840999996,4398648.575200001,34.99880640958501,High
P1037,Zone1,Compact,1,2,442874.0840999996,4398648.575200001,35.00971272292477,High
P1038,Zone1,Compact,1,2,443874.0840999996,4398648.575200001,34.17856107176713,High
P1056,Zone1,Compact,1,2,461874.0840999996,4398648.575200001,34.36242464381683,High
P1057,Zone1,Compact,1,2,462874.0840999996,4398648.575200001,34.01210627327731,High
P1093,Zone1,Compact,1,2,442874.0840999996,4399648.575200001,35.14647863447814,High
P1107,Zone1,Compact,1,2,456874.0840999996,4399648.575200001,35.07554554757328,High
P1108,Zone1,Compact,1,2,457874.0840999996,4399648.575200001,35.46891667840107,High
P1143,Zone1,Compact,1,2,436874.0840999996,4400648.575200001,32.34117306215313,Middle
P1150,Zone1,Compact,1,2,443874.0840999996,4400648.575200001,35.0061907708529,High
P1151,Zone1,Compact,1,2,444874.0840999996,4400648.575200001,34.11884399597062,High
P1153,Zone1,Compact,1,3,446874.0840999996,4400648.575200001,33.66424207957252,High
P1154,Zone1,Compact,1,3,447874.0840999996,4400648.575200001,32.94859793914731,Middle
P1164,Zone1,Compact,1,3,457874.0840999996,4400648.575200001,34.70156903059991,High
P1165,Zone1,Compact,1,2,458874.0840999996,4400648.575200001,34.46209165044353,High
P1167,Zone1,Compact,1,2,460874.0840999996,4400648.575200001,34.57841268887772,High
P1168,Zone1,Compact,1,2,461874.0840999996,4400648.575200001,35.04985376791265,High
P1169,Zone1,Compact,1,2,462874.0840999996,4400648.575200001,34.7374346189135,High
P1201,Zone1,Compact,1,1,440874.0840999996,4401648.575200001,33.09506313206013,Middle
P1204,Zone1,Compact,1,2,443874.0840999996,4401648.575200001,34.84515071246969,High
P1205,Zone1,Compact,1,2,444874.0840999996,4401648.575200001,34.66223264721183,High
P1206,Zone1,Compact,1,2,445874.0840999996,4401648.575200001,34.4638444309916,High
P1207,Zone1,Compact,1,3,446874.0840999996,4401648.575200001,33.7270863501499,High
P1209,Zone1,Compact,1,3,448874.0840999996,4401648.575200001,32.71389153016172,Middle
P1210,Zone1,Compact,1,3,449874.0840999996,4401648.575200001,32.86401225691203,Middle
P1217,Zone1,Compact,1,1,456874.0840999996,4401648.575200001,33.47632011939939,High
P1218,Zone1,Compact,1,1,457874.0840999996,4401648.575200001,34.07685455948629,High
P1221,Zone1,Compact,1,2,460874.0840999996,4401648.575200001,35.1014430793479,High
P1222,Zone1,Compact,1,2,461874.0840999996,4401648.575200001,35.58669697829779,High
P1223,Zone1,Compact,1,2,462874.0840999996,4401648.575200001,35.24679267020525,High
P1224,Zone1,Compact,1,2,463874.0840999996,4401648.575200001,34.06099115132503,High
P1256,Zone1,Compact,1,2,443874.0840999996,4402648.575200001,33.77106224207865,High
P1257,Zone1,Compact,1,2,444874.0840999996,4402648.575200001,33.93101090002739,High
P1259,Zone1,Compact,1,3,446874.0840999996,4402648.575200001,33.54870919302227,High
P1260,Zone1,Compact,1,3,447874.0840999996,4402648.575200001,33.10164989274717,Middle
P1269,Zone1,Compact,1,2,458874.0840999996,4402648.575200001,34.49302859037721,High
P1270,Zone1,Compact,1,2,459874.0840999996,4402648.575200001,35.01426815723152,High
P1304,Zone1,Compact,1,3,436874.0840999996,4403648.575200001,31.82672425454653,Middle
P1305,Zone1,Compact,1,3,437874.0840999996,4403648.575200001,32.75875420153994,Middle
P1306,Zone1,Compact,1,2,438874.0840999996,4403648.575200001,33.72357446162855,High
P1310,Zone1,Compact,1,2,442874.0840999996,4403648.575200001,33.65086052749389,High
P1311,Zone1,Compact,1,3,443874.0840999996,4403648.575200001,33.640565212905,High
P1315,Zone1,Compact,1,3,447874.0840999996,4403648.575200001,33.37814977912379,Middle
P1316,Zone1,Compact,1,3,448874.0840999996,4403648.575200001,33.32105241229213,Middle
P1323,Zone1,Compact,1,1,456874.0840999996,4403648.575200001,32.85132734497982,Middle
P1325,Zone1,Compact,1,2,458874.0840999996,4403648.575200001,34.53978212826972,High
P1326,Zone1,Compact,1,2,459874.0840999996,4403648.575200001,35.03491641443132,High
P1368,Zone1,Compact,1,3,436874.0840999996,4404648.575200001,32.18746462936196,Middle
P1369,Zone1,Compact,1,3,437874.0840999996,4404648.575200001,33.76289828173538,High
P1371,Zone1,Compact,1,2,439874.0840999996,4404648.575200001,34.6667128727031,High
P1375,Zone1,Compact,1,2,443874.0840999996,4404648.575200001,33.86277682044129,High
P1376,Zone1,Compact,1,2,444874.0840999996,4404648.575200001,33.78991822937743,High
P1380,Zone1,Compact,1,2,448874.0840999996,4404648.575200001,34.27472016044737,High
P1381,Zone1,Compact,1,2,449874.0840999996,4404648.575200001,34.61832639705852,High
P1390,Zone1,Compact,1,2,458874.0840999996,4404648.575200001,34.7371104616471,High
P1392,Zone1,Compact,1,2,460874.0840999996,4404648.575200001,34.24805026266834,High
P1436,Zone1,Compact,1,2,437874.0840999996,4405648.575200001,33.17372325965851,Middle
P1439,Zone1,Compact,1,3,440874.0840999996,4405648.575200001,34.38181615328929,High
P1440,Zone1,Compact,1,3,441874.0840999996,4405648.575200001,34.3686474962936,High
P1441,Zone1,Compact,1,2,442874.0840999996,4405648.575200001,34.35164200351125,High
P1442,Zone1,Compact,1,3,443874.0840999996,4405648.575200001,34.23721534701551,High
P1444,Zone1,Compact,1,2,445874.0840999996,4405648.575200001,34.11101167851087,High
P1445,Zone1,Compact,1,3,446874.0840999996,4405648.575200001,34.31139247513388,High
P1446,Zone1,Compact,1,2,447874.0840999996,4405648.575200001,34.57972253563269,High
P1447,Zone1,Compact,1,2,448874.0840999996,4405648.575200001,35.06123703114382,High
P1448,Zone1,Compact,1,2,449874.0840999996,4405648.575200001,35.04764060021967,High
P1450,Zone1,Compact,1,2,451874.0840999996,4405648.575200001,34.38552585511706,High
P1451,Zone1,Compact,1,2,452874.0840999996,4405648.575200001,33.76511506841074,High
P1454,Zone1,Compact,1,2,455874.0840999996,4405648.575200001,33.46139135029087,Middle
P1456,Zone1,Compact,1,2,457874.0840999996,4405648.575200001,34.36056596732356,High
P1497,Zone1,Compact,1,2,426874.0840999996,4406648.575200001,33.29349071923733,Middle
P1498,Zone1,Compact,1,2,427874.0840999996,4406648.575200001,33.43453556266354,Middle
P1508,Zone1,Compact,1,2,442874.0840999996,4406648.575200001,35.06498450392174,High
P1509,Zone1,Compact,1,3,443874.0840999996,4406648.575200001,34.41333407214708,High
P1511,Zone1,Compact,1,2,445874.0840999996,4406648.575200001,33.8826219076423,High
P1513,Zone1,Compact,1,2,447874.0840999996,4406648.575200001,34.70955012244529,High
P1514,Zone1,Compact,1,2,448874.0840999996,4406648.575200001,34.47415437379296,High
P1515,Zone1,Compact,1,2,449874.0840999996,4406648.575200001,33.98574422702721,High
P1517,Zone1,Compact,1,2,451874.0840999996,4406648.575200001,33.76213526368144,High
P1518,Zone1,Compact,1,2,452874.0840999996,4406648.575200001,33.61526257005266,High
P1524,Zone1,Compact,1,2,458874.0840999996,4406648.575200001,34.793041697059,High
P1526,Zone1,Compact,1,2,460874.0840999996,4406648.575200001,35.20230927476469,High
P1527,Zone1,Compact,1,2,461874.0840999996,4406648.575200001,34.29841913116377,High
P1566,Zone1,Compact,1,2,429874.0840999996,4407648.575200001,33.83349558039479,High
P1568,Zone1,Compact,1,3,431874.0840999996,4407648.575200001,32.97491959085636,Middle
P1570,Zone1,Compact,1,3,436874.0840999996,4407648.575200001,34.2608712665282,High
P1576,Zone1,Compact,1,2,442874.0840999996,4407648.575200001,35.22149778630189,High
P1582,Zone1,Compact,1,2,448874.0840999996,4407648.575200001,34.30173061355573,High
P1583,Zone1,Compact,1,2,449874.0840999996,4407648.575200001,33.67179530359249,High
P1592,Zone1,Compact,1,2,458874.0840999996,4407648.575200001,34.20279232821045,High
P1593,Zone1,Compact,1,2,459874.0840999996,4407648.575200001,34.10671578109459,High
P1635,Zone1,Compact,1,2,430874.0840999996,4408648.575200001,34.50184055253398,High
P1636,Zone1,Compact,1,2,431874.0840999996,4408648.575200001,34.09534819834413,High
P1639,Zone1,Compact,1,3,436874.0840999996,4408648.575200001,34.59563239170811,High
P1640,Zone1,Compact,1,2,437874.0840999996,4408648.575200001,34.24133486957911,High
P1644,Zone1,Compact,1,3,441874.0840999996,4408648.575200001,35.4497576627637,High
P1645,Zone1,Compact,1,2,442874.0840999996,4408648.575200001,35.30377286504966,High
P1650,Zone1,Compact,1,2,447874.0840999996,4408648.575200001,34.51147325651195,High
P1651,Zone1,Compact,1,3,448874.0840999996,4408648.575200001,34.34527249234914,High
P1652,Zone1,Compact,1,2,449874.0840999996,4408648.575200001,34.20242517539376,High
P1659,Zone1,Compact,1,2,456874.0840999996,4408648.575200001,34.15972153934566,High
P1660,Zone1,Compact,1,3,457874.0840999996,4408648.575200001,34.2857025764221,High
P1662,Zone1,Compact,1,3,459874.0840999996,4408648.575200001,33.79154834529012,High
P1667,Zone1,Compact,1,3,464874.0840999996,4408648.575200001,32.2599646795338,Middle
P1708,Zone1,Compact,1,3,435874.0840999996,4409648.575200001,34.76545302282773,High
P1709,Zone1,Compact,1,3,436874.0840999996,4409648.575200001,34.652320116102,High
P1710,Zone1,Compact,1,2,437874.0840999996,4409648.575200001,34.64776528674152,High
P1711,Zone1,Compact,1,2,438874.0840999996,4409648.575200001,34.73666398125967,High
P1712,Zone1,Compact,1,2,439874.0840999996,4409648.575200001,34.99074632471799,High
P1713,Zone1,Compact,1,2,440874.0840999996,4409648.575200001,35.51015754893702,High
P1714,Zone1,Compact,1,2,441874.0840999996,4409648.575200001,35.81298251047112,High
P1715,Zone1,Compact,1,2,442874.0840999996,4409648.575200001,35.747241827917,High
P1717,Zone1,Compact,1,2,444874.0840999996,4409648.575200001,35.58001983780566,High
P1718,Zone1,Compact,1,1,445874.0840999996,4409648.575200001,35.51518191393423,High
P1719,Zone1,Compact,1,1,446874.0840999996,4409648.575200001,35.63602498484268,High
P1720,Zone1,Compact,1,2,447874.0840999996,4409648.575200001,35.51975330914641,High
P1721,Zone1,Compact,1,2,448874.0840999996,4409648.575200001,35.22345955421397,High
P1723,Zone1,Compact,1,2,450874.0840999996,4409648.575200001,35.61173668002448,High
P1724,Zone1,Compact,1,2,451874.0840999996,4409648.575200001,35.9446018174133,High
P1725,Zone1,Compact,1,2,452874.0840999996,4409648.575200001,35.66281432124386,High
P1726,Zone1,Compact,1,2,453874.0840999996,4409648.575200001,35.08489694205036,High
P1728,Zone1,Compact,1,3,455874.0840999996,4409648.575200001,33.93578388351234,High
P1729,Zone1,Compact,1,3,456874.0840999996,4409648.575200001,34.21406410006684,High
P1730,Zone1,Compact,1,3,457874.0840999996,4409648.575200001,34.58494496058591,High
P1731,Zone1,Compact,1,3,458874.0840999996,4409648.575200001,34.65893223197207,High
P1732,Zone1,Compact,1,3,459874.0840999996,4409648.575200001,34.09085111796048,High
P1736,Zone1,Compact,1,3,463874.0840999996,4409648.575200001,33.35198576842919,Middle
P1737,Zone1,Compact,1,3,464874.0840999996,4409648.575200001,33.16749183518041,Middle
P1775,Zone1,Compact,1,2,433874.0840999996,4410648.575200001,34.98614537565338,High
P1776,Zone1,Compact,1,3,434874.0840999996,4410648.575200001,35.38361939368291,High
P1777,Zone1,Compact,1,3,435874.0840999996,4410648.575200001,35.22010690420016,High
P1778,Zone1,Compact,1,3,436874.0840999996,4410648.575200001,35.48567507946269,High
P1779,Zone1,Compact,1,2,437874.0840999996,4410648.575200001,35.37856494819702,High
P1780,Zone1,Compact,1,2,438874.0840999996,4410648.575200001,35.47094088310869,High
P1781,Zone1,Compact,1,2,439874.0840999996,4410648.575200001,35.34775885397216,High
P1782,Zone1,Compact,1,2,440874.0840999996,4410648.575200001,35.57385529050964,High
P1783,Zone1,Compact,1,2,441874.0840999996,4410648.575200001,35.8488786784543,High
P1784,Zone1,Compact,1,2,442874.0840999996,4410648.575200001,35.82606197337726,High
P1786,Zone1,Compact,1,1,444874.0840999996,4410648.575200001,35.4500173290777,High
P1787,Zone1,Compact,1,2,445874.0840999996,4410648.575200001,35.62415522879704,High
P1788,Zone1,Compact,1,2,446874.0840999996,4410648.575200001,35.83312198356424,High
P1789,Zone1,Compact,1,2,447874.0840999996,4410648.575200001,35.99255373045629,High
P1790,Zone1,Compact,1,2,448874.0840999996,4410648.575200001,35.89940438061272,High
P1791,Zone1,Compact,1,2,449874.0840999996,4410648.575200001,35.85788594987055,High
P1792,Zone1,Compact,1,2,450874.0840999996,4410648.575200001,36.05778072701397,High
P1793,Zone1,Compact,1,2,451874.0840999996,4410648.575200001,35.9614984150972,High
P1795,Zone1,Compact,1,2,453874.0840999996,4410648.575200001,35.10096657739848,High
P1797,Zone1,Compact,1,3,455874.0840999996,4410648.575200001,34.27731451879812,High
P1798,Zone1,Compact,1,3,456874.0840999996,4410648.575200001,34.23664674861171,High
P1799,Zone1,Compact,1,3,457874.0840999996,4410648.575200001,34.69611655173664,High
P1800,Zone1,Compact,1,3,458874.0840999996,4410648.575200001,35.23167666849276,High
P1801,Zone1,Compact,1,3,459874.0840999996,4410648.575200001,34.77125905911737,High
P1804,Zone1,Compact,1,3,462874.0840999996,4410648.575200001,33.363851773098,Middle
P1839,Zone1,Compact,1,2,430874.0840999996,4411648.575200001,34.40098626760737,High
P1842,Zone1,Compact,1,2,433874.0840999996,4411648.575200001,35.20453591982538,High
P1843,Zone1,Compact,1,3,434874.0840999996,4411648.575200001,35.66158988594441,High
P1844,Zone1,Compact,1,2,435874.0840999996,4411648.575200001,35.67385956408623,High
P1845,Zone1,Compact,1,2,436874.0840999996,4411648.575200001,35.85589587637836,High
P1846,Zone1,Compact,1,2,437874.0840999996,4411648.575200001,35.89843732922439,High
P1847,Zone1,Compact,1,2,438874.0840999996,4411648.575200001,36.04651156780253,High
P1851,Zone1,Compact,1,2,442874.0840999996,4411648.575200001,35.14412750653965,High
P1855,Zone1,Compact,1,2,446874.0840999996,4411648.575200001,35.76961655205611,High
P1856,Zone1,Compact,1,1,447874.0840999996,4411648.575200001,36.31534900626351,High
P1857,Zone1,Compact,1,2,448874.0840999996,4411648.575200001,36.41957818761508,High
P1858,Zone1,Compact,1,2,449874.0840999996,4411648.575200001,36.06616642496025,High
P1859,Zone1,Compact,1,2,450874.0840999996,4411648.575200001,35.81389314969266,High
P1860,Zone1,Compact,1,2,451874.0840999996,4411648.575200001,35.45247661301951,High
P1861,Zone1,Compact,1,3,452874.0840999996,4411648.575200001,35.01584166636742,High
P1862,Zone1,Compact,1,2,453874.0840999996,4411648.575200001,35.39787784982696,High
P1863,Zone1,Compact,1,2,454874.0840999996,4411648.575200001,35.19121587745593,High
P1864,Zone1,Compact,1,3,455874.0840999996,4411648.575200001,34.68553500910725,High
P1865,Zone1,Compact,1,2,456874.0840999996,4411648.575200001,34.40151051721524,High
P1866,Zone1,Compact,1,2,457874.0840999996,4411648.575200001,34.49568343226187,High
P1867,Zone1,Compact,1,2,458874.0840999996,4411648.575200001,35.17720995558451,High
P1871,Zone1,Compact,1,2,462874.0840999996,4411648.575200001,34.01101868732654,High
P1873,Zone1,Compact,1,3,464874.0840999996,4411648.575200001,33.67229821016528,High
P1884,Zone1,Compact,1,3,475874.0840999996,4411648.575200001,32.87995416070962,Middle
P1909,Zone1,Compact,1,2,436874.0840999996,4412648.575200001,35.82894871372089,High
P1910,Zone1,Compact,1,2,437874.0840999996,4412648.575200001,36.02018534128212,High
P1911,Zone1,Compact,1,2,438874.0840999996,4412648.575200001,36.03914632089678,High
P1917,Zone1,Compact,1,2,444874.0840999996,4412648.575200001,35.13331137015534,High
P1920,Zone1,Compact,1,2,447874.0840999996,4412648.575200001,35.97018987241294,High
P1921,Zone1,Compact,1,2,448874.0840999996,4412648.575200001,36.20093384888107,High
P1922,Zone1,Compact,1,2,449874.0840999996,4412648.575200001,35.81198227385487,High
P1923,Zone1,Compact,1,1,450874.0840999996,4412648.575200001,35.58962019482674,High
P1924,Zone1,Compact,1,2,451874.0840999996,4412648.575200001,35.25023836722998,High
P1925,Zone1,Compact,1,2,452874.0840999996,4412648.575200001,35.28723026804831,High
P1926,Zone1,Compact,1,2,453874.0840999996,4412648.575200001,35.62005081171438,High
P1927,Zone1,Compact,1,2,454874.0840999996,4412648.575200001,35.46311459765729,High
P1930,Zone1,Compact,1,2,457874.0840999996,4412648.575200001,34.81898523017909,High
P1931,Zone1,Compact,1,2,458874.0840999996,4412648.575200001,35.31371412503693,High
P1932,Zone1,Compact,1,2,459874.0840999996,4412648.575200001,35.64799935488697,High
P1933,Zone1,Compact,1,2,460874.0840999996,4412648.575200001,35.54078821522212,High
P1934,Zone1,Compact,1,2,461874.0840999996,4412648.575200001,35.11969246573953,High
P1970,Zone1,Compact,1,2,437874.0840999996,4413648.575200001,35.62741727015174,High
P1971,Zone1,Compact,1,2,438874.0840999996,4413648.575200001,35.61733954290664,High
P1973,Zone1,Compact,1,2,440874.0840999996,4413648.575200001,34.90600656324983,High
P1976,Zone1,Compact,1,2,443874.0840999996,4413648.575200001,35.0711020137384,High
P1977,Zone1,Compact,1,2,444874.0840999996,4413648.575200001,35.5747975742907,High
P1978,Zone1,Compact,1,2,445874.0840999996,4413648.575200001,35.71854097185621,High
P1981,Zone1,Compact,1,2,448874.0840999996,4413648.575200001,35.4424243221976,High
P1984,Zone1,Compact,1,2,451874.0840999996,4413648.575200001,34.81020439363905,High
P1985,Zone1,Compact,1,1,452874.0840999996,4413648.575200001,35.27588715621186,High
P1986,Zone1,Compact,1,1,453874.0840999996,4413648.575200001,35.47787142361094,High
P1987,Zone1,Compact,1,2,454874.0840999996,4413648.575200001,35.31794978954257,High
P1989,Zone1,Compact,1,2,456874.0840999996,4413648.575200001,34.57462930062991,High
P1990,Zone1,Compact,1,2,457874.0840999996,4413648.575200001,34.70752165415479,High
P1994,Zone1,Compact,1,2,461874.0840999996,4413648.575200001,34.48776843630746,High
P2003,Zone1,Compact,1,2,470874.0840999996,4413648.575200001,33.83854464684504,High
P2020,Zone1,Compact,1,3,431874.0840999996,4414648.575200001,32.50958934302001,Middle
P2021,Zone1,Compact,1,3,432874.0840999996,4414648.575200001,33.41435831881328,Middle
P2022,Zone1,Compact,1,2,433874.0840999996,4414648.575200001,34.18386462397935,High
P2025,Zone1,Compact,1,2,436874.0840999996,4414648.575200001,35.29290324361524,High
P2026,Zone1,Compact,1,2,437874.0840999996,4414648.575200001,35.40838410288204,High
P2027,Zone1,Compact,1,3,438874.0840999996,4414648.575200001,35.3005187283747,High
P2028,Zone1,Compact,1,2,439874.0840999996,4414648.575200001,35.13109315251432,High
P2029,Zone1,Compact,1,1,440874.0840999996,4414648.575200001,35.2205952059668,High
P2030,Zone1,Compact,1,1,441874.0840999996,4414648.575200001,35.46891766607099,High
P2031,Zone1,Compact,1,2,442874.0840999996,4414648.575200001,35.5358545862923,High
P2032,Zone1,Compact,1,2,443874.0840999996,4414648.575200001,35.80854828487092,High
P2033,Zone1,Compact,1,2,444874.0840999996,4414648.575200001,36.06967688230667,High
P2034,Zone1,Compact,1,2,445874.0840999996,4414648.575200001,36.41588375091666,High
P2035,Zone1,Compact,1,2,446874.0840999996,4414648.575200001,36.05308713915271,High
P2036,Zone1,Compact,1,2,447874.0840999996,4414648.575200001,36.12331428296551,High
P2039,Zone1,Compact,1,2,450874.0840999996,4414648.575200001,34.3503087357616,High
P2041,Zone1,Compact,1,2,452874.0840999996,4414648.575200001,34.9779064830243,High
P2042,Zone1,Compact,1,1,453874.0840999996,4414648.575200001,35.40529174557356,High
P2043,Zone1,Compact,1,2,454874.0840999996,4414648.575200001,35.21307160874665,High
P2046,Zone1,Compact,1,3,457874.0840999996,4414648.575200001,34.59618372650608,High
P2048,Zone1,Compact,1,2,459874.0840999996,4414648.575200001,34.73165588792752,High
P2049,Zone1,Compact,1,2,460874.0840999996,4414648.575200001,34.54748741661102,High
P2053,Zone1,Compact,1,3,464874.0840999996,4414648.575200001,34.46774740260124,High
P2054,Zone1,Compact,1,2,465874.0840999996,4414648.575200001,34.57279601069973,High
P2072,Zone1,Compact,1,3,431874.0840999996,4415648.575200001,33.21351484069891,Middle
P2073,Zone1,Compact,1,2,432874.0840999996,4415648.575200001,34.10750035332438,High
P2074,Zone1,Compact,1,2,433874.0840999996,4415648.575200001,34.79241052945036,High
P2075,Zone1,Compact,1,2,434874.0840999996,4415648.575200001,35.21080428783099,High
P2076,Zone1,Compact,1,2,435874.0840999996,4415648.575200001,35.5614364230894,High
P2077,Zone1,Compact,1,2,436874.0840999996,4415648.575200001,35.67158570225268,High
P2078,Zone1,Compact,1,2,437874.0840999996,4415648.575200001,35.62694981583912,High
P2079,Zone1,Compact,1,2,438874.0840999996,4415648.575200001,35.66491900810817,High
P2080,Zone1,Compact,1,1,439874.0840999996,4415648.575200001,35.48438346047385,High
P2082,Zone1,Compact,1,1,441874.0840999996,4415648.575200001,35.76678111045172,High
P2084,Zone1,Compact,1,1,443874.0840999996,4415648.575200001,35.93157797903152,High
P2085,Zone1,Compact,1,2,444874.0840999996,4415648.575200001,35.99874673376821,High
P2086,Zone1,Compact,1,2,445874.0840999996,4415648.575200001,36.39673566736041,High
P2087,Zone1,Compact,1,2,446874.0840999996,4415648.575200001,36.57454982112696,High
P2088,Zone1,Compact,1,2,447874.0840999996,4415648.575200001,36.61412344361274,High
P2089,Zone1,Compact,1,2,448874.0840999996,4415648.575200001,35.32495266196025,High
P2090,Zone1,Compact,1,2,449874.0840999996,4415648.575200001,34.83919744127276,High
P2091,Zone1,Compact,1,2,450874.0840999996,4415648.575200001,34.7772846240496,High
P2092,Zone1,Compact,1,1,451874.0840999996,4415648.575200001,34.70953642220842,High
P2093,Zone1,Compact,1,2,452874.0840999996,4415648.575200001,34.79600747361948,High
P2094,Zone1,Compact,1,1,453874.0840999996,4415648.575200001,35.00061001130382,High
P2095,Zone1,Compact,1,1,454874.0840999996,4415648.575200001,34.92350588011494,High
P2096,Zone1,Compact,1,2,455874.0840999996,4415648.575200001,34.74765872392651,High
P2097,Zone1,Compact,1,1,456874.0840999996,4415648.575200001,34.69079986128423,High
P2098,Zone1,Compact,1,2,457874.0840999996,4415648.575200001,34.88799227110136,High
P2099,Zone1,Compact,1,2,458874.0840999996,4415648.575200001,35.15893536292057,High
P2100,Zone1,Compact,1,2,459874.0840999996,4415648.575200001,35.04631745648533,High
P2109,Zone1,Compact,1,2,468874.0840999996,4415648.575200001,34.05402204365345,High
P2110,Zone1,Compact,1,2,469874.0840999996,4415648.575200001,34.68905513558051,High
P2111,Zone1,Compact,1,2,470874.0840999996,4415648.575200001,35.05736283214037,High
P2112,Zone1,Compact,1,2,471874.0840999996,4415648.575200001,35.23372126912574,High
P2113,Zone1,Compact,1,2,472874.0840999996,4415648.575200001,34.99264572060954,High
P2120,Zone1,Compact,1,2,428874.0840999996,4416648.575200001,32.99894434630686,Middle
P2121,Zone1,Compact,1,3,429874.0840999996,4416648.575200001,33.69778982571799,High
P2122,Zone1,Compact,1,2,430874.0840999996,4416648.575200001,33.8317166437402,High
P2123,Zone1,Compact,1,2,431874.0840999996,4416648.575200001,33.96496488967853,High
P2127,Zone1,Compact,1,2,435874.0840999996,4416648.575200001,35.53801058998722,High
P2128,Zone1,Compact,1,2,436874.0840999996,4416648.575200001,35.74000254195555,High
P2129,Zone1,Compact,1,2,437874.0840999996,4416648.575200001,35.85720059416665,High
P2130,Zone1,Compact,1,2,438874.0840999996,4416648.575200001,35.90512521596884,High
P2131,Zone1,Compact,1,2,439874.0840999996,4416648.575200001,35.77063432645291,High
P2132,Zone1,Compact,1,2,440874.0840999996,4416648.575200001,35.70789249598349,High
P2133,Zone1,Compact,1,2,441874.0840999996,4416648.575200001,35.848062070802,High
P2134,Zone1,Compact,1,2,442874.0840999996,4416648.575200001,35.79190992709302,High
P2135,Zone1,Compact,1,2,443874.0840999996,4416648.575200001,35.78787948976657,High
P2136,Zone1,Compact,1,2,444874.0840999996,4416648.575200001,35.8303044792331,High
P2137,Zone1,Compact,1,2,445874.0840999996,4416648.575200001,36.14012808254728,High
P2138,Zone1,Compact,1,2,446874.0840999996,4416648.575200001,36.18753693696034,High
P2139,Zone1,Compact,1,2,447874.0840999996,4416648.575200001,36.03848363140946,High
P2140,Zone1,Compact,1,2,448874.0840999996,4416648.575200001,35.58030280156407,High
P2141,Zone1,Compact,1,1,449874.0840999996,4416648.575200001,35.3361398039363,High
P2142,Zone1,Compact,1,2,450874.0840999996,4416648.575200001,35.06956758791966,High
P2144,Zone1,Compact,1,1,452874.0840999996,4416648.575200001,34.64773552519053,High
P2145,Zone1,Compact,1,1,453874.0840999996,4416648.575200001,34.64978101808082,High
P2146,Zone1,Compact,1,2,454874.0840999996,4416648.575200001,34.64007877308499,High
P2147,Zone1,Compact,1,2,455874.0840999996,4416648.575200001,34.5894781848304,High
P2148,Zone1,Compact,1,2,456874.0840999996,4416648.575200001,34.73773377316309,High
P2149,Zone1,Compact,1,2,457874.0840999996,4416648.575200001,34.81719119748037,High
P2150,Zone1,Compact,1,2,458874.0840999996,4416648.575200001,35.13109048669915,High
P2151,Zone1,Compact,1,2,459874.0840999996,4416648.575200001,35.15522944289648,High
P2153,Zone1,Compact,1,2,461874.0840999996,4416648.575200001,34.42348899633443,High
P2154,Zone1,Compact,1,2,462874.0840999996,4416648.575200001,34.32360634869057,High
P2160,Zone1,Compact,1,2,468874.0840999996,4416648.575200001,34.7753825352115,High
P2161,Zone1,Compact,1,2,469874.0840999996,4416648.575200001,35.69916916902928,High
P2162,Zone1,Compact,1,2,470874.0840999996,4416648.575200001,36.04338712727913,High
P2163,Zone1,Compact,1,2,471874.0840999996,4416648.575200001,35.88058703715583,High
P2171,Zone1,Compact,1,2,427874.0840999996,4417648.575200001,32.6417339666363,Middle
P2173,Zone1,Compact,1,2,429874.0840999996,4417648.575200001,34.47021281481659,High
P2174,Zone1,Compact,1,2,430874.0840999996,4417648.575200001,34.84888704310319,High
P2176,Zone1,Compact,1,2,432874.0840999996,4417648.575200001,34.92536110933501,High
P2179,Zone1,Compact,1,2,435874.0840999996,4417648.575200001,35.23920977636137,High
P2180,Zone1,Compact,1,2,436874.0840999996,4417648.575200001,35.48744559774848,High
P2181,Zone1,Compact,1,1,437874.0840999996,4417648.575200001,35.70526090397451,High
P2182,Zone1,Compact,1,2,438874.0840999996,4417648.575200001,35.60028512807192,High
P2183,Zone1,Compact,1,2,439874.0840999996,4417648.575200001,35.35685589110041,High
P2184,Zone1,Compact,1,1,440874.0840999996,4417648.575200001,35.20378525058585,High
P2185,Zone1,Compact,1,1,441874.0840999996,4417648.575200001,35.40337662523427,High
P2186,Zone1,Compact,1,1,442874.0840999996,4417648.575200001,35.26108068440232,High
P2187,Zone1,Compact,1,1,443874.0840999996,4417648.575200001,35.35298050259003,High
P2188,Zone1,Compact,1,1,444874.0840999996,4417648.575200001,35.45049834727688,High
P2189,Zone1,Compact,1,1,445874.0840999996,4417648.575200001,35.57312542053768,High
P2191,Zone1,Compact,1,2,448874.0840999996,4417648.575200001,34.98760150738836,High
P2192,Zone1,Compact,1,1,449874.0840999996,4417648.575200001,35.26254924291952,High
P2193,Zone1,Compact,1,1,450874.0840999996,4417648.575200001,35.49716595107387,High
P2194,Zone1,Compact,1,2,451874.0840999996,4417648.575200001,35.26743123353389,High
P2195,Zone1,Compact,1,1,452874.0840999996,4417648.575200001,34.95908069966729,High
P2197,Zone1,Compact,1,1,454874.0840999996,4417648.575200001,34.72845012593486,High
P2200,Zone1,Compact,1,2,457874.0840999996,4417648.575200001,35.03497414687669,High
P2202,Zone1,Compact,1,2,459874.0840999996,4417648.575200001,35.21878619550102,High
P2203,Zone1,Compact,1,2,460874.0840999996,4417648.575200001,35.11576771339663,High
P2205,Zone1,Compact,1,2,462874.0840999996,4417648.575200001,34.97532382736703,High
P2206,Zone1,Compact,1,2,463874.0840999996,4417648.575200001,35.03917289913401,High
P2208,Zone1,Compact,1,2,465874.0840999996,4417648.575200001,34.70417418249383,High
P2211,Zone1,Compact,1,2,468874.0840999996,4417648.575200001,34.76632457419043,High
P2212,Zone1,Compact,1,2,469874.0840999996,4417648.575200001,35.38750045940673,High
P2213,Zone1,Compact,1,2,470874.0840999996,4417648.575200001,35.74425539612184,High
P2224,Zone1,Compact,1,2,427874.0840999996,4418648.575200001,33.33483276852979,Middle
P2225,Zone1,Compact,1,2,428874.0840999996,4418648.575200001,33.98055250290364,High
P2226,Zone1,Compact,1,2,429874.0840999996,4418648.575200001,34.52151432702214,High
P2227,Zone1,Compact,1,2,430874.0840999996,4418648.575200001,34.97107686235893,High
P2231,Zone1,Compact,1,2,435874.0840999996,4418648.575200001,35.01559199182276,High
P2232,Zone1,Compact,1,2,436874.0840999996,4418648.575200001,35.29338086923359,High
P2234,Zone1,Compact,1,2,438874.0840999996,4418648.575200001,35.45119930767642,High
P2235,Zone1,Compact,1,2,439874.0840999996,4418648.575200001,35.14996111006811,High
P2236,Zone1,Compact,1,2,442874.0840999996,4418648.575200001,34.74101744994356,High
P2237,Zone1,Compact,1,1,443874.0840999996,4418648.575200001,35.25013032551266,High
P2238,Zone1,Compact,1,1,444874.0840999996,4418648.575200001,35.43756395336582,High
P2239,Zone1,Compact,1,2,445874.0840999996,4418648.575200001,35.45983256726553,High
P2240,Zone1,Compact,1,2,447874.0840999996,4418648.575200001,35.16110765281282,High
P2241,Zone1,Compact,1,2,448874.0840999996,4418648.575200001,35.15284634053715,High
P2242,Zone1,Compact,1,2,449874.0840999996,4418648.575200001,35.45738713727408,High
P2243,Zone1,Compact,1,1,450874.0840999996,4418648.575200001,35.63017522922657,High
P2244,Zone1,Compact,1,2,451874.0840999996,4418648.575200001,35.44825591677588,High
P2245,Zone1,Compact,1,1,452874.0840999996,4418648.575200001,34.71440615029955,High
P2246,Zone1,Compact,1,1,453874.0840999996,4418648.575200001,34.47979574244298,High
P2247,Zone1,Compact,1,2,454874.0840999996,4418648.575200001,34.73412389655551,High
P2248,Zone1,Compact,1,1,455874.0840999996,4418648.575200001,34.97712581602807,High
P2249,Zone1,Compact,1,2,456874.0840999996,4418648.575200001,35.08161882553836,High
P2250,Zone1,Compact,1,2,457874.0840999996,4418648.575200001,35.0075824630495,High
P2251,Zone1,Compact,1,2,458874.0840999996,4418648.575200001,34.90291307994568,High
P2252,Zone1,Compact,1,2,459874.0840999996,4418648.575200001,34.62827565968852,High
P2253,Zone1,Compact,1,2,460874.0840999996,4418648.575200001,34.71207308666023,High
P2254,Zone1,Compact,1,2,461874.0840999996,4418648.575200001,35.34655436990882,High
P2256,Zone1,Compact,1,2,463874.0840999996,4418648.575200001,35.27209433096487,High
P2257,Zone1,Compact,1,2,464874.0840999996,4418648.575200001,35.12166855647274,High
P2261,Zone1,Compact,1,2,468874.0840999996,4418648.575200001,33.75443974038892,High
P2274,Zone1,Compact,1,2,427874.0840999996,4419648.575200001,33.25038902778751,Middle
P2275,Zone1,Compact,1,2,428874.0840999996,4419648.575200001,33.4477519051531,Middle
P2277,Zone1,Compact,1,2,430874.0840999996,4419648.575200001,34.27578411214174,High
P2282,Zone1,Compact,1,2,435874.0840999996,4419648.575200001,34.76681773356817,High
P2283,Zone1,Compact,1,2,436874.0840999996,4419648.575200001,35.11692825532635,High
P2284,Zone1,Compact,1,2,437874.0840999996,4419648.575200001,35.32226456338392,High
P2285,Zone1,Compact,1,2,438874.0840999996,4419648.575200001,35.27107971014583,High
P2286,Zone1,Compact,1,2,439874.0840999996,4419648.575200001,35.09358579428759,High
P2287,Zone1,Compact,1,2,440874.0840999996,4419648.575200001,35.09136021363027,High
P2288,Zone1,Compact,1,2,441874.0840999996,4419648.575200001,34.66508749358442,High
P2289,Zone1,Compact,1,2,442874.0840999996,4419648.575200001,35.1286371527482,High
P2290,Zone1,Compact,1,1,443874.0840999996,4419648.575200001,35.78727419974602,High
P2291,Zone1,Compact,1,2,444874.0840999996,4419648.575200001,36.13251247349866,High
P2292,Zone1,Compact,1,2,445874.0840999996,4419648.575200001,35.97675980295185,High
P2293,Zone1,Compact,1,2,447874.0840999996,4419648.575200001,35.88867136334577,High
P2294,Zone1,Compact,1,2,448874.0840999996,4419648.575200001,36.41870618160117,High
P2295,Zone1,Compact,1,2,449874.0840999996,4419648.575200001,36.32112607609042,High
P2296,Zone1,Compact,1,1,450874.0840999996,4419648.575200001,35.63651030878398,High
P2297,Zone1,Compact,1,1,451874.0840999996,4419648.575200001,35.45402674358719,High
P2298,Zone1,Compact,1,2,452874.0840999996,4419648.575200001,34.92455826305795,High
P2299,Zone1,Compact,1,2,453874.0840999996,4419648.575200001,34.79673549723007,High
P2300,Zone1,Compact,1,2,454874.0840999996,4419648.575200001,34.65037345095825,High
P2302,Zone1,Compact,1,1,456874.0840999996,4419648.575200001,34.82684138381307,High
P2305,Zone1,Compact,1,3,459874.0840999996,4419648.575200001,33.77995307116554,High
P2309,Zone1,Compact,1,2,463874.0840999996,4419648.575200001,33.98625541386357,High
P2328,Zone1,Compact,1,2,427874.0840999996,4420648.575200001,32.48418066106257,Middle
P2330,Zone1,Compact,1,2,429874.0840999996,4420648.575200001,33.55064048788214,High
P2331,Zone1,Compact,1,2,430874.0840999996,4420648.575200001,33.5751196625373,High
P2332,Zone1,Compact,1,2,431874.0840999996,4420648.575200001,33.37882736568547,Middle
P2333,Zone1,Compact,1,3,432874.0840999996,4420648.575200001,33.34186277750414,Middle
P2336,Zone1,Compact,1,2,435874.0840999996,4420648.575200001,34.29559027375226,High
P2337,Zone1,Compact,1,2,436874.0840999996,4420648.575200001,34.72385532223231,High
P2338,Zone1,Compact,1,2,437874.0840999996,4420648.575200001,34.93380888548265,High
P2339,Zone1,Compact,1,2,438874.0840999996,4420648.575200001,34.8620665026337,High
P2340,Zone1,Compact,1,2,439874.0840999996,4420648.575200001,34.84294702040045,High
P2341,Zone1,Compact,1,2,440874.0840999996,4420648.575200001,34.87332674324706,High
P2342,Zone1,Compact,1,1,441874.0840999996,4420648.575200001,35.24369773935257,High
P2343,Zone1,Compact,1,2,442874.0840999996,4420648.575200001,35.69117835052288,High
P2344,Zone1,Compact,1,1,443874.0840999996,4420648.575200001,36.11459157345471,High
P2345,Zone1,Compact,1,2,444874.0840999996,4420648.575200001,36.44397522776555,High
P2346,Zone1,Compact,1,2,445874.0840999996,4420648.575200001,36.35033946126318,High
P2347,Zone1,Compact,1,2,446874.0840999996,4420648.575200001,36.10095815606503,High
P2348,Zone1,Compact,1,2,447874.0840999996,4420648.575200001,36.22690569586623,High
P2349,Zone1,Compact,1,2,448874.0840999996,4420648.575200001,36.3387926462588,High
P2350,Zone1,Compact,1,2,449874.0840999996,4420648.575200001,36.1562400744592,High
P2351,Zone1,Compact,1,1,450874.0840999996,4420648.575200001,35.51950594322663,High
P2352,Zone1,Compact,1,2,451874.0840999996,4420648.575200001,35.02533174172162,High
P2353,Zone1,Compact,1,2,452874.0840999996,4420648.575200001,34.78752823758859,High
P2360,Zone1,Compact,1,3,459874.0840999996,4420648.575200001,33.78532407666361,High
P2362,Zone1,Compact,1,3,461874.0840999996,4420648.575200001,33.07904048439531,Middle
P2363,Zone1,Compact,1,3,462874.0840999996,4420648.575200001,32.95844652873546,Middle
P2372,Zone1,Compact,1,2,471874.0840999996,4420648.575200001,33.69394668913588,High
P2388,Zone1,Compact,1,2,430874.0840999996,4421648.575200001,32.89685181608218,Middle
P2389,Zone1,Compact,1,2,431874.0840999996,4421648.575200001,33.07975987408133,Middle
P2393,Zone1,Compact,1,2,435874.0840999996,4421648.575200001,33.8728656883607,High
P2394,Zone1,Compact,1,2,436874.0840999996,4421648.575200001,34.45837328010252,High
P2397,Zone1,Compact,1,1,439874.0840999996,4421648.575200001,34.88585373365656,High
P2399,Zone1,Compact,1,2,441874.0840999996,4421648.575200001,35.42069900371929,High
P2400,Zone1,Compact,1,2,442874.0840999996,4421648.575200001,35.67922511241218,High
P2401,Zone1,Compact,1,2,443874.0840999996,4421648.575200001,35.89287314415152,High
P2402,Zone1,Compact,1,2,444874.0840999996,4421648.575200001,36.0971116560825,High
P2403,Zone1,Compact,1,2,445874.0840999996,4421648.575200001,35.97141748663297,High
P2404,Zone1,Compact,1,2,446874.0840999996,4421648.575200001,35.78508751327331,High
P2405,Zone1,Compact,1,2,447874.0840999996,4421648.575200001,35.8815775585159,High
P2406,Zone1,Compact,1,2,448874.0840999996,4421648.575200001,35.79328039435629,High
P2407,Zone1,Compact,1,2,449874.0840999996,4421648.575200001,35.52888368331566,High
P2410,Zone1,Compact,1,2,452874.0840999996,4421648.575200001,34.75069547644473,High
P2418,Zone1,Compact,1,2,460874.0840999996,4421648.575200001,33.52580052997389,High
P2432,Zone1,Compact,1,2,475874.0840999996,4421648.575200001,33.88262039822901,High
P2446,Zone1,Compact,1,2,433874.0840999996,4422648.575200001,33.52582361889166,High
P2448,Zone1,Compact,1,2,435874.0840999996,4422648.575200001,34.03139043213541,High
P2452,Zone1,Compact,1,2,439874.0840999996,4422648.575200001,34.8678191340419,High
P2453,Zone1,Compact,1,2,440874.0840999996,4422648.575200001,35.21321024963267,High
P2454,Zone1,Compact,1,2,441874.0840999996,4422648.575200001,35.55052089499005,High
P2455,Zone1,Compact,1,2,442874.0840999996,4422648.575200001,35.69849923932595,High
P2456,Zone1,Compact,1,2,443874.0840999996,4422648.575200001,35.86391799870745,High
P2457,Zone1,Compact,1,2,444874.0840999996,4422648.575200001,36.02212208183197,High
P2458,Zone1,Compact,1,2,445874.0840999996,4422648.575200001,35.86427682561749,High
P2459,Zone1,Compact,1,2,446874.0840999996,4422648.575200001,35.79008699042556,High
P2460,Zone1,Compact,1,2,447874.0840999996,4422648.575200001,35.79624225151997,High
P2461,Zone1,Compact,1,2,448874.0840999996,4422648.575200001,35.51121677618422,High
P2462,Zone1,Compact,1,2,449874.0840999996,4422648.575200001,35.49933297711346,High
P2463,Zone1,Compact,1,2,450874.0840999996,4422648.575200001,35.44233086749401,High
P2464,Zone1,Compact,1,2,451874.0840999996,4422648.575200001,35.1692445906349,High
P2466,Zone1,Compact,1,1,453874.0840999996,4422648.575200001,34.064864218604,High
P2469,Zone1,Compact,1,2,456874.0840999996,4422648.575200001,33.89931387263529,High
P2471,Zone1,Compact,1,2,458874.0840999996,4422648.575200001,34.15433099272048,High
P2498,Zone1,Compact,1,2,431874.0840999996,4423648.575200001,31.70516540428671,Middle
P2506,Zone1,Compact,1,1,439874.0840999996,4423648.575200001,34.49738076342756,High
P2507,Zone1,Compact,1,2,440874.0840999996,4423648.575200001,34.98749882951863,High
P2508,Zone1,Compact,1,2,441874.0840999996,4423648.575200001,35.67453099926953,High
P2509,Zone1,Compact,1,2,442874.0840999996,4423648.575200001,35.76613053598698,High
P2510,Zone1,Compact,1,2,443874.0840999996,4423648.575200001,35.89421612386494,High
P2511,Zone1,Compact,1,2,444874.0840999996,4423648.575200001,36.03531730582607,High
P2512,Zone1,Compact,1,2,445874.0840999996,4423648.575200001,35.96459016056627,High
P2513,Zone1,Compact,1,1,446874.0840999996,4423648.575200001,35.89257397401326,High
P2514,Zone1,Compact,1,2,447874.0840999996,4423648.575200001,35.87754946699491,High
P2515,Zone1,Compact,1,2,448874.0840999996,4423648.575200001,35.87526004791047,High
P2516,Zone1,Compact,1,2,449874.0840999996,4423648.575200001,35.74162897573598,High
P2517,Zone1,Compact,1,2,450874.0840999996,4423648.575200001,35.3668156765316,High
P2518,Zone1,Compact,1,2,451874.0840999996,4423648.575200001,34.86360106741127,High
P2522,Zone1,Compact,1,2,455874.0840999996,4423648.575200001,33.8024708030393,High
P2523,Zone1,Compact,1,2,456874.0840999996,4423648.575200001,33.93121038172683,High
P2526,Zone1,Compact,1,2,459874.0840999996,4423648.575200001,33.60409196799318,High
P2527,Zone1,Compact,1,2,460874.0840999996,4423648.575200001,33.41629747100249,Middle
P2556,Zone1,Compact,1,2,435874.0840999996,4424648.575200001,33.37329410596836,Middle
P2560,Zone1,Compact,1,2,439874.0840999996,4424648.575200001,34.11368318441587,High
P2561,Zone1,Compact,1,2,440874.0840999996,4424648.575200001,34.88894667612404,High
P2562,Zone1,Compact,1,2,441874.0840999996,4424648.575200001,35.68376021206246,High
P2563,Zone1,Compact,1,2,442874.0840999996,4424648.575200001,35.75593798666509,High
P2564,Zone1,Compact,1,2,443874.0840999996,4424648.575200001,35.77384388397829,High
P2565,Zone1,Compact,1,2,444874.0840999996,4424648.575200001,35.77060173860767,High
P2566,Zone1,Compact,1,1,445874.0840999996,4424648.575200001,35.5977264576589,High
P2569,Zone1,Compact,1,1,448874.0840999996,4424648.575200001,35.56505526406919,High
P2570,Zone1,Compact,1,2,449874.0840999996,4424648.575200001,35.38970400128184,High
P2576,Zone1,Compact,1,2,455874.0840999996,4424648.575200001,34.53953377725736,High
P2577,Zone1,Compact,1,2,456874.0840999996,4424648.575200001,34.25832425474768,High
P2581,Zone1,Compact,1,2,460874.0840999996,4424648.575200001,33.01543256500499,Middle
P2588,Zone1,Compact,1,3,467874.0840999996,4424648.575200001,31.62193771927113,Middle
P2593,Zone1,Compact,1,3,472874.0840999996,4424648.575200001,31.56441836993544,Middle
P2612,Zone1,Compact,1,2,439874.0840999996,4425648.575200001,33.89438495405527,High
P2613,Zone1,Compact,1,1,440874.0840999996,4425648.575200001,34.75218895423681,High
P2614,Zone1,Compact,1,2,441874.0840999996,4425648.575200001,35.52095556427359,High
P2615,Zone1,Compact,1,2,442874.0840999996,4425648.575200001,35.63819730268383,High
P2616,Zone1,Compact,1,1,443874.0840999996,4425648.575200001,35.65998701367558,High
P2617,Zone1,Compact,1,2,444874.0840999996,4425648.575200001,35.58010437685149,High
P2618,Zone1,Compact,1,2,445874.0840999996,4425648.575200001,35.42408311136023,High
P2619,Zone1,Compact,1,2,446874.0840999996,4425648.575200001,35.19583359942943,High
P2621,Zone1,Compact,1,2,448874.0840999996,4425648.575200001,35.32606463111372,High
P2622,Zone1,Compact,1,2,449874.0840999996,4425648.575200001,35.29287814125335,High
P2623,Zone1,Compact,1,2,450874.0840999996,4425648.575200001,34.86042066289456,High
P2628,Zone1,Compact,1,2,455874.0840999996,4425648.575200001,35.18603214251259,High
P2629,Zone1,Compact,1,2,456874.0840999996,4425648.575200001,34.65395012864378,High
P2631,Zone1,Compact,1,3,458874.0840999996,4425648.575200001,32.79933797328972,Middle
P2665,Zone1,Compact,1,2,440874.0840999996,4426648.575200001,34.41376298083895,High
P2666,Zone1,Compact,1,2,441874.0840999996,4426648.575200001,35.05498908132571,High
P2667,Zone1,Compact,1,2,442874.0840999996,4426648.575200001,35.28996101103077,High
P2668,Zone1,Compact,1,2,443874.0840999996,4426648.575200001,35.38657197725198,High
P2669,Zone1,Compact,1,2,444874.0840999996,4426648.575200001,35.4441449803839,High
P2674,Zone1,Compact,1,1,449874.0840999996,4426648.575200001,34.96837653600221,High
P2675,Zone1,Compact,1,1,450874.0840999996,4426648.575200001,34.50646509708553,High
P2677,Zone1,Compact,1,2,452874.0840999996,4426648.575200001,33.85583636299132,High
P2678,Zone1,Compact,1,1,453874.0840999996,4426648.575200001,34.18132940828984,High
P2681,Zone1,Compact,1,2,456874.0840999996,4426648.575200001,34.82980373629252,High
P2682,Zone1,Compact,1,2,457874.0840999996,4426648.575200001,33.68584560280475,High
P2692,Zone1,Compact,1,2,467874.0840999996,4426648.575200001,31.77437005047134,Middle
P2713,Zone1,Compact,1,2,438874.0840999996,4427648.575200001,31.66303830342,Middle
P2716,Zone1,Compact,1,2,441874.0840999996,4427648.575200001,34.02380730032656,High
P2717,Zone1,Compact,1,2,442874.0840999996,4427648.575200001,34.84381531051808,High
P2718,Zone1,Compact,1,2,443874.0840999996,4427648.575200001,35.26129087836915,High
P2719,Zone1,Compact,1,2,444874.0840999996,4427648.575200001,35.2932703575358,High
P2720,Zone1,Compact,1,2,445874.0840999996,4427648.575200001,35.21044394598117,High
P2721,Zone1,Compact,1,1,446874.0840999996,4427648.575200001,35.12856982103503,High
P2723,Zone1,Compact,1,1,448874.0840999996,4427648.575200001,34.9553686247349,High
P2724,Zone1,Compact,1,1,449874.0840999996,4427648.575200001,34.69949888212375,High
P2725,Zone1,Compact,1,2,450874.0840999996,4427648.575200001,34.31580303915046,High
P2728,Zone1,Compact,1,1,453874.0840999996,4427648.575200001,33.44873499348531,Middle
P2732,Zone1,Compact,1,3,457874.0840999996,4427648.575200001,33.60117804230734,High
P2740,Zone1,Compact,1,3,465874.0840999996,4427648.575200001,32.22219370273712,Middle
P2761,Zone1,Compact,1,2,435874.0840999996,4428648.575200001,31.55339535938576,Middle
P2765,Zone1,Compact,1,2,441874.0840999996,4428648.575200001,33.28552719831411,Middle
P2767,Zone1,Compact,1,2,443874.0840999996,4428648.575200001,34.8659912469958,High
P2768,Zone1,Compact,1,2,444874.0840999996,4428648.575200001,34.93766936457502,High
P2769,Zone1,Compact,1,2,445874.0840999996,4428648.575200001,34.79424901203474,High
P2780,Zone1,Compact,1,2,456874.0840999996,4428648.575200001,33.542344422966,High
P2786,Zone1,Compact,1,3,462874.0840999996,4428648.575200001,33.1007515414056,Middle
P2787,Zone1,Compact,1,3,463874.0840999996,4428648.575200001,33.08794544451235,Middle
P2811,Zone1,Compact,1,2,436874.0840999996,4429648.575200001,32.48251561309657,Middle
P2820,Zone1,Compact,1,2,445874.0840999996,4429648.575200001,34.29909945596236,High
P2830,Zone1,Compact,1,3,456874.0840999996,4429648.575200001,33.1436101178464,Middle
P2861,Zone1,Compact,1,2,436874.0840999996,4430648.575200001,32.81702363554314,Middle
P2862,Zone1,Compact,1,2,437874.0840999996,4430648.575200001,33.84751533896547,High
P2863,Zone1,Compact,1,2,438874.0840999996,4430648.575200001,33.77026567872625,High
P2864,Zone1,Compact,1,2,439874.0840999996,4430648.575200001,33.41368595151302,Middle
P2865,Zone1,Compact,1,2,440874.0840999996,4430648.575200001,33.3812798788929,Middle
P2866,Zone1,Compact,1,3,441874.0840999996,4430648.575200001,33.81130452048745,High
P2874,Zone1,Compact,1,2,449874.0840999996,4430648.575200001,32.45639757686296,Middle
P2875,Zone1,Compact,1,2,450874.0840999996,4430648.575200001,33.35460807808955,Middle
P2876,Zone1,Compact,1,2,451874.0840999996,4430648.575200001,33.6615509863851,High
P2877,Zone1,Compact,1,2,452874.0840999996,4430648.575200001,33.53634764195279,High
P2891,Zone1,Compact,1,2,467874.0840999996,4430648.575200001,30.9606080288836,Low
P2914,Zone1,Compact,1,2,432874.0840999996,4431648.575200001,31.96485211785149,Middle
P2920,Zone1,Compact,1,2,438874.0840999996,4431648.575200001,34.13439964065879,High
P2921,Zone1,Compact,1,2,439874.0840999996,4431648.575200001,34.27136321432468,High
P2922,Zone1,Compact,1,2,440874.0840999996,4431648.575200001,34.68247891710359,High
P2923,Zone1,Compact,1,2,441874.0840999996,4431648.575200001,35.15684854097592,High
P2924,Zone1,Compact,1,2,442874.0840999996,4431648.575200001,35.08157727373946,High
P2925,Zone1,Compact,1,2,443874.0840999996,4431648.575200001,34.91482360853524,High
P2926,Zone1,Compact,1,2,444874.0840999996,4431648.575200001,34.26221280757271,High
P2927,Zone1,Compact,1,2,445874.0840999996,4431648.575200001,32.97984274217612,Middle
P2931,Zone1,Compact,1,2,449874.0840999996,4431648.575200001,33.09644384527574,Middle
P2933,Zone1,Compact,1,2,451874.0840999996,4431648.575200001,32.93914096115768,Middle
P2935,Zone1,Compact,1,3,453874.0840999996,4431648.575200001,32.62800998239588,Middle
P2939,Zone1,Compact,1,3,457874.0840999996,4431648.575200001,32.60350640875264,Middle
P2973,Zone1,Compact,1,2,429874.0840999996,4432648.575200001,32.42480298786214,Middle
P2979,Zone1,Compact,1,2,435874.0840999996,4432648.575200001,33.04960307960656,Middle
P2980,Zone1,Compact,1,2,436874.0840999996,4432648.575200001,33.04810494962371,Middle
P2981,Zone1,Compact,1,2,437874.0840999996,4432648.575200001,33.03074727309303,Middle
P2982,Zone1,Compact,1,2,438874.0840999996,4432648.575200001,33.8070926239494,High
P2983,Zone1,Compact,1,2,439874.0840999996,4432648.575200001,34.83045556310587,High
P2985,Zone1,Compact,1,2,441874.0840999996,4432648.575200001,35.59444282383046,High
P2986,Zone1,Compact,1,2,442874.0840999996,4432648.575200001,35.49454707874963,High
P2987,Zone1,Compact,1,2,443874.0840999996,4432648.575200001,34.91797609171368,High
P2988,Zone1,Compact,1,2,444874.0840999996,4432648.575200001,33.68677968401471,High
P2995,Zone1,Compact,1,3,453874.0840999996,4432648.575200001,32.28301310661458,Middle
P3006,Zone1,Compact,1,2,464874.0840999996,4432648.575200001,33.78608987183726,High
P3039,Zone1,Compact,1,2,434874.0840999996,4433648.575200001,32.99906861231229,Middle
P3040,Zone1,Compact,1,2,435874.0840999996,4433648.575200001,32.82595382616677,Middle
P3041,Zone1,Compact,1,2,436874.0840999996,4433648.575200001,32.61683654407654,Middle
P3045,Zone1,Compact,1,2,440874.0840999996,4433648.575200001,34.98185004035798,High
P3046,Zone1,Compact,1,2,441874.0840999996,4433648.575200001,35.43935900604527,High
P3047,Zone1,Compact,1,2,442874.0840999996,4433648.575200001,35.37062043687004,High
P3062,Zone1,Compact,1,2,461874.0840999996,4433648.575200001,32.46719525531558,Middle
P3110,Zone1,Compact,1,2,444874.0840999996,4434648.575200001,35.07799740238183,High
P3111,Zone1,Compact,1,2,445874.0840999996,4434648.575200001,34.14282759010118,High
P3123,Zone1,Compact,1,2,462874.0840999996,4434648.575200001,34.1151326962886,High
P3124,Zone1,Compact,1,2,463874.0840999996,4434648.575200001,35.14820553157981,High
P3127,Zone1,Compact,1,3,468874.0840999996,4434648.575200001,32.98772305193832,Middle
P3170,Zone1,Compact,1,1,435874.0840999996,4435648.575200001,33.14300736861673,Middle
P3172,Zone1,Compact,1,2,437874.0840999996,4435648.575200001,33.14261761203119,Middle
P3181,Zone1,Compact,1,2,460874.0840999996,4435648.575200001,33.42718753378841,Middle
P3183,Zone1,Compact,1,2,462874.0840999996,4435648.575200001,35.24701300775444,High
P3228,Zone1,Compact,1,2,433874.0840999996,4436648.575200001,33.138058837465,Middle
P3229,Zone1,Compact,1,1,434874.0840999996,4436648.575200001,33.23391032763917,Middle
P3230,Zone1,Compact,1,1,435874.0840999996,4436648.575200001,33.26245708615251,Middle
P3232,Zone1,Compact,1,2,437874.0840999996,4436648.575200001,33.79840745970832,High
P3253,Zone1,Compact,1,3,478874.0840999996,4436648.575200001,31.49956495818375,Middle
P3298,Zone1,Compact,1,2,460874.0840999996,4437648.575200001,34.14637943998927,High
P3302,Zone1,Compact,1,2,468874.0840999996,4437648.575200001,34.46281595791886,High
P3348,Zone1,Compact,1,3,456874.0840999996,4438648.575200001,32.42501620099839,Middle
P3352,Zone1,Compact,1,2,460874.0840999996,4438648.575200001,34.14755670133505,High
P3362,Zone1,Compact,1,2,472874.0840999996,4438648.575200001,34.69670332254006,High
P3363,Zone1,Compact,1,3,473874.0840999996,4438648.575200001,33.54032049686499,High
P3403,Zone1,Compact,1,2,460874.0840999996,4439648.575200001,33.7738385950237,High
P3411,Zone1,Compact,1,2,468874.0840999996,4439648.575200001,34.03362058164059,High
P3416,Zone1,Compact,1,3,473874.0840999996,4439648.575200001,34.03200794324523,High
P3465,Zone1,Compact,1,2,469874.0840999996,4440648.575200001,35.13796236433295,High
P3502,Zone1,Compact,1,2,464874.0840999996,4441648.575200001,33.73907665013237,High
P3507,Zone1,Compact,1,1,469874.0840999996,4441648.575200001,35.26200413088602,High
P3545,Zone1,Compact,1,3,461874.0840999996,4442648.575200001,32.68240988360704,Middle
P3546,Zone1,Compact,1,3,462874.0840999996,4442648.575200001,33.21333873855247,Middle
P3547,Zone1,Compact,1,2,463874.0840999996,4442648.575200001,33.41114150258251,Middle
P3549,Zone1,Compact,1,2,465874.0840999996,4442648.575200001,33.77863533298832,High
P3551,Zone1,Compact,1,2,467874.0840999996,4442648.575200001,34.48993704799877,High
P3553,Zone1,Compact,1,2,469874.0840999996,4442648.575200001,34.86538427851585,High
P3556,Zone1,Compact,1,3,473874.0840999996,4442648.575200001,32.29933249884518,Middle
P3557,Zone1,Compact,1,3,474874.0840999996,4442648.575200001,32.6795252765138,Middle
P3595,Zone1,Compact,1,3,466874.0840999996,4443648.575200001,33.82289373234038,High
P3606,Zone1,Compact,1,3,478874.0840999996,4443648.575200001,31.91016947608282,Middle
P3622,Zone1,Compact,1,3,494874.0840999996,4443648.575200001,30.62613893058112,Low
P3633,Zone1,Compact,1,3,461874.0840999996,4444648.575200001,32.13805873420859,Middle
P3638,Zone1,Compact,1,3,466874.0840999996,4444648.575200001,32.89931737581971,Middle
P3710,Zone1,Compact,1,3,456874.0840999996,4446648.575200001,32.81730945839075,Middle
P3760,Zone1,Compact,1,3,466874.0840999996,4447648.575200001,33.30471793558321,Middle
P3794,Zone1,Compact,1,3,461874.0840999996,4448648.575200001,31.37258344597572,Low
P3847,Zone1,Compact,1,3,476874.0840999996,4449648.575200001,33.47180261468456,High
P3908,Zone1,Compact,1,2,460874.0840999996,4451648.575200001,32.88959812364064,Middle
P3909,Zone1,Compact,1,3,461874.0840999996,4451648.575200001,33.2736875320526,Middle
P3918,Zone1,Compact,1,2,470874.0840999996,4451648.575200001,33.55877437566722,High
P13,Zone2,Open mid-/high-rise,2,5,443874.0840999996,4368648.575200001,31.30167099731351,Low
P25,Zone2,Open mid-/high-rise,2,5,445874.0840999996,4369648.575200001,32.41033842982353,Middle
P35,Zone2,Open mid-/high-rise,2,5,444874.0840999996,4370648.575200001,32.89163501664658,Middle
P36,Zone2,Open mid-/high-rise,2,5,445874.0840999996,4370648.575200001,33.07230681612756,Middle
P45,Zone2,Open mid-/high-rise,2,5,445874.0840999996,4371648.575200001,33.19441679248106,Middle
P52,Zone2,Open mid-/high-rise,2,5,441874.0840999996,4372648.575200001,32.24530332032971,Middle
P62,Zone2,Open mid-/high-rise,2,5,439874.0840999996,4373648.575200001,33.31719810127529,Middle
P63,Zone2,Open mid-/high-rise,2,5,440874.0840999996,4373648.575200001,33.15950239471339,Middle
P67,Zone2,Open mid-/high-rise,2,5,444874.0840999996,4373648.575200001,31.62394900612927,Middle
P73,Zone2,Open mid-/high-rise,2,5,439874.0840999996,4374648.575200001,33.06510998776034,Middle
P74,Zone2,Open mid-/high-rise,2,5,440874.0840999996,4374648.575200001,32.96627625300975,Middle
P75,Zone2,Open mid-/high-rise,2,5,441874.0840999996,4374648.575200001,32.20710462441261,Middle
P80,Zone2,Open mid-/high-rise,2,5,446874.0840999996,4374648.575200001,32.74981858980166,Middle
P87,Zone2,Open mid-/high-rise,2,5,441874.0840999996,4375648.575200001,31.84176396212457,Middle
P88,Zone2,Open mid-/high-rise,2,5,442874.0840999996,4375648.575200001,31.2428577296536,Low
P93,Zone2,Open mid-/high-rise,2,5,447874.0840999996,4375648.575200001,32.62260797393659,Middle
P94,Zone2,Open mid-/high-rise,2,5,448874.0840999996,4375648.575200001,32.867394067168156,Middle
P95,Zone2,Open mid-/high-rise,2,5,449874.0840999996,4375648.575200001,33.327205385571474,Middle
P96,Zone2,Open mid-/high-rise,2,5,450874.0840999996,4375648.575200001,33.68492056500727,High
P111,Zone2,Open mid-/high-rise,2,5,449874.0840999996,4376648.575200001,33.14786547847326,Middle
P112,Zone2,Open mid-/high-rise,2,5,450874.0840999996,4376648.575200001,33.02856616281615,Middle
P113,Zone2,Open mid-/high-rise,2,5,451874.0840999996,4376648.575200001,32.56725531819564,Middle
P129,Zone2,Open mid-/high-rise,2,5,448874.0840999996,4377648.575200001,32.39989826957716,Middle
P142,Zone2,Open mid-/high-rise,2,5,441874.0840999996,4378648.575200001,32.2915016641271,Middle
P153,Zone2,Open mid-/high-rise,2,5,452874.0840999996,4378648.575200001,31.88402885532826,Middle
P156,Zone2,Open mid-/high-rise,2,5,455874.0840999996,4378648.575200001,31.93152273343947,Middle
P161,Zone2,Open mid-/high-rise,2,5,437874.0840999996,4379648.575200001,32.05547177665848,Middle
P177,Zone2,Open mid-/high-rise,2,5,453874.0840999996,4379648.575200001,32.20694290166009,Middle
P200,Zone2,Open mid-/high-rise,2,5,452874.0840999996,4380648.575200001,31.66233100227814,Middle
P257,Zone2,Open mid-/high-rise,2,5,474874.0840999996,4382648.575200001,31.030155887033413,Low
P266,Zone2,Open mid-/high-rise,2,5,440874.0840999996,4383648.575200001,33.44236417672774,Middle
P285,Zone2,Open mid-/high-rise,2,5,459874.0840999996,4383648.575200001,30.69751655246337,Low
P296,Zone2,Open mid-/high-rise,2,5,438874.0840999996,4384648.575200001,32.39880921810236,Middle
P308,Zone2,Open mid-/high-rise,2,5,450874.0840999996,4384648.575200001,32.14460548187367,Middle
P309,Zone2,Open mid-/high-rise,2,5,451874.0840999996,4384648.575200001,31.86851641327911,Middle
P312,Zone2,Open mid-/high-rise,2,5,454874.0840999996,4384648.575200001,32.13632098865379,Middle
P320,Zone2,Open mid-/high-rise,2,5,466874.0840999996,4384648.575200001,32.23363626289151,Middle
P328,Zone2,Open mid-/high-rise,2,5,480874.0840999996,4384648.575200001,31.53332161751735,Middle
P336,Zone2,Open mid-/high-rise,2,5,439874.0840999996,4385648.575200001,33.24650714277325,Middle
P337,Zone2,Open mid-/high-rise,2,5,440874.0840999996,4385648.575200001,33.53269175494139,High
P338,Zone2,Open mid-/high-rise,2,5,441874.0840999996,4385648.575200001,33.38714629147594,Middle
P351,Zone2,Open mid-/high-rise,2,5,454874.0840999996,4385648.575200001,32.4426515571834,Middle
P353,Zone2,Open mid-/high-rise,2,5,456874.0840999996,4385648.575200001,32.38055083508738,Middle
P367,Zone2,Open mid-/high-rise,2,5,477874.0840999996,4385648.575200001,31.55277306848691,Middle
P373,Zone2,Open mid-/high-rise,2,5,483874.0840999996,4385648.575200001,30.19775844194499,Low
P382,Zone2,Open mid-/high-rise,2,5,439874.0840999996,4386648.575200001,32.46948278638214,Middle
P383,Zone2,Open mid-/high-rise,2,4,440874.0840999996,4386648.575200001,33.04872601594239,Middle
P384,Zone2,Open mid-/high-rise,2,5,441874.0840999996,4386648.575200001,33.2501790591451,Middle
P388,Zone2,Open mid-/high-rise,2,4,445874.0840999996,4386648.575200001,32.73171678345845,Middle
P391,Zone2,Open mid-/high-rise,2,5,448874.0840999996,4386648.575200001,32.49404821322671,Middle
P402,Zone2,Open mid-/high-rise,2,5,459874.0840999996,4386648.575200001,31.40124018788947,Low
P417,Zone2,Open mid-/high-rise,2,5,474874.0840999996,4386648.575200001,31.21285023847185,Low
P423,Zone2,Open mid-/high-rise,2,5,480874.0840999996,4386648.575200001,31.7029522004403,Middle
P433,Zone2,Open mid-/high-rise,2,5,439874.0840999996,4387648.575200001,32.12000332697028,Middle
P442,Zone2,Open mid-/high-rise,2,5,448874.0840999996,4387648.575200001,32.09617014038112,Middle
P469,Zone2,Open mid-/high-rise,2,5,475874.0840999996,4387648.575200001,31.05144567221823,Low
P474,Zone2,Open mid-/high-rise,2,5,480874.0840999996,4387648.575200001,31.82651681407838,Middle
P477,Zone2,Open mid-/high-rise,2,5,483874.0840999996,4387648.575200001,31.34451219823288,Low
P478,Zone2,Open mid-/high-rise,2,5,433874.0840999996,4388648.575200001,31.27166587519685,Low
P493,Zone2,Open mid-/high-rise,2,5,448874.0840999996,4388648.575200001,32.22188151954678,Middle
P496,Zone2,Open mid-/high-rise,2,5,451874.0840999996,4388648.575200001,31.74460235363983,Middle
P512,Zone2,Open mid-/high-rise,2,5,467874.0840999996,4388648.575200001,32.43212975573289,Middle
P513,Zone2,Open mid-/high-rise,2,4,468874.0840999996,4388648.575200001,32.4671807405598,Middle
P527,Zone2,Open mid-/high-rise,2,5,482874.0840999996,4388648.575200001,31.64397710243149,Middle
P538,Zone2,Open mid-/high-rise,2,5,440874.0840999996,4389648.575200001,32.05533753244682,Middle
P543,Zone2,Open mid-/high-rise,2,5,445874.0840999996,4389648.575200001,32.48133913860366,Middle
P565,Zone2,Open mid-/high-rise,2,5,467874.0840999996,4389648.575200001,32.76751642086726,Middle
P566,Zone2,Open mid-/high-rise,2,5,468874.0840999996,4389648.575200001,32.48045219978324,Middle
P568,Zone2,Open mid-/high-rise,2,5,470874.0840999996,4389648.575200001,32.39130147493446,Middle
P577,Zone2,Open mid-/high-rise,2,5,479874.0840999996,4389648.575200001,30.95679575941774,Low
P588,Zone2,Open mid-/high-rise,2,5,436874.0840999996,4390648.575200001,32.55883114080225,Middle
P589,Zone2,Open mid-/high-rise,2,5,437874.0840999996,4390648.575200001,32.91281104905348,Middle
P590,Zone2,Open mid-/high-rise,2,5,438874.0840999996,4390648.575200001,33.07700163790442,Middle
P592,Zone2,Open mid-/high-rise,2,5,440874.0840999996,4390648.575200001,32.89390305367386,Middle
P593,Zone2,Open mid-/high-rise,2,5,441874.0840999996,4390648.575200001,32.72490014470177,Middle
P619,Zone2,Open mid-/high-rise,2,5,467874.0840999996,4390648.575200001,32.41194571933519,Middle
P620,Zone2,Open mid-/high-rise,2,5,468874.0840999996,4390648.575200001,32.13135459493483,Middle
P630,Zone2,Open mid-/high-rise,2,5,478874.0840999996,4390648.575200001,30.98462924570459,Low
P640,Zone2,Open mid-/high-rise,2,5,436874.0840999996,4391648.575200001,32.36104493101261,Middle
P641,Zone2,Open mid-/high-rise,2,5,437874.0840999996,4391648.575200001,32.74184759203641,Middle
P642,Zone2,Open mid-/high-rise,2,5,438874.0840999996,4391648.575200001,33.04853647317663,Middle
P643,Zone2,Open mid-/high-rise,2,5,439874.0840999996,4391648.575200001,33.61549478282267,High
P644,Zone2,Open mid-/high-rise,2,5,440874.0840999996,4391648.575200001,33.82944874437159,High
P645,Zone2,Open mid-/high-rise,2,5,441874.0840999996,4391648.575200001,33.82323955326651,High
P648,Zone2,Open mid-/high-rise,2,5,444874.0840999996,4391648.575200001,33.96496887073356,High
P653,Zone2,Open mid-/high-rise,2,5,449874.0840999996,4391648.575200001,33.15461598770236,Middle
P662,Zone2,Open mid-/high-rise,2,5,458874.0840999996,4391648.575200001,32.2909527291396,Middle
P663,Zone2,Open mid-/high-rise,2,5,459874.0840999996,4391648.575200001,32.22117910424121,Middle
P685,Zone2,Open mid-/high-rise,2,5,481874.0840999996,4391648.575200001,32.02009633037392,Middle
P696,Zone2,Open mid-/high-rise,2,5,436874.0840999996,4392648.575200001,32.03003109546923,Middle
P697,Zone2,Open mid-/high-rise,2,5,437874.0840999996,4392648.575200001,32.50117754270348,Middle
P698,Zone2,Open mid-/high-rise,2,5,438874.0840999996,4392648.575200001,33.02063183271556,Middle
P700,Zone2,Open mid-/high-rise,2,5,440874.0840999996,4392648.575200001,34.06782102594989,High
P701,Zone2,Open mid-/high-rise,2,4,441874.0840999996,4392648.575200001,34.09845999422254,High
P703,Zone2,Open mid-/high-rise,2,5,443874.0840999996,4392648.575200001,34.85955616472825,High
P708,Zone2,Open mid-/high-rise,2,5,448874.0840999996,4392648.575200001,33.32396746578343,Middle
P709,Zone2,Open mid-/high-rise,2,5,449874.0840999996,4392648.575200001,33.00207916800024,Middle
P739,Zone2,Open mid-/high-rise,2,5,479874.0840999996,4392648.575200001,31.67562019519509,Middle
P740,Zone2,Open mid-/high-rise,2,5,480874.0840999996,4392648.575200001,31.7251643022244,Middle
P757,Zone2,Open mid-/high-rise,2,5,439874.0840999996,4393648.575200001,33.21740779011446,Middle
P758,Zone2,Open mid-/high-rise,2,5,440874.0840999996,4393648.575200001,33.81178199445507,High
P759,Zone2,Open mid-/high-rise,2,4,441874.0840999996,4393648.575200001,35.00418209410967,High
P765,Zone2,Open mid-/high-rise,2,5,447874.0840999996,4393648.575200001,32.89445514828505,Middle
P766,Zone2,Open mid-/high-rise,2,5,448874.0840999996,4393648.575200001,33.00050454660879,Middle
P773,Zone2,Open mid-/high-rise,2,5,455874.0840999996,4393648.575200001,32.27453950805118,Middle
P780,Zone2,Open mid-/high-rise,2,5,462874.0840999996,4393648.575200001,33.02562126117898,Middle
P813,Zone2,Open mid-/high-rise,2,5,438874.0840999996,4394648.575200001,32.56042167859486,Middle
P815,Zone2,Open mid-/high-rise,2,5,441874.0840999996,4394648.575200001,34.36730180550762,High
P816,Zone2,Open mid-/high-rise,2,5,442874.0840999996,4394648.575200001,35.28774985806886,High
P817,Zone2,Open mid-/high-rise,2,5,443874.0840999996,4394648.575200001,34.57960266937184,High
P822,Zone2,Open mid-/high-rise,2,5,448874.0840999996,4394648.575200001,32.91674861126805,Middle
P827,Zone2,Open mid-/high-rise,2,5,453874.0840999996,4394648.575200001,33.24860679881316,Middle
P838,Zone2,Open mid-/high-rise,2,5,464874.0840999996,4394648.575200001,32.57089797492887,Middle
P870,Zone2,Open mid-/high-rise,2,4,440874.0840999996,4395648.575200001,32.68730903194155,Middle
P871,Zone2,Open mid-/high-rise,2,5,441874.0840999996,4395648.575200001,34.25142698647446,High
P877,Zone2,Open mid-/high-rise,2,5,447874.0840999996,4395648.575200001,32.92151895891786,Middle
P878,Zone2,Open mid-/high-rise,2,5,448874.0840999996,4395648.575200001,33.23072082795629,Middle
P879,Zone2,Open mid-/high-rise,2,5,449874.0840999996,4395648.575200001,33.4611674691196,Middle
P884,Zone2,Open mid-/high-rise,2,5,454874.0840999996,4395648.575200001,32.96525236538311,Middle
P901,Zone2,Open mid-/high-rise,2,5,471874.0840999996,4395648.575200001,32.21657908157686,Middle
P911,Zone2,Open mid-/high-rise,2,5,481874.0840999996,4395648.575200001,32.35544549807686,Middle
P915,Zone2,Open mid-/high-rise,2,5,485874.0840999996,4395648.575200001,31.5783266550582,Middle
P925,Zone2,Open mid-/high-rise,2,5,440874.0840999996,4396648.575200001,33.4567870206841,Middle
P926,Zone2,Open mid-/high-rise,2,5,441874.0840999996,4396648.575200001,34.76295200606209,High
P932,Zone2,Open mid-/high-rise,2,5,447874.0840999996,4396648.575200001,33.07166479983039,Middle
P945,Zone2,Open mid-/high-rise,2,5,460874.0840999996,4396648.575200001,32.90102310299537,Middle
P950,Zone2,Open mid-/high-rise,2,5,465874.0840999996,4396648.575200001,31.89824937018674,Middle
P955,Zone2,Open mid-/high-rise,2,5,470874.0840999996,4396648.575200001,31.68241001092175,Middle
P957,Zone2,Open mid-/high-rise,2,5,472874.0840999996,4396648.575200001,32.27338200298309,Middle
P958,Zone2,Open mid-/high-rise,2,5,473874.0840999996,4396648.575200001,32.52427170540939,Middle
P965,Zone2,Open mid-/high-rise,2,5,480874.0840999996,4396648.575200001,32.07317408770299,Middle
P978,Zone2,Open mid-/high-rise,2,5,439874.0840999996,4397648.575200001,32.23231414618353,Middle
P979,Zone2,Open mid-/high-rise,2,5,440874.0840999996,4397648.575200001,33.34926838180894,Middle
P980,Zone2,Open mid-/high-rise,2,5,441874.0840999996,4397648.575200001,35.3383857577414,High
P982,Zone2,Open mid-/high-rise,2,5,443874.0840999996,4397648.575200001,34.4978601015887,High
P983,Zone2,Open mid-/high-rise,2,5,444874.0840999996,4397648.575200001,33.53087444791739,High
P988,Zone2,Open mid-/high-rise,2,5,449874.0840999996,4397648.575200001,33.40757859474092,Middle
P993,Zone2,Open mid-/high-rise,2,5,454874.0840999996,4397648.575200001,32.66094871290861,Middle
P995,Zone2,Open mid-/high-rise,2,5,456874.0840999996,4397648.575200001,33.88318993456684,High
P997,Zone2,Open mid-/high-rise,2,5,458874.0840999996,4397648.575200001,34.19519709297272,High
P998,Zone2,Open mid-/high-rise,2,4,459874.0840999996,4397648.575200001,33.687770214162,High
P1004,Zone2,Open mid-/high-rise,2,5,465874.0840999996,4397648.575200001,32.04742390756247,Middle
P1009,Zone2,Open mid-/high-rise,2,5,470874.0840999996,4397648.575200001,31.70384320699189,Middle
P1014,Zone2,Open mid-/high-rise,2,5,475874.0840999996,4397648.575200001,31.43442106399445,Middle
P1020,Zone2,Open mid-/high-rise,2,5,481874.0840999996,4397648.575200001,31.55411983708024,Middle
P1033,Zone2,Open mid-/high-rise,2,5,438874.0840999996,4398648.575200001,32.39357241136709,Middle
P1035,Zone2,Open mid-/high-rise,2,5,440874.0840999996,4398648.575200001,34.26588390298609,High
P1039,Zone2,Open mid-/high-rise,2,5,444874.0840999996,4398648.575200001,33.77956982664524,High
P1040,Zone2,Open mid-/high-rise,2,5,445874.0840999996,4398648.575200001,33.42803242957476,Middle
P1045,Zone2,Open mid-/high-rise,2,5,450874.0840999996,4398648.575200001,33.23226589587183,Middle
P1050,Zone2,Open mid-/high-rise,2,5,455874.0840999996,4398648.575200001,33.61179320387348,High
P1051,Zone2,Open mid-/high-rise,2,5,456874.0840999996,4398648.575200001,34.46461390209196,High
P1052,Zone2,Open mid-/high-rise,2,5,457874.0840999996,4398648.575200001,34.62406213519778,High
P1054,Zone2,Open mid-/high-rise,2,4,459874.0840999996,4398648.575200001,33.51458249253341,High
P1055,Zone2,Open mid-/high-rise,2,4,460874.0840999996,4398648.575200001,33.99166615015039,High
P1058,Zone2,Open mid-/high-rise,2,5,463874.0840999996,4398648.575200001,33.39003724617974,Middle
P1061,Zone2,Open mid-/high-rise,2,5,466874.0840999996,4398648.575200001,31.8948679853008,Middle
P1064,Zone2,Open mid-/high-rise,2,5,469874.0840999996,4398648.575200001,31.86301309728845,Middle
P1065,Zone2,Open mid-/high-rise,2,5,470874.0840999996,4398648.575200001,32.11575475216311,Middle
P1072,Zone2,Open mid-/high-rise,2,4,477874.0840999996,4398648.575200001,31.30838530645728,Low
P1074,Zone2,Open mid-/high-rise,2,5,479874.0840999996,4398648.575200001,31.46782155557784,Middle
P1088,Zone2,Open mid-/high-rise,2,5,437874.0840999996,4399648.575200001,32.54324017144147,Middle
P1089,Zone2,Open mid-/high-rise,2,5,438874.0840999996,4399648.575200001,32.89279673041091,Middle
P1090,Zone2,Open mid-/high-rise,2,5,439874.0840999996,4399648.575200001,33.29627062690164,Middle
P1091,Zone2,Open mid-/high-rise,2,5,440874.0840999996,4399648.575200001,33.49848440260313,High
P1092,Zone2,Open mid-/high-rise,2,5,441874.0840999996,4399648.575200001,34.73136695157935,High
P1094,Zone2,Open mid-/high-rise,2,5,443874.0840999996,4399648.575200001,34.5422754230413,High
P1095,Zone2,Open mid-/high-rise,2,5,444874.0840999996,4399648.575200001,33.7208112345668,High
P1102,Zone2,Open mid-/high-rise,2,5,451874.0840999996,4399648.575200001,33.80554532366337,High
P1103,Zone2,Open mid-/high-rise,2,5,452874.0840999996,4399648.575200001,33.65029673727923,High
P1105,Zone2,Open mid-/high-rise,2,5,454874.0840999996,4399648.575200001,32.98098318034824,Middle
P1106,Zone2,Open mid-/high-rise,2,5,455874.0840999996,4399648.575200001,34.38879871224893,High
P1109,Zone2,Open mid-/high-rise,2,5,458874.0840999996,4399648.575200001,34.74026500011173,High
P1110,Zone2,Open mid-/high-rise,2,5,459874.0840999996,4399648.575200001,33.82645481567198,High
P1111,Zone2,Open mid-/high-rise,2,5,460874.0840999996,4399648.575200001,33.99487550339396,High
P1112,Zone2,Open mid-/high-rise,2,5,461874.0840999996,4399648.575200001,34.36999029455821,High
P1113,Zone2,Open mid-/high-rise,2,5,462874.0840999996,4399648.575200001,33.86090953196345,High
P1116,Zone2,Open mid-/high-rise,2,5,465874.0840999996,4399648.575200001,32.34379053323994,Middle
P1121,Zone2,Open mid-/high-rise,2,5,470874.0840999996,4399648.575200001,31.99914899386169,Middle
P1146,Zone2,Open mid-/high-rise,2,5,439874.0840999996,4400648.575200001,33.75355198091535,High
P1147,Zone2,Open mid-/high-rise,2,5,440874.0840999996,4400648.575200001,33.9547668886926,High
P1148,Zone2,Open mid-/high-rise,2,5,441874.0840999996,4400648.575200001,34.65844300407136,High
P1149,Zone2,Open mid-/high-rise,2,5,442874.0840999996,4400648.575200001,35.11900495038462,High
P1157,Zone2,Open mid-/high-rise,2,5,450874.0840999996,4400648.575200001,33.30350009574752,Middle
P1158,Zone2,Open mid-/high-rise,2,5,451874.0840999996,4400648.575200001,33.73563594689912,High
P1159,Zone2,Open mid-/high-rise,2,5,452874.0840999996,4400648.575200001,33.32107082585544,Middle
P1161,Zone2,Open mid-/high-rise,2,4,454874.0840999996,4400648.575200001,32.73664656526796,Middle
P1162,Zone2,Open mid-/high-rise,2,4,455874.0840999996,4400648.575200001,33.42194794623074,Middle
P1163,Zone2,Open mid-/high-rise,2,4,456874.0840999996,4400648.575200001,34.0862531600164,High
P1166,Zone2,Open mid-/high-rise,2,5,459874.0840999996,4400648.575200001,34.2305811091678,High
P1170,Zone2,Open mid-/high-rise,2,5,463874.0840999996,4400648.575200001,33.81696736469573,High
P1171,Zone2,Open mid-/high-rise,2,5,464874.0840999996,4400648.575200001,33.12577122714108,Middle
P1196,Zone2,Open mid-/high-rise,2,5,435874.0840999996,4401648.575200001,31.58110985845919,Middle
P1199,Zone2,Open mid-/high-rise,2,5,438874.0840999996,4401648.575200001,32.62453902131822,Middle
P1200,Zone2,Open mid-/high-rise,2,5,439874.0840999996,4401648.575200001,33.04506836675366,Middle
P1202,Zone2,Open mid-/high-rise,2,5,441874.0840999996,4401648.575200001,33.95460281568943,High
P1203,Zone2,Open mid-/high-rise,2,5,442874.0840999996,4401648.575200001,34.55768393167131,High
P1211,Zone2,Open mid-/high-rise,2,5,450874.0840999996,4401648.575200001,33.2605529106069,Middle
P1212,Zone2,Open mid-/high-rise,2,5,451874.0840999996,4401648.575200001,33.42981504513683,Middle
P1213,Zone2,Open mid-/high-rise,2,5,452874.0840999996,4401648.575200001,33.21097005054902,Middle
P1215,Zone2,Open mid-/high-rise,2,5,454874.0840999996,4401648.575200001,32.53388122404863,Middle
P1216,Zone2,Open mid-/high-rise,2,4,455874.0840999996,4401648.575200001,32.91987095673532,Middle
P1219,Zone2,Open mid-/high-rise,2,5,458874.0840999996,4401648.575200001,34.10707107508596,High
P1220,Zone2,Open mid-/high-rise,2,5,459874.0840999996,4401648.575200001,34.48751936235796,High
P1225,Zone2,Open mid-/high-rise,2,5,464874.0840999996,4401648.575200001,32.70952236207459,Middle
P1230,Zone2,Open mid-/high-rise,2,5,469874.0840999996,4401648.575200001,31.23463310218103,Low
P1242,Zone2,Open mid-/high-rise,2,5,481874.0840999996,4401648.575200001,31.4991086112177,Middle
P1253,Zone2,Open mid-/high-rise,2,5,440874.0840999996,4402648.575200001,32.8970755491079,Middle
P1254,Zone2,Open mid-/high-rise,2,5,441874.0840999996,4402648.575200001,33.49694840230441,High
P1255,Zone2,Open mid-/high-rise,2,5,442874.0840999996,4402648.575200001,33.84722630702451,High
P1264,Zone2,Open mid-/high-rise,2,5,451874.0840999996,4402648.575200001,33.03498003754755,Middle
P1266,Zone2,Open mid-/high-rise,2,5,454874.0840999996,4402648.575200001,31.8636918748999,Middle
P1267,Zone2,Open mid-/high-rise,2,5,456874.0840999996,4402648.575200001,32.94855881861863,Middle
P1268,Zone2,Open mid-/high-rise,2,5,457874.0840999996,4402648.575200001,33.99473623739963,High
P1271,Zone2,Open mid-/high-rise,2,5,460874.0840999996,4402648.575200001,34.81679845011147,High
P1272,Zone2,Open mid-/high-rise,2,4,461874.0840999996,4402648.575200001,34.61088792036502,High
P1273,Zone2,Open mid-/high-rise,2,4,464874.0840999996,4402648.575200001,31.90458434590965,Middle
P1288,Zone2,Open mid-/high-rise,2,5,479874.0840999996,4402648.575200001,31.30304116509101,Low
P1290,Zone2,Open mid-/high-rise,2,5,481874.0840999996,4402648.575200001,32.25507334066252,Middle
P1291,Zone2,Open mid-/high-rise,2,5,483874.0840999996,4402648.575200001,30.63757061124394,Low
P1296,Zone2,Open mid-/high-rise,2,5,489874.0840999996,4402648.575200001,30.00344322355961,Low
P1308,Zone2,Open mid-/high-rise,2,5,440874.0840999996,4403648.575200001,33.18177658473707,Middle
P1309,Zone2,Open mid-/high-rise,2,5,441874.0840999996,4403648.575200001,33.39920961831831,Middle
P1313,Zone2,Open mid-/high-rise,2,5,445874.0840999996,4403648.575200001,33.38783625016562,Middle
P1317,Zone2,Open mid-/high-rise,2,5,449874.0840999996,4403648.575200001,33.54420174818705,High
P1318,Zone2,Open mid-/high-rise,2,5,450874.0840999996,4403648.575200001,33.68026707377493,High
P1319,Zone2,Open mid-/high-rise,2,5,451874.0840999996,4403648.575200001,33.0044967597208,Middle
P1320,Zone2,Open mid-/high-rise,2,5,453874.0840999996,4403648.575200001,31.58910562092767,Middle
P1321,Zone2,Open mid-/high-rise,2,4,454874.0840999996,4403648.575200001,31.65225217489813,Middle
P1322,Zone2,Open mid-/high-rise,2,4,455874.0840999996,4403648.575200001,31.94977317574662,Middle
P1324,Zone2,Open mid-/high-rise,2,4,457874.0840999996,4403648.575200001,34.15876891794827,High
P1327,Zone2,Open mid-/high-rise,2,5,460874.0840999996,4403648.575200001,34.31400949338732,High
P1328,Zone2,Open mid-/high-rise,2,4,461874.0840999996,4403648.575200001,33.63923166659782,High
P1329,Zone2,Open mid-/high-rise,2,4,462874.0840999996,4403648.575200001,32.88581407279685,Middle
P1330,Zone2,Open mid-/high-rise,2,5,463874.0840999996,4403648.575200001,32.29876820312148,Middle
P1349,Zone2,Open mid-/high-rise,2,5,483874.0840999996,4403648.575200001,30.48618085195197,Low
P1355,Zone2,Open mid-/high-rise,2,5,489874.0840999996,4403648.575200001,31.01947871562558,Low
P1358,Zone2,Open mid-/high-rise,2,5,492874.0840999996,4403648.575200001,29.96595504774836,Low
P1359,Zone2,Open mid-/high-rise,2,5,421874.0840999996,4404648.575200001,30.77621304477559,Low
P1364,Zone2,Open mid-/high-rise,2,5,427874.0840999996,4404648.575200001,32.03032121209549,Middle
P1370,Zone2,Open mid-/high-rise,2,5,438874.0840999996,4404648.575200001,34.87103310231635,High
P1372,Zone2,Open mid-/high-rise,2,5,440874.0840999996,4404648.575200001,33.9991261973764,High
P1373,Zone2,Open mid-/high-rise,2,5,441874.0840999996,4404648.575200001,34.02211556959715,High
P1374,Zone2,Open mid-/high-rise,2,5,442874.0840999996,4404648.575200001,34.02636194688544,High
P1377,Zone2,Open mid-/high-rise,2,5,445874.0840999996,4404648.575200001,33.65572385100454,High
P1379,Zone2,Open mid-/high-rise,2,5,447874.0840999996,4404648.575200001,33.9689801843253,High
P1382,Zone2,Open mid-/high-rise,2,5,450874.0840999996,4404648.575200001,34.46008349542448,High
P1383,Zone2,Open mid-/high-rise,2,5,451874.0840999996,4404648.575200001,34.06741927575229,High
P1384,Zone2,Open mid-/high-rise,2,5,452874.0840999996,4404648.575200001,33.03169103838783,Middle
P1385,Zone2,Open mid-/high-rise,2,5,453874.0840999996,4404648.575200001,32.13170006910261,Middle
P1386,Zone2,Open mid-/high-rise,2,4,454874.0840999996,4404648.575200001,32.44942277021523,Middle
P1387,Zone2,Open mid-/high-rise,2,5,455874.0840999996,4404648.575200001,32.78238788597314,Middle
P1388,Zone2,Open mid-/high-rise,2,5,456874.0840999996,4404648.575200001,33.3181573470853,Middle
P1389,Zone2,Open mid-/high-rise,2,4,457874.0840999996,4404648.575200001,34.07977021775998,High
P1391,Zone2,Open mid-/high-rise,2,5,459874.0840999996,4404648.575200001,34.50795259107257,High
P1393,Zone2,Open mid-/high-rise,2,5,461874.0840999996,4404648.575200001,33.44485092080557,Middle
P1394,Zone2,Open mid-/high-rise,2,4,462874.0840999996,4404648.575200001,33.03927147627767,Middle
P1395,Zone2,Open mid-/high-rise,2,4,463874.0840999996,4404648.575200001,32.63167526887554,Middle
P1396,Zone2,Open mid-/high-rise,2,5,464874.0840999996,4404648.575200001,32.22487394600918,Middle
P1397,Zone2,Open mid-/high-rise,2,5,465874.0840999996,4404648.575200001,31.93740214946593,Middle
P1398,Zone2,Open mid-/high-rise,2,5,466874.0840999996,4404648.575200001,31.51420039420789,Middle
P1402,Zone2,Open mid-/high-rise,2,5,470874.0840999996,4404648.575200001,31.60230880352418,Middle
P1431,Zone2,Open mid-/high-rise,2,5,427874.0840999996,4405648.575200001,32.62061585566155,Middle
P1437,Zone2,Open mid-/high-rise,2,5,438874.0840999996,4405648.575200001,34.38458692518628,High
P1438,Zone2,Open mid-/high-rise,2,5,439874.0840999996,4405648.575200001,34.64341748083185,High
P1443,Zone2,Open mid-/high-rise,2,5,444874.0840999996,4405648.575200001,34.08686764544055,High
P1449,Zone2,Open mid-/high-rise,2,5,450874.0840999996,4405648.575200001,34.86641215517528,High
P1452,Zone2,Open mid-/high-rise,2,5,453874.0840999996,4405648.575200001,33.10842127390524,Middle
P1453,Zone2,Open mid-/high-rise,2,4,454874.0840999996,4405648.575200001,33.15945159758576,Middle
P1455,Zone2,Open mid-/high-rise,2,4,456874.0840999996,4405648.575200001,33.85781672529633,High
P1457,Zone2,Open mid-/high-rise,2,5,458874.0840999996,4405648.575200001,34.90733603638921,High
P1458,Zone2,Open mid-/high-rise,2,5,459874.0840999996,4405648.575200001,34.67407748622008,High
P1459,Zone2,Open mid-/high-rise,2,5,460874.0840999996,4405648.575200001,34.45891268467389,High
P1460,Zone2,Open mid-/high-rise,2,5,461874.0840999996,4405648.575200001,34.13853770032867,High
P1461,Zone2,Open mid-/high-rise,2,4,462874.0840999996,4405648.575200001,33.58136673559145,High
P1462,Zone2,Open mid-/high-rise,2,5,463874.0840999996,4405648.575200001,33.05462326255163,Middle
P1463,Zone2,Open mid-/high-rise,2,5,464874.0840999996,4405648.575200001,32.39273574323139,Middle
P1464,Zone2,Open mid-/high-rise,2,5,465874.0840999996,4405648.575200001,31.91576347195321,Middle
P1480,Zone2,Open mid-/high-rise,2,5,481874.0840999996,4405648.575200001,30.56884963978678,Low
P1482,Zone2,Open mid-/high-rise,2,5,483874.0840999996,4405648.575200001,30.41067565107812,Low
P1487,Zone2,Open mid-/high-rise,2,5,488874.0840999996,4405648.575200001,32.13045074313426,Middle
P1492,Zone2,Open mid-/high-rise,2,4,421874.0840999996,4406648.575200001,31.82343362939607,Middle
P1493,Zone2,Open mid-/high-rise,2,5,422874.0840999996,4406648.575200001,31.82650446955828,Middle
P1494,Zone2,Open mid-/high-rise,2,5,423874.0840999996,4406648.575200001,32.11743767648574,Middle
P1496,Zone2,Open mid-/high-rise,2,5,425874.0840999996,4406648.575200001,32.65115457352292,Middle
P1500,Zone2,Open mid-/high-rise,2,5,429874.0840999996,4406648.575200001,33.86160303600228,High
P1501,Zone2,Open mid-/high-rise,2,5,430874.0840999996,4406648.575200001,33.94261889434442,High
P1503,Zone2,Open mid-/high-rise,2,5,437874.0840999996,4406648.575200001,33.51344206950973,High
P1504,Zone2,Open mid-/high-rise,2,5,438874.0840999996,4406648.575200001,34.13516291674619,High
P1505,Zone2,Open mid-/high-rise,2,5,439874.0840999996,4406648.575200001,34.20203654485464,High
P1506,Zone2,Open mid-/high-rise,2,5,440874.0840999996,4406648.575200001,34.45008019244799,High
P1507,Zone2,Open mid-/high-rise,2,5,441874.0840999996,4406648.575200001,35.02817430968207,High
P1510,Zone2,Open mid-/high-rise,2,5,444874.0840999996,4406648.575200001,34.17108656248393,High
P1516,Zone2,Open mid-/high-rise,2,5,450874.0840999996,4406648.575200001,33.75320358965245,High
P1519,Zone2,Open mid-/high-rise,2,5,453874.0840999996,4406648.575200001,33.19348356774041,Middle
P1520,Zone2,Open mid-/high-rise,2,5,454874.0840999996,4406648.575200001,32.817866769205,Middle
P1521,Zone2,Open mid-/high-rise,2,4,455874.0840999996,4406648.575200001,33.13337991876735,Middle
P1522,Zone2,Open mid-/high-rise,2,5,456874.0840999996,4406648.575200001,34.21355700418601,High
P1523,Zone2,Open mid-/high-rise,2,5,457874.0840999996,4406648.575200001,34.45145723167512,High
P1525,Zone2,Open mid-/high-rise,2,5,459874.0840999996,4406648.575200001,34.96976146767898,High
P1528,Zone2,Open mid-/high-rise,2,5,462874.0840999996,4406648.575200001,33.39691658996745,Middle
P1529,Zone2,Open mid-/high-rise,2,5,463874.0840999996,4406648.575200001,32.56879410084196,Middle
P1530,Zone2,Open mid-/high-rise,2,5,464874.0840999996,4406648.575200001,32.04793952477782,Middle
P1536,Zone2,Open mid-/high-rise,2,5,470874.0840999996,4406648.575200001,30.93474618087162,Low
P1540,Zone2,Open mid-/high-rise,2,5,474874.0840999996,4406648.575200001,31.92732552749314,Middle
P1548,Zone2,Open mid-/high-rise,2,5,483874.0840999996,4406648.575200001,30.96026900919567,Low
P1554,Zone2,Open mid-/high-rise,2,5,489874.0840999996,4406648.575200001,31.2510984122014,Low
P1558,Zone2,Open mid-/high-rise,2,5,421874.0840999996,4407648.575200001,31.87479819967123,Middle
P1562,Zone2,Open mid-/high-rise,2,5,425874.0840999996,4407648.575200001,32.97361472731505,Middle
P1563,Zone2,Open mid-/high-rise,2,5,426874.0840999996,4407648.575200001,33.42052539956575,Middle
P1564,Zone2,Open mid-/high-rise,2,5,427874.0840999996,4407648.575200001,33.51719602333215,High
P1565,Zone2,Open mid-/high-rise,2,5,428874.0840999996,4407648.575200001,33.62382881744897,High
P1571,Zone2,Open mid-/high-rise,2,5,437874.0840999996,4407648.575200001,34.18564549715712,High
P1572,Zone2,Open mid-/high-rise,2,5,438874.0840999996,4407648.575200001,34.177007910582,High
P1573,Zone2,Open mid-/high-rise,2,5,439874.0840999996,4407648.575200001,34.46997201253377,High
P1574,Zone2,Open mid-/high-rise,2,5,440874.0840999996,4407648.575200001,34.87081942700277,High
P1575,Zone2,Open mid-/high-rise,2,5,441874.0840999996,4407648.575200001,35.32529452196115,High
P1579,Zone2,Open mid-/high-rise,2,5,445874.0840999996,4407648.575200001,33.74872753121769,High
P1581,Zone2,Open mid-/high-rise,2,5,447874.0840999996,4407648.575200001,34.36071434095349,High
P1584,Zone2,Open mid-/high-rise,2,5,450874.0840999996,4407648.575200001,33.37965387159411,Middle
P1585,Zone2,Open mid-/high-rise,2,5,451874.0840999996,4407648.575200001,33.59736873938509,High
P1588,Zone2,Open mid-/high-rise,2,5,454874.0840999996,4407648.575200001,32.61001101120304,Middle
P1591,Zone2,Open mid-/high-rise,2,5,457874.0840999996,4407648.575200001,34.20264148208848,High
P1594,Zone2,Open mid-/high-rise,2,5,460874.0840999996,4407648.575200001,34.14064201922162,High
P1595,Zone2,Open mid-/high-rise,2,5,461874.0840999996,4407648.575200001,33.46397863347857,Middle
P1596,Zone2,Open mid-/high-rise,2,5,462874.0840999996,4407648.575200001,32.57438556505871,Middle
P1597,Zone2,Open mid-/high-rise,2,4,463874.0840999996,4407648.575200001,32.25101940987983,Middle
P1612,Zone2,Open mid-/high-rise,2,5,478874.0840999996,4407648.575200001,30.19557660960858,Low
P1619,Zone2,Open mid-/high-rise,2,5,486874.0840999996,4407648.575200001,30.84742379127823,Low
P1627,Zone2,Open mid-/high-rise,2,5,422874.0840999996,4408648.575200001,30.93450527660744,Low
P1631,Zone2,Open mid-/high-rise,2,5,426874.0840999996,4408648.575200001,32.22456949139087,Middle
P1634,Zone2,Open mid-/high-rise,2,5,429874.0840999996,4408648.575200001,34.20784756664388,High
P1641,Zone2,Open mid-/high-rise,2,4,438874.0840999996,4408648.575200001,34.22473630677671,High
P1642,Zone2,Open mid-/high-rise,2,4,439874.0840999996,4408648.575200001,34.55460617422099,High
P1643,Zone2,Open mid-/high-rise,2,5,440874.0840999996,4408648.575200001,35.04428759941685,High
P1646,Zone2,Open mid-/high-rise,2,5,443874.0840999996,4408648.575200001,35.08818953795448,High
P1647,Zone2,Open mid-/high-rise,2,5,444874.0840999996,4408648.575200001,35.14465320029598,High
P1653,Zone2,Open mid-/high-rise,2,5,450874.0840999996,4408648.575200001,34.41717541868747,High
P1654,Zone2,Open mid-/high-rise,2,5,451874.0840999996,4408648.575200001,34.97253773549414,High
P1655,Zone2,Open mid-/high-rise,2,5,452874.0840999996,4408648.575200001,35.30291916809445,High
P1656,Zone2,Open mid-/high-rise,2,4,453874.0840999996,4408648.575200001,34.62609437693843,High
P1657,Zone2,Open mid-/high-rise,2,5,454874.0840999996,4408648.575200001,33.53222279068746,High
P1661,Zone2,Open mid-/high-rise,2,5,458874.0840999996,4408648.575200001,34.03371494662081,High
P1663,Zone2,Open mid-/high-rise,2,5,460874.0840999996,4408648.575200001,33.22654910914783,Middle
P1664,Zone2,Open mid-/high-rise,2,5,461874.0840999996,4408648.575200001,32.57261970663968,Middle
P1668,Zone2,Open mid-/high-rise,2,5,465874.0840999996,4408648.575200001,32.32330974742406,Middle
P1669,Zone2,Open mid-/high-rise,2,5,466874.0840999996,4408648.575200001,32.45560370722355,Middle
P1670,Zone2,Open mid-/high-rise,2,5,467874.0840999996,4408648.575200001,32.30682727473749,Middle
P1671,Zone2,Open mid-/high-rise,2,5,468874.0840999996,4408648.575200001,31.83679824065016,Middle
P1672,Zone2,Open mid-/high-rise,2,5,469874.0840999996,4408648.575200001,31.68042738929241,Middle
P1698,Zone2,Open mid-/high-rise,2,5,424874.0840999996,4409648.575200001,30.95327355607023,Low
P1699,Zone2,Open mid-/high-rise,2,5,425874.0840999996,4409648.575200001,31.05997613810572,Low
P1702,Zone2,Open mid-/high-rise,2,5,428874.0840999996,4409648.575200001,32.53999667154541,Middle
P1703,Zone2,Open mid-/high-rise,2,5,429874.0840999996,4409648.575200001,33.81560307013844,High
P1704,Zone2,Open mid-/high-rise,2,5,430874.0840999996,4409648.575200001,34.44793781667111,High
P1705,Zone2,Open mid-/high-rise,2,5,431874.0840999996,4409648.575200001,33.73116293413472,High
P1706,Zone2,Open mid-/high-rise,2,5,433874.0840999996,4409648.575200001,33.65459668301534,High
P1707,Zone2,Open mid-/high-rise,2,5,434874.0840999996,4409648.575200001,34.07937848014556,High
P1716,Zone2,Open mid-/high-rise,2,5,443874.0840999996,4409648.575200001,35.62508747870054,High
P1722,Zone2,Open mid-/high-rise,2,5,449874.0840999996,4409648.575200001,35.31012767900508,High
P1727,Zone2,Open mid-/high-rise,2,5,454874.0840999996,4409648.575200001,34.25060164294324,High
P1739,Zone2,Open mid-/high-rise,2,5,466874.0840999996,4409648.575200001,32.86205916032976,Middle
P1741,Zone2,Open mid-/high-rise,2,5,468874.0840999996,4409648.575200001,32.33969817488733,Middle
P1742,Zone2,Open mid-/high-rise,2,5,469874.0840999996,4409648.575200001,32.28388454827846,Middle
P1746,Zone2,Open mid-/high-rise,2,5,473874.0840999996,4409648.575200001,31.6172543203929,Middle
P1748,Zone2,Open mid-/high-rise,2,5,475874.0840999996,4409648.575200001,31.09534705831933,Low
P1749,Zone2,Open mid-/high-rise,2,5,476874.0840999996,4409648.575200001,30.90600916620209,Low
P1771,Zone2,Open mid-/high-rise,2,5,428874.0840999996,4410648.575200001,32.45004088369266,Middle
P1772,Zone2,Open mid-/high-rise,2,5,429874.0840999996,4410648.575200001,33.70915930501772,High
P1773,Zone2,Open mid-/high-rise,2,5,430874.0840999996,4410648.575200001,34.60093572689579,High
P1774,Zone2,Open mid-/high-rise,2,5,431874.0840999996,4410648.575200001,34.41696960744598,High
P1785,Zone2,Open mid-/high-rise,2,4,443874.0840999996,4410648.575200001,35.44803247372788,High
P1803,Zone2,Open mid-/high-rise,2,4,461874.0840999996,4410648.575200001,33.34452205885154,Middle
P1811,Zone2,Open mid-/high-rise,2,5,469874.0840999996,4410648.575200001,32.59436065629701,Middle
P1812,Zone2,Open mid-/high-rise,2,5,470874.0840999996,4410648.575200001,32.66988922813033,Middle
P1815,Zone2,Open mid-/high-rise,2,5,473874.0840999996,4410648.575200001,32.70190414048528,Middle
P1818,Zone2,Open mid-/high-rise,2,5,476874.0840999996,4410648.575200001,31.63676709425248,Middle
P1819,Zone2,Open mid-/high-rise,2,5,477874.0840999996,4410648.575200001,31.08504403406112,Low
P1829,Zone2,Open mid-/high-rise,2,5,420874.0840999996,4411648.575200001,29.36930824525006,Low
P1838,Zone2,Open mid-/high-rise,2,5,429874.0840999996,4411648.575200001,33.83166663117937,High
P1840,Zone2,Open mid-/high-rise,2,5,431874.0840999996,4411648.575200001,34.27753358647868,High
P1848,Zone2,Open mid-/high-rise,2,5,439874.0840999996,4411648.575200001,35.68910100499964,High
P1849,Zone2,Open mid-/high-rise,2,5,440874.0840999996,4411648.575200001,35.3654170781826,High
P1850,Zone2,Open mid-/high-rise,2,5,441874.0840999996,4411648.575200001,35.21660382719161,High
P1852,Zone2,Open mid-/high-rise,2,5,443874.0840999996,4411648.575200001,34.89870411140403,High
P1853,Zone2,Open mid-/high-rise,2,4,444874.0840999996,4411648.575200001,35.14631676430488,High
P1854,Zone2,Open mid-/high-rise,2,4,445874.0840999996,4411648.575200001,35.4584129129298,High
P1868,Zone2,Open mid-/high-rise,2,5,459874.0840999996,4411648.575200001,35.09120208426665,High
P1869,Zone2,Open mid-/high-rise,2,5,460874.0840999996,4411648.575200001,34.42096018945612,High
P1870,Zone2,Open mid-/high-rise,2,5,461874.0840999996,4411648.575200001,34.32604647718728,High
P1872,Zone2,Open mid-/high-rise,2,5,463874.0840999996,4411648.575200001,33.58707157401498,High
P1876,Zone2,Open mid-/high-rise,2,5,467874.0840999996,4411648.575200001,32.96792430693868,Middle
P1877,Zone2,Open mid-/high-rise,2,5,468874.0840999996,4411648.575200001,32.90795682823078,Middle
P1878,Zone2,Open mid-/high-rise,2,5,469874.0840999996,4411648.575200001,32.97086126543166,Middle
P1879,Zone2,Open mid-/high-rise,2,5,470874.0840999996,4411648.575200001,33.07972703737006,Middle
P1880,Zone2,Open mid-/high-rise,2,5,471874.0840999996,4411648.575200001,33.26763512787624,Middle
P1881,Zone2,Open mid-/high-rise,2,5,472874.0840999996,4411648.575200001,33.48687822838266,High
P1882,Zone2,Open mid-/high-rise,2,5,473874.0840999996,4411648.575200001,33.49066362188239,High
P1885,Zone2,Open mid-/high-rise,2,5,476874.0840999996,4411648.575200001,32.12087661835094,Middle
P1887,Zone2,Open mid-/high-rise,2,5,479874.0840999996,4411648.575200001,29.97218611968887,Low
P1896,Zone2,Open mid-/high-rise,2,5,422874.0840999996,4412648.575200001,30.24687098027411,Low
P1900,Zone2,Open mid-/high-rise,2,5,426874.0840999996,4412648.575200001,31.9450348135498,Middle
P1901,Zone2,Open mid-/high-rise,2,5,427874.0840999996,4412648.575200001,32.89462017220088,Middle
P1902,Zone2,Open mid-/high-rise,2,5,428874.0840999996,4412648.575200001,33.14817855338957,Middle
P1903,Zone2,Open mid-/high-rise,2,4,429874.0840999996,4412648.575200001,33.6500992706935,High
P1905,Zone2,Open mid-/high-rise,2,5,432874.0840999996,4412648.575200001,33.82833859077926,High
P1906,Zone2,Open mid-/high-rise,2,5,433874.0840999996,4412648.575200001,34.1653304332267,High
P1907,Zone2,Open mid-/high-rise,2,5,434874.0840999996,4412648.575200001,34.5590097916576,High
P1908,Zone2,Open mid-/high-rise,2,5,435874.0840999996,4412648.575200001,34.99395676058219,High
P1912,Zone2,Open mid-/high-rise,2,5,439874.0840999996,4412648.575200001,35.54015573691932,High
P1913,Zone2,Open mid-/high-rise,2,5,440874.0840999996,4412648.575200001,34.96560941925161,High
P1914,Zone2,Open mid-/high-rise,2,4,441874.0840999996,4412648.575200001,34.51954573059341,High
P1915,Zone2,Open mid-/high-rise,2,5,442874.0840999996,4412648.575200001,34.50676645385841,High
P1916,Zone2,Open mid-/high-rise,2,5,443874.0840999996,4412648.575200001,34.77463647054763,High
P1918,Zone2,Open mid-/high-rise,2,4,445874.0840999996,4412648.575200001,35.46077374684901,High
P1919,Zone2,Open mid-/high-rise,2,4,446874.0840999996,4412648.575200001,35.63324149172643,High
P1928,Zone2,Open mid-/high-rise,2,5,455874.0840999996,4412648.575200001,34.97029842620744,High
P1929,Zone2,Open mid-/high-rise,2,5,456874.0840999996,4412648.575200001,34.64409873901242,High
P1935,Zone2,Open mid-/high-rise,2,5,462874.0840999996,4412648.575200001,34.04704297770441,High
P1936,Zone2,Open mid-/high-rise,2,5,463874.0840999996,4412648.575200001,33.55433346777222,High
P1940,Zone2,Open mid-/high-rise,2,5,467874.0840999996,4412648.575200001,33.13788777083126,Middle
P1941,Zone2,Open mid-/high-rise,2,5,468874.0840999996,4412648.575200001,33.11877081079746,Middle
P1942,Zone2,Open mid-/high-rise,2,5,469874.0840999996,4412648.575200001,33.27132522978864,Middle
P1943,Zone2,Open mid-/high-rise,2,5,470874.0840999996,4412648.575200001,33.50095162613988,High
P1944,Zone2,Open mid-/high-rise,2,5,471874.0840999996,4412648.575200001,33.63022523115526,High
P1945,Zone2,Open mid-/high-rise,2,4,472874.0840999996,4412648.575200001,33.7196683678168,High
P1946,Zone2,Open mid-/high-rise,2,5,473874.0840999996,4412648.575200001,33.47110603876182,Middle
P1958,Zone2,Open mid-/high-rise,2,5,424874.0840999996,4413648.575200001,30.12107335987518,Low
P1960,Zone2,Open mid-/high-rise,2,5,426874.0840999996,4413648.575200001,30.80955646322541,Low
P1961,Zone2,Open mid-/high-rise,2,5,427874.0840999996,4413648.575200001,31.77238384596136,Middle
P1964,Zone2,Open mid-/high-rise,2,5,430874.0840999996,4413648.575200001,32.58929691109547,Middle
P1966,Zone2,Open mid-/high-rise,2,5,433874.0840999996,4413648.575200001,33.99278412228797,High
P1967,Zone2,Open mid-/high-rise,2,5,434874.0840999996,4413648.575200001,34.28919233605302,High
P1968,Zone2,Open mid-/high-rise,2,5,435874.0840999996,4413648.575200001,34.51617973480587,High
P1969,Zone2,Open mid-/high-rise,2,5,436874.0840999996,4413648.575200001,35.34562842301584,High
P1972,Zone2,Open mid-/high-rise,2,5,439874.0840999996,4413648.575200001,35.1466452718538,High
P1974,Zone2,Open mid-/high-rise,2,5,441874.0840999996,4413648.575200001,34.87504570757807,High
P1975,Zone2,Open mid-/high-rise,2,5,442874.0840999996,4413648.575200001,34.89465292234608,High
P1979,Zone2,Open mid-/high-rise,2,5,446874.0840999996,4413648.575200001,35.42447943065035,High
P1980,Zone2,Open mid-/high-rise,2,5,447874.0840999996,4413648.575200001,35.38100939592447,High
P1982,Zone2,Open mid-/high-rise,2,5,449874.0840999996,4413648.575200001,35.11437593589672,High
P1983,Zone2,Open mid-/high-rise,2,4,450874.0840999996,4413648.575200001,34.75970095634877,High
P1988,Zone2,Open mid-/high-rise,2,4,455874.0840999996,4413648.575200001,34.80458157077933,High
P1991,Zone2,Open mid-/high-rise,2,5,458874.0840999996,4413648.575200001,35.04366537809455,High
P1992,Zone2,Open mid-/high-rise,2,5,459874.0840999996,4413648.575200001,35.25516266885268,High
P1993,Zone2,Open mid-/high-rise,2,5,460874.0840999996,4413648.575200001,35.0694403521207,High
P1996,Zone2,Open mid-/high-rise,2,5,463874.0840999996,4413648.575200001,33.78811136588986,High
P2000,Zone2,Open mid-/high-rise,2,4,467874.0840999996,4413648.575200001,33.32695825494709,Middle
P2001,Zone2,Open mid-/high-rise,2,5,468874.0840999996,4413648.575200001,33.42757088777863,Middle
P2002,Zone2,Open mid-/high-rise,2,5,469874.0840999996,4413648.575200001,33.82351835671724,High
P2004,Zone2,Open mid-/high-rise,2,5,471874.0840999996,4413648.575200001,33.83834897797001,High
P2005,Zone2,Open mid-/high-rise,2,4,472874.0840999996,4413648.575200001,33.66257556400701,High
P2006,Zone2,Open mid-/high-rise,2,4,473874.0840999996,4413648.575200001,33.11064446975844,Middle
P2018,Zone2,Open mid-/high-rise,2,5,427874.0840999996,4414648.575200001,31.40811762600548,Low
P2019,Zone2,Open mid-/high-rise,2,4,428874.0840999996,4414648.575200001,32.04796759573294,Middle
P2023,Zone2,Open mid-/high-rise,2,5,434874.0840999996,4414648.575200001,34.42524395406225,High
P2024,Zone2,Open mid-/high-rise,2,5,435874.0840999996,4414648.575200001,34.87132175068101,High
P2037,Zone2,Open mid-/high-rise,2,5,448874.0840999996,4414648.575200001,34.83789258824162,High
P2038,Zone2,Open mid-/high-rise,2,5,449874.0840999996,4414648.575200001,34.4350699657705,High
P2040,Zone2,Open mid-/high-rise,2,5,451874.0840999996,4414648.575200001,34.45458125694148,High
P2044,Zone2,Open mid-/high-rise,2,5,455874.0840999996,4414648.575200001,34.72455720462294,High
P2045,Zone2,Open mid-/high-rise,2,5,456874.0840999996,4414648.575200001,34.46911700020661,High
P2047,Zone2,Open mid-/high-rise,2,5,458874.0840999996,4414648.575200001,34.82192333240611,High
P2051,Zone2,Open mid-/high-rise,2,5,462874.0840999996,4414648.575200001,33.59155109416641,High
P2056,Zone2,Open mid-/high-rise,2,5,467874.0840999996,4414648.575200001,33.70951118411296,High
P2057,Zone2,Open mid-/high-rise,2,4,468874.0840999996,4414648.575200001,33.86317535138619,High
P2058,Zone2,Open mid-/high-rise,2,5,469874.0840999996,4414648.575200001,34.17078240032289,High
P2059,Zone2,Open mid-/high-rise,2,4,470874.0840999996,4414648.575200001,34.30765556472643,High
P2060,Zone2,Open mid-/high-rise,2,5,471874.0840999996,4414648.575200001,34.33263994683898,High
P2061,Zone2,Open mid-/high-rise,2,4,472874.0840999996,4414648.575200001,34.04422483748628,High
P2062,Zone2,Open mid-/high-rise,2,5,473874.0840999996,4414648.575200001,33.14283305680959,Middle
P2069,Zone2,Open mid-/high-rise,2,5,428874.0840999996,4415648.575200001,32.23903114059456,Middle
P2071,Zone2,Open mid-/high-rise,2,5,430874.0840999996,4415648.575200001,32.59926108624677,Middle
P2081,Zone2,Open mid-/high-rise,2,4,440874.0840999996,4415648.575200001,35.49125118933432,High
P2083,Zone2,Open mid-/high-rise,2,4,442874.0840999996,4415648.575200001,35.81314451253174,High
P2101,Zone2,Open mid-/high-rise,2,5,460874.0840999996,4415648.575200001,34.34595029563253,High
P2103,Zone2,Open mid-/high-rise,2,5,462874.0840999996,4415648.575200001,33.80688981601335,High
P2104,Zone2,Open mid-/high-rise,2,5,463874.0840999996,4415648.575200001,34.28651150167279,High
P2105,Zone2,Open mid-/high-rise,2,5,464874.0840999996,4415648.575200001,34.77918467112367,High
P2106,Zone2,Open mid-/high-rise,2,5,465874.0840999996,4415648.575200001,34.74773779358492,High
P2108,Zone2,Open mid-/high-rise,2,5,467874.0840999996,4415648.575200001,33.95797900993378,High
P2114,Zone2,Open mid-/high-rise,2,5,473874.0840999996,4415648.575200001,33.61979727889606,High
P2115,Zone2,Open mid-/high-rise,2,5,476874.0840999996,4415648.575200001,30.63283699138756,Low
P2116,Zone2,Open mid-/high-rise,2,5,477874.0840999996,4415648.575200001,30.38994820886311,Low
P2119,Zone2,Open mid-/high-rise,2,5,427874.0840999996,4416648.575200001,32.44378133107056,Middle
P2124,Zone2,Open mid-/high-rise,2,4,432874.0840999996,4416648.575200001,34.69130508353179,High
P2125,Zone2,Open mid-/high-rise,2,5,433874.0840999996,4416648.575200001,35.12434959427033,High
P2126,Zone2,Open mid-/high-rise,2,5,434874.0840999996,4416648.575200001,35.27620010817802,High
P2143,Zone2,Open mid-/high-rise,2,5,451874.0840999996,4416648.575200001,34.82590570732412,High
P2152,Zone2,Open mid-/high-rise,2,5,460874.0840999996,4416648.575200001,34.7800440412509,High
P2155,Zone2,Open mid-/high-rise,2,5,463874.0840999996,4416648.575200001,34.7303651331142,High
P2156,Zone2,Open mid-/high-rise,2,4,464874.0840999996,4416648.575200001,34.99191594847525,High
P2157,Zone2,Open mid-/high-rise,2,5,465874.0840999996,4416648.575200001,34.7378871316428,High
P2158,Zone2,Open mid-/high-rise,2,5,466874.0840999996,4416648.575200001,34.1824283582079,High
P2159,Zone2,Open mid-/high-rise,2,5,467874.0840999996,4416648.575200001,34.29157668725831,High
P2164,Zone2,Open mid-/high-rise,2,5,472874.0840999996,4416648.575200001,35.28713397480808,High
P2165,Zone2,Open mid-/high-rise,2,4,474874.0840999996,4416648.575200001,32.46978877901169,Middle
P2166,Zone2,Open mid-/high-rise,2,4,475874.0840999996,4416648.575200001,32.26414993438517,Middle
P2172,Zone2,Open mid-/high-rise,2,5,428874.0840999996,4417648.575200001,33.35173874308072,Middle
P2175,Zone2,Open mid-/high-rise,2,5,431874.0840999996,4417648.575200001,34.59917419685674,High
P2177,Zone2,Open mid-/high-rise,2,5,433874.0840999996,4417648.575200001,35.0425771989357,High
P2178,Zone2,Open mid-/high-rise,2,5,434874.0840999996,4417648.575200001,35.02545949100311,High
P2190,Zone2,Open mid-/high-rise,2,5,447874.0840999996,4417648.575200001,35.17094893651738,High
P2196,Zone2,Open mid-/high-rise,2,4,453874.0840999996,4417648.575200001,34.5778454136202,High
P2198,Zone2,Open mid-/high-rise,2,5,455874.0840999996,4417648.575200001,34.84992849037593,High
P2199,Zone2,Open mid-/high-rise,2,4,456874.0840999996,4417648.575200001,34.9691526752251,High
P2201,Zone2,Open mid-/high-rise,2,5,458874.0840999996,4417648.575200001,35.22440820241869,High
P2204,Zone2,Open mid-/high-rise,2,5,461874.0840999996,4417648.575200001,35.07304002485246,High
P2207,Zone2,Open mid-/high-rise,2,5,464874.0840999996,4417648.575200001,35.08195786862591,High
P2209,Zone2,Open mid-/high-rise,2,5,466874.0840999996,4417648.575200001,34.37569184159194,High
P2210,Zone2,Open mid-/high-rise,2,5,467874.0840999996,4417648.575200001,34.37992169154136,High
P2214,Zone2,Open mid-/high-rise,2,5,471874.0840999996,4417648.575200001,35.17694069430357,High
P2215,Zone2,Open mid-/high-rise,2,4,472874.0840999996,4417648.575200001,34.37600428820193,High
P2216,Zone2,Open mid-/high-rise,2,5,473874.0840999996,4417648.575200001,33.95629479611932,High
P2217,Zone2,Open mid-/high-rise,2,5,474874.0840999996,4417648.575200001,33.27652118959323,Middle
P2218,Zone2,Open mid-/high-rise,2,5,475874.0840999996,4417648.575200001,32.66911997710796,Middle
P2219,Zone2,Open mid-/high-rise,2,4,476874.0840999996,4417648.575200001,32.54896859179489,Middle
P2220,Zone2,Open mid-/high-rise,2,5,477874.0840999996,4417648.575200001,32.3051320004872,Middle
P2223,Zone2,Open mid-/high-rise,2,5,426874.0840999996,4418648.575200001,32.06576905499901,Middle
P2228,Zone2,Open mid-/high-rise,2,5,431874.0840999996,4418648.575200001,34.93578441556703,High
P2229,Zone2,Open mid-/high-rise,2,5,433874.0840999996,4418648.575200001,34.18629497390492,High
P2230,Zone2,Open mid-/high-rise,2,5,434874.0840999996,4418648.575200001,34.54588662036644,High
P2233,Zone2,Open mid-/high-rise,2,4,437874.0840999996,4418648.575200001,35.62518593768419,High
P2255,Zone2,Open mid-/high-rise,2,5,462874.0840999996,4418648.575200001,35.36682554536006,High
P2258,Zone2,Open mid-/high-rise,2,5,465874.0840999996,4418648.575200001,34.4602560210138,High
P2259,Zone2,Open mid-/high-rise,2,5,466874.0840999996,4418648.575200001,34.06760776549528,High
P2260,Zone2,Open mid-/high-rise,2,5,467874.0840999996,4418648.575200001,33.85015868398151,High
P2262,Zone2,Open mid-/high-rise,2,5,469874.0840999996,4418648.575200001,34.49161359610056,High
P2263,Zone2,Open mid-/high-rise,2,5,471874.0840999996,4418648.575200001,34.21716983898664,High
P2264,Zone2,Open mid-/high-rise,2,4,472874.0840999996,4418648.575200001,33.74784529230731,High
P2265,Zone2,Open mid-/high-rise,2,5,473874.0840999996,4418648.575200001,33.36521977922099,Middle
P2266,Zone2,Open mid-/high-rise,2,5,474874.0840999996,4418648.575200001,33.19376275776799,Middle
P2272,Zone2,Open mid-/high-rise,2,5,425874.0840999996,4419648.575200001,32.34638809273529,Middle
P2273,Zone2,Open mid-/high-rise,2,5,426874.0840999996,4419648.575200001,32.78456920494736,Middle
P2276,Zone2,Open mid-/high-rise,2,5,429874.0840999996,4419648.575200001,34.04261185143319,High
P2278,Zone2,Open mid-/high-rise,2,5,431874.0840999996,4419648.575200001,34.26410838210263,High
P2279,Zone2,Open mid-/high-rise,2,5,432874.0840999996,4419648.575200001,33.96293941274639,High
P2280,Zone2,Open mid-/high-rise,2,5,433874.0840999996,4419648.575200001,33.78360361814173,High
P2281,Zone2,Open mid-/high-rise,2,5,434874.0840999996,4419648.575200001,34.17101615014434,High
P2301,Zone2,Open mid-/high-rise,2,5,455874.0840999996,4419648.575200001,34.67218044517467,High
P2303,Zone2,Open mid-/high-rise,2,4,457874.0840999996,4419648.575200001,34.60949445049303,High
P2304,Zone2,Open mid-/high-rise,2,5,458874.0840999996,4419648.575200001,34.02518277025184,High
P2307,Zone2,Open mid-/high-rise,2,5,461874.0840999996,4419648.575200001,34.30449830244029,High
P2308,Zone2,Open mid-/high-rise,2,5,462874.0840999996,4419648.575200001,34.45326958594943,High
P2310,Zone2,Open mid-/high-rise,2,4,464874.0840999996,4419648.575200001,33.59372135260016,High
P2311,Zone2,Open mid-/high-rise,2,4,465874.0840999996,4419648.575200001,33.05784386385718,Middle
P2312,Zone2,Open mid-/high-rise,2,4,466874.0840999996,4419648.575200001,32.8738335188545,Middle
P2313,Zone2,Open mid-/high-rise,2,5,467874.0840999996,4419648.575200001,32.72612627817863,Middle
P2314,Zone2,Open mid-/high-rise,2,5,468874.0840999996,4419648.575200001,32.76493178594018,Middle
P2315,Zone2,Open mid-/high-rise,2,5,469874.0840999996,4419648.575200001,33.44933810070933,Middle
P2316,Zone2,Open mid-/high-rise,2,5,471874.0840999996,4419648.575200001,33.798929258177,High
P2317,Zone2,Open mid-/high-rise,2,5,472874.0840999996,4419648.575200001,33.44022252170807,Middle
P2318,Zone2,Open mid-/high-rise,2,4,473874.0840999996,4419648.575200001,33.12614726401982,Middle
P2326,Zone2,Open mid-/high-rise,2,5,425874.0840999996,4420648.575200001,32.57189321838072,Middle
P2327,Zone2,Open mid-/high-rise,2,5,426874.0840999996,4420648.575200001,32.38256037161189,Middle
P2329,Zone2,Open mid-/high-rise,2,5,428874.0840999996,4420648.575200001,33.05097918481924,Middle
P2335,Zone2,Open mid-/high-rise,2,5,434874.0840999996,4420648.575200001,33.95815123170859,High
P2354,Zone2,Open mid-/high-rise,2,5,453874.0840999996,4420648.575200001,34.55307715696149,High
P2355,Zone2,Open mid-/high-rise,2,4,454874.0840999996,4420648.575200001,34.09497073263048,High
P2356,Zone2,Open mid-/high-rise,2,5,455874.0840999996,4420648.575200001,33.92008696083349,High
P2357,Zone2,Open mid-/high-rise,2,4,456874.0840999996,4420648.575200001,34.25057800897439,High
P2358,Zone2,Open mid-/high-rise,2,4,457874.0840999996,4420648.575200001,34.30257809274492,High
P2359,Zone2,Open mid-/high-rise,2,5,458874.0840999996,4420648.575200001,34.20643350669841,High
P2361,Zone2,Open mid-/high-rise,2,5,460874.0840999996,4420648.575200001,33.24661867179569,Middle
P2364,Zone2,Open mid-/high-rise,2,5,463874.0840999996,4420648.575200001,32.72751773163455,Middle
P2365,Zone2,Open mid-/high-rise,2,5,464874.0840999996,4420648.575200001,32.55128656675306,Middle
P2366,Zone2,Open mid-/high-rise,2,4,465874.0840999996,4420648.575200001,32.44243035098828,Middle
P2369,Zone2,Open mid-/high-rise,2,5,468874.0840999996,4420648.575200001,31.97239335990171,Middle
P2370,Zone2,Open mid-/high-rise,2,5,469874.0840999996,4420648.575200001,32.16899443969894,Middle
P2371,Zone2,Open mid-/high-rise,2,5,470874.0840999996,4420648.575200001,32.82048557238795,Middle
P2373,Zone2,Open mid-/high-rise,2,5,472874.0840999996,4420648.575200001,33.71765958535761,High
P2374,Zone2,Open mid-/high-rise,2,5,473874.0840999996,4420648.575200001,33.56381080043787,High
P2376,Zone2,Open mid-/high-rise,2,5,475874.0840999996,4420648.575200001,33.21153391076547,Middle
P2379,Zone2,Open mid-/high-rise,2,5,478874.0840999996,4420648.575200001,32.01870826106816,Middle
P2381,Zone2,Open mid-/high-rise,2,5,423874.0840999996,4421648.575200001,34.40207722894323,High
P2383,Zone2,Open mid-/high-rise,2,5,425874.0840999996,4421648.575200001,32.68544210433019,Middle
P2384,Zone2,Open mid-/high-rise,2,5,426874.0840999996,4421648.575200001,31.61273530380011,Middle
P2385,Zone2,Open mid-/high-rise,2,5,427874.0840999996,4421648.575200001,31.45325557104654,Middle
P2386,Zone2,Open mid-/high-rise,2,5,428874.0840999996,4421648.575200001,32.1487509481781,Middle
P2387,Zone2,Open mid-/high-rise,2,5,429874.0840999996,4421648.575200001,32.84528113989695,Middle
P2390,Zone2,Open mid-/high-rise,2,5,432874.0840999996,4421648.575200001,33.18087582414063,Middle
P2391,Zone2,Open mid-/high-rise,2,5,433874.0840999996,4421648.575200001,33.24086435141287,Middle
P2392,Zone2,Open mid-/high-rise,2,5,434874.0840999996,4421648.575200001,33.55659213207974,High
P2395,Zone2,Open mid-/high-rise,2,5,437874.0840999996,4421648.575200001,34.72404998154763,High
P2396,Zone2,Open mid-/high-rise,2,5,438874.0840999996,4421648.575200001,34.7945102200594,High
P2398,Zone2,Open mid-/high-rise,2,5,440874.0840999996,4421648.575200001,35.02099307277854,High
P2408,Zone2,Open mid-/high-rise,2,4,450874.0840999996,4421648.575200001,35.25160587026764,High
P2409,Zone2,Open mid-/high-rise,2,4,451874.0840999996,4421648.575200001,34.98658995254201,High
P2411,Zone2,Open mid-/high-rise,2,5,453874.0840999996,4421648.575200001,34.25273854178541,High
P2412,Zone2,Open mid-/high-rise,2,5,454874.0840999996,4421648.575200001,33.6593453891711,High
P2414,Zone2,Open mid-/high-rise,2,5,456874.0840999996,4421648.575200001,34.10895984338692,High
P2415,Zone2,Open mid-/high-rise,2,5,457874.0840999996,4421648.575200001,34.42567496539675,High
P2416,Zone2,Open mid-/high-rise,2,5,458874.0840999996,4421648.575200001,34.52933830828569,High
P2417,Zone2,Open mid-/high-rise,2,5,459874.0840999996,4421648.575200001,33.83810015561274,High
P2419,Zone2,Open mid-/high-rise,2,5,461874.0840999996,4421648.575200001,33.04585808267294,Middle
P2420,Zone2,Open mid-/high-rise,2,5,462874.0840999996,4421648.575200001,31.95416262358226,Middle
P2424,Zone2,Open mid-/high-rise,2,5,466874.0840999996,4421648.575200001,31.92623619639227,Middle
P2425,Zone2,Open mid-/high-rise,2,5,467874.0840999996,4421648.575200001,31.35945896621819,Low
P2426,Zone2,Open mid-/high-rise,2,5,469874.0840999996,4421648.575200001,31.13194674647736,Low
P2427,Zone2,Open mid-/high-rise,2,5,470874.0840999996,4421648.575200001,31.5502962836465,Middle
P2428,Zone2,Open mid-/high-rise,2,5,471874.0840999996,4421648.575200001,32.64973428284208,Middle
P2429,Zone2,Open mid-/high-rise,2,5,472874.0840999996,4421648.575200001,32.85528743102115,Middle
P2430,Zone2,Open mid-/high-rise,2,5,473874.0840999996,4421648.575200001,33.10343112726908,Middle
P2436,Zone2,Open mid-/high-rise,2,5,479874.0840999996,4421648.575200001,31.60471536856578,Middle
P2437,Zone2,Open mid-/high-rise,2,4,424874.0840999996,4422648.575200001,33.86973805848301,High
P2438,Zone2,Open mid-/high-rise,2,5,425874.0840999996,4422648.575200001,32.58125567639122,Middle
P2441,Zone2,Open mid-/high-rise,2,5,428874.0840999996,4422648.575200001,30.85023252384568,Low
P2442,Zone2,Open mid-/high-rise,2,5,429874.0840999996,4422648.575200001,31.05114267880936,Low
P2443,Zone2,Open mid-/high-rise,2,5,430874.0840999996,4422648.575200001,31.93786954253209,Middle
P2444,Zone2,Open mid-/high-rise,2,5,431874.0840999996,4422648.575200001,32.66162046550966,Middle
P2447,Zone2,Open mid-/high-rise,2,5,434874.0840999996,4422648.575200001,33.77588444032732,High
P2449,Zone2,Open mid-/high-rise,2,5,436874.0840999996,4422648.575200001,34.57931406153468,High
P2450,Zone2,Open mid-/high-rise,2,5,437874.0840999996,4422648.575200001,34.68676140961141,High
P2451,Zone2,Open mid-/high-rise,2,5,438874.0840999996,4422648.575200001,34.69238735829038,High
P2465,Zone2,Open mid-/high-rise,2,4,452874.0840999996,4422648.575200001,34.69051408207918,High
P2467,Zone2,Open mid-/high-rise,2,5,454874.0840999996,4422648.575200001,33.39225934119469,Middle
P2468,Zone2,Open mid-/high-rise,2,5,455874.0840999996,4422648.575200001,33.4751381830359,High
P2472,Zone2,Open mid-/high-rise,2,5,459874.0840999996,4422648.575200001,33.88164435458183,High
P2473,Zone2,Open mid-/high-rise,2,4,460874.0840999996,4422648.575200001,33.69925093985852,High
P2474,Zone2,Open mid-/high-rise,2,5,461874.0840999996,4422648.575200001,33.09468736461618,Middle
P2475,Zone2,Open mid-/high-rise,2,5,462874.0840999996,4422648.575200001,32.20801312855677,Middle
P2476,Zone2,Open mid-/high-rise,2,5,463874.0840999996,4422648.575200001,31.99797131095634,Middle
P2480,Zone2,Open mid-/high-rise,2,5,467874.0840999996,4422648.575200001,30.85320172463888,Low
P2481,Zone2,Open mid-/high-rise,2,4,468874.0840999996,4422648.575200001,30.76079975791096,Low
P2482,Zone2,Open mid-/high-rise,2,5,469874.0840999996,4422648.575200001,30.79960512678464,Low
P2485,Zone2,Open mid-/high-rise,2,5,472874.0840999996,4422648.575200001,31.70145416384167,Middle
P2486,Zone2,Open mid-/high-rise,2,5,473874.0840999996,4422648.575200001,31.94741602181029,Middle
P2488,Zone2,Open mid-/high-rise,2,5,475874.0840999996,4422648.575200001,33.51210883191443,High
P2491,Zone2,Open mid-/high-rise,2,5,424874.0840999996,4423648.575200001,33.11586103320421,Middle
P2492,Zone2,Open mid-/high-rise,2,5,425874.0840999996,4423648.575200001,31.85102291549117,Middle
P2493,Zone2,Open mid-/high-rise,2,5,426874.0840999996,4423648.575200001,30.51154937860071,Low
P2500,Zone2,Open mid-/high-rise,2,5,433874.0840999996,4423648.575200001,33.23821810035586,Middle
P2501,Zone2,Open mid-/high-rise,2,5,434874.0840999996,4423648.575200001,33.91699024148352,High
P2503,Zone2,Open mid-/high-rise,2,5,436874.0840999996,4423648.575200001,34.47819339482189,High
P2504,Zone2,Open mid-/high-rise,2,5,437874.0840999996,4423648.575200001,34.51471419904363,High
P2505,Zone2,Open mid-/high-rise,2,5,438874.0840999996,4423648.575200001,34.48079067492518,High
P2519,Zone2,Open mid-/high-rise,2,4,452874.0840999996,4423648.575200001,34.34433327026099,High
P2520,Zone2,Open mid-/high-rise,2,5,453874.0840999996,4423648.575200001,33.84452980860632,High
P2521,Zone2,Open mid-/high-rise,2,5,454874.0840999996,4423648.575200001,33.43286915884481,Middle
P2528,Zone2,Open mid-/high-rise,2,5,461874.0840999996,4423648.575200001,32.74319124234049,Middle
P2529,Zone2,Open mid-/high-rise,2,5,462874.0840999996,4423648.575200001,32.17023967456938,Middle
P2530,Zone2,Open mid-/high-rise,2,5,463874.0840999996,4423648.575200001,31.95612437960916,Middle
P2533,Zone2,Open mid-/high-rise,2,5,466874.0840999996,4423648.575200001,31.46076165917909,Middle
P2541,Zone2,Open mid-/high-rise,2,5,474874.0840999996,4423648.575200001,32.17665312188041,Middle
P2542,Zone2,Open mid-/high-rise,2,5,475874.0840999996,4423648.575200001,32.54442276582088,Middle
P2545,Zone2,Open mid-/high-rise,2,5,424874.0840999996,4424648.575200001,30.11017433536535,Low
P2551,Zone2,Open mid-/high-rise,2,5,430874.0840999996,4424648.575200001,30.20356838180838,Low
P2552,Zone2,Open mid-/high-rise,2,5,431874.0840999996,4424648.575200001,31.70154595552413,Middle
P2554,Zone2,Open mid-/high-rise,2,5,433874.0840999996,4424648.575200001,32.65493368233788,Middle
P2555,Zone2,Open mid-/high-rise,2,5,434874.0840999996,4424648.575200001,33.28671901509883,Middle
P2557,Zone2,Open mid-/high-rise,2,5,436874.0840999996,4424648.575200001,33.55188953300988,High
P2558,Zone2,Open mid-/high-rise,2,5,437874.0840999996,4424648.575200001,33.57792432612208,High
P2559,Zone2,Open mid-/high-rise,2,5,438874.0840999996,4424648.575200001,33.7087252119161,High
P2567,Zone2,Open mid-/high-rise,2,4,446874.0840999996,4424648.575200001,35.4560530716122,High
P2568,Zone2,Open mid-/high-rise,2,5,447874.0840999996,4424648.575200001,35.44515054936181,High
P2571,Zone2,Open mid-/high-rise,2,5,450874.0840999996,4424648.575200001,34.96902309525397,High
P2572,Zone2,Open mid-/high-rise,2,5,451874.0840999996,4424648.575200001,34.46232743361789,High
P2573,Zone2,Open mid-/high-rise,2,4,452874.0840999996,4424648.575200001,34.14991928109536,High
P2574,Zone2,Open mid-/high-rise,2,5,453874.0840999996,4424648.575200001,34.18608244186425,High
P2575,Zone2,Open mid-/high-rise,2,4,454874.0840999996,4424648.575200001,34.06620244208821,High
P2578,Zone2,Open mid-/high-rise,2,5,457874.0840999996,4424648.575200001,33.6278208689312,High
P2579,Zone2,Open mid-/high-rise,2,5,458874.0840999996,4424648.575200001,33.21729805948104,Middle
P2580,Zone2,Open mid-/high-rise,2,5,459874.0840999996,4424648.575200001,33.16788279971605,Middle
P2584,Zone2,Open mid-/high-rise,2,5,463874.0840999996,4424648.575200001,31.73180939745956,Middle
P2585,Zone2,Open mid-/high-rise,2,5,464874.0840999996,4424648.575200001,31.60858114445443,Middle
P2595,Zone2,Open mid-/high-rise,2,5,474874.0840999996,4424648.575200001,31.71225503531386,Middle
P2596,Zone2,Open mid-/high-rise,2,5,475874.0840999996,4424648.575200001,31.73796145952106,Middle
P2603,Zone2,Open mid-/high-rise,2,4,428874.0840999996,4425648.575200001,28.1060480341673,Low
P2605,Zone2,Open mid-/high-rise,2,5,430874.0840999996,4425648.575200001,30.59325688975549,Low
P2606,Zone2,Open mid-/high-rise,2,5,431874.0840999996,4425648.575200001,31.81435361105247,Middle
P2607,Zone2,Open mid-/high-rise,2,5,432874.0840999996,4425648.575200001,32.36731830595751,Middle
P2608,Zone2,Open mid-/high-rise,2,5,433874.0840999996,4425648.575200001,32.05819506072464,Middle
P2609,Zone2,Open mid-/high-rise,2,5,434874.0840999996,4425648.575200001,31.53354623310586,Middle
P2610,Zone2,Open mid-/high-rise,2,5,435874.0840999996,4425648.575200001,31.79546171362356,Middle
P2620,Zone2,Open mid-/high-rise,2,5,447874.0840999996,4425648.575200001,35.18572194381184,High
P2624,Zone2,Open mid-/high-rise,2,4,451874.0840999996,4425648.575200001,34.11890412045368,High
P2625,Zone2,Open mid-/high-rise,2,5,452874.0840999996,4425648.575200001,34.00141667933293,High
P2626,Zone2,Open mid-/high-rise,2,5,453874.0840999996,4425648.575200001,34.61871112054524,High
P2627,Zone2,Open mid-/high-rise,2,4,454874.0840999996,4425648.575200001,34.49371973654931,High
P2630,Zone2,Open mid-/high-rise,2,5,457874.0840999996,4425648.575200001,33.67479747341608,High
P2632,Zone2,Open mid-/high-rise,2,5,459874.0840999996,4425648.575200001,32.50965709764305,Middle
P2636,Zone2,Open mid-/high-rise,2,5,463874.0840999996,4425648.575200001,31.51007100377238,Middle
P2637,Zone2,Open mid-/high-rise,2,5,464874.0840999996,4425648.575200001,31.69523978941265,Middle
P2638,Zone2,Open mid-/high-rise,2,5,465874.0840999996,4425648.575200001,31.68099924612657,Middle
P2642,Zone2,Open mid-/high-rise,2,5,469874.0840999996,4425648.575200001,31.22197753814703,Low
P2648,Zone2,Open mid-/high-rise,2,5,475874.0840999996,4425648.575200001,31.41496766858132,Low
P2657,Zone2,Open mid-/high-rise,2,5,430874.0840999996,4426648.575200001,29.83536423541349,Low
P2658,Zone2,Open mid-/high-rise,2,5,431874.0840999996,4426648.575200001,31.30842951257241,Low
P2663,Zone2,Open mid-/high-rise,2,5,438874.0840999996,4426648.575200001,32.07130814495518,Middle
P2664,Zone2,Open mid-/high-rise,2,5,439874.0840999996,4426648.575200001,33.15210244082888,Middle
P2670,Zone2,Open mid-/high-rise,2,5,445874.0840999996,4426648.575200001,35.45116535689714,High
P2671,Zone2,Open mid-/high-rise,2,4,446874.0840999996,4426648.575200001,35.23416813357553,High
P2672,Zone2,Open mid-/high-rise,2,4,447874.0840999996,4426648.575200001,35.1543982877677,High
P2673,Zone2,Open mid-/high-rise,2,4,448874.0840999996,4426648.575200001,35.16328198101507,High
P2676,Zone2,Open mid-/high-rise,2,5,451874.0840999996,4426648.575200001,34.00489923019598,High
P2679,Zone2,Open mid-/high-rise,2,4,454874.0840999996,4426648.575200001,34.09810251535541,High
P2680,Zone2,Open mid-/high-rise,2,4,455874.0840999996,4426648.575200001,34.85825826633896,High
P2688,Zone2,Open mid-/high-rise,2,5,463874.0840999996,4426648.575200001,31.76488008731845,Middle
P2693,Zone2,Open mid-/high-rise,2,5,468874.0840999996,4426648.575200001,31.20819672115915,Low
P2694,Zone2,Open mid-/high-rise,2,5,469874.0840999996,4426648.575200001,30.95066299642328,Low
P2695,Zone2,Open mid-/high-rise,2,5,470874.0840999996,4426648.575200001,30.90354186236329,Low
P2696,Zone2,Open mid-/high-rise,2,5,471874.0840999996,4426648.575200001,31.41242589649578,Low
P2697,Zone2,Open mid-/high-rise,2,5,472874.0840999996,4426648.575200001,32.38212074542103,Middle
P2702,Zone2,Open mid-/high-rise,2,4,477874.0840999996,4426648.575200001,31.32230809534841,Low
P2707,Zone2,Open mid-/high-rise,2,5,430874.0840999996,4427648.575200001,30.18102715876864,Low
P2708,Zone2,Open mid-/high-rise,2,5,431874.0840999996,4427648.575200001,31.26724964179792,Low
P2709,Zone2,Open mid-/high-rise,2,5,432874.0840999996,4427648.575200001,31.68231505638666,Middle
P2710,Zone2,Open mid-/high-rise,2,5,433874.0840999996,4427648.575200001,31.47173875440866,Middle
P2711,Zone2,Open mid-/high-rise,2,5,434874.0840999996,4427648.575200001,31.17555953924032,Low
P2714,Zone2,Open mid-/high-rise,2,5,439874.0840999996,4427648.575200001,32.55928041006958,Middle
P2715,Zone2,Open mid-/high-rise,2,5,440874.0840999996,4427648.575200001,33.70989681511653,High
P2722,Zone2,Open mid-/high-rise,2,4,447874.0840999996,4427648.575200001,35.08398727720569,High
P2726,Zone2,Open mid-/high-rise,2,5,451874.0840999996,4427648.575200001,33.83443252562035,High
P2727,Zone2,Open mid-/high-rise,2,4,452874.0840999996,4427648.575200001,33.29088679476008,Middle
P2729,Zone2,Open mid-/high-rise,2,4,454874.0840999996,4427648.575200001,33.48973235717204,High
P2730,Zone2,Open mid-/high-rise,2,4,455874.0840999996,4427648.575200001,33.85703530758226,High
P2731,Zone2,Open mid-/high-rise,2,5,456874.0840999996,4427648.575200001,34.12726339821803,High
P2733,Zone2,Open mid-/high-rise,2,5,458874.0840999996,4427648.575200001,32.89317515385661,Middle
P2737,Zone2,Open mid-/high-rise,2,5,462874.0840999996,4427648.575200001,32.10309302068488,Middle
P2744,Zone2,Open mid-/high-rise,2,5,469874.0840999996,4427648.575200001,30.7108370307731,Low
P2745,Zone2,Open mid-/high-rise,2,5,470874.0840999996,4427648.575200001,30.90747428059745,Low
P2750,Zone2,Open mid-/high-rise,2,5,475874.0840999996,4427648.575200001,31.47494370023903,Middle
P2754,Zone2,Open mid-/high-rise,2,5,479874.0840999996,4427648.575200001,31.10972928118994,Low
P2758,Zone2,Open mid-/high-rise,2,5,432874.0840999996,4428648.575200001,30.50279130877473,Low
P2759,Zone2,Open mid-/high-rise,2,5,433874.0840999996,4428648.575200001,30.61265757726683,Low
P2760,Zone2,Open mid-/high-rise,2,5,434874.0840999996,4428648.575200001,30.89478081871686,Low
P2762,Zone2,Open mid-/high-rise,2,5,436874.0840999996,4428648.575200001,32.15277824029343,Middle
P2763,Zone2,Open mid-/high-rise,2,5,437874.0840999996,4428648.575200001,31.50899265426294,Middle
P2764,Zone2,Open mid-/high-rise,2,5,438874.0840999996,4428648.575200001,31.83723378648506,Middle
P2766,Zone2,Open mid-/high-rise,2,5,442874.0840999996,4428648.575200001,34.37760176313937,High
P2770,Zone2,Open mid-/high-rise,2,5,446874.0840999996,4428648.575200001,34.49124838546028,High
P2771,Zone2,Open mid-/high-rise,2,4,447874.0840999996,4428648.575200001,34.36384974412332,High
P2772,Zone2,Open mid-/high-rise,2,4,448874.0840999996,4428648.575200001,34.13658259070056,High
P2773,Zone2,Open mid-/high-rise,2,4,449874.0840999996,4428648.575200001,33.93174172798719,High
P2774,Zone2,Open mid-/high-rise,2,5,450874.0840999996,4428648.575200001,33.47187277938685,High
P2775,Zone2,Open mid-/high-rise,2,5,451874.0840999996,4428648.575200001,33.07573268287929,Middle
P2776,Zone2,Open mid-/high-rise,2,5,452874.0840999996,4428648.575200001,32.94818485495581,Middle
P2777,Zone2,Open mid-/high-rise,2,4,453874.0840999996,4428648.575200001,33.18273730807524,Middle
P2778,Zone2,Open mid-/high-rise,2,4,454874.0840999996,4428648.575200001,33.3499404223677,Middle
P2779,Zone2,Open mid-/high-rise,2,4,455874.0840999996,4428648.575200001,33.36642617478935,Middle
P2782,Zone2,Open mid-/high-rise,2,5,458874.0840999996,4428648.575200001,33.44232529216717,Middle
P2783,Zone2,Open mid-/high-rise,2,5,459874.0840999996,4428648.575200001,33.34112073896596,Middle
P2784,Zone2,Open mid-/high-rise,2,5,460874.0840999996,4428648.575200001,32.79973894375487,Middle
P2785,Zone2,Open mid-/high-rise,2,5,461874.0840999996,4428648.575200001,32.90194644950803,Middle
P2788,Zone2,Open mid-/high-rise,2,5,464874.0840999996,4428648.575200001,32.51281038563081,Middle
P2794,Zone2,Open mid-/high-rise,2,5,470874.0840999996,4428648.575200001,31.09632434799303,Low
P2795,Zone2,Open mid-/high-rise,2,5,471874.0840999996,4428648.575200001,31.30146908571095,Low
P2808,Zone2,Open mid-/high-rise,2,5,433874.0840999996,4429648.575200001,29.83059908144154,Low
P2810,Zone2,Open mid-/high-rise,2,5,435874.0840999996,4429648.575200001,31.43169245406813,Middle
P2812,Zone2,Open mid-/high-rise,2,5,437874.0840999996,4429648.575200001,32.95951105452248,Middle
P2813,Zone2,Open mid-/high-rise,2,5,438874.0840999996,4429648.575200001,33.0289826127946,Middle
P2816,Zone2,Open mid-/high-rise,2,5,441874.0840999996,4429648.575200001,33.36997492229565,Middle
P2817,Zone2,Open mid-/high-rise,2,5,442874.0840999996,4429648.575200001,33.91874192589053,High
P2818,Zone2,Open mid-/high-rise,2,5,443874.0840999996,4429648.575200001,34.0993964777639,High
P2819,Zone2,Open mid-/high-rise,2,5,444874.0840999996,4429648.575200001,34.30197681567756,High
P2822,Zone2,Open mid-/high-rise,2,5,448874.0840999996,4429648.575200001,32.69878180169979,Middle
P2823,Zone2,Open mid-/high-rise,2,5,449874.0840999996,4429648.575200001,32.88409453469131,Middle
P2824,Zone2,Open mid-/high-rise,2,5,450874.0840999996,4429648.575200001,33.02005417696866,Middle
P2826,Zone2,Open mid-/high-rise,2,5,452874.0840999996,4429648.575200001,33.25026013773043,Middle
P2827,Zone2,Open mid-/high-rise,2,4,453874.0840999996,4429648.575200001,33.39358867583479,Middle
P2828,Zone2,Open mid-/high-rise,2,5,454874.0840999996,4429648.575200001,33.3448564729355,Middle
P2832,Zone2,Open mid-/high-rise,2,5,458874.0840999996,4429648.575200001,33.05826061434772,Middle
P2833,Zone2,Open mid-/high-rise,2,5,459874.0840999996,4429648.575200001,32.92610201100652,Middle
P2835,Zone2,Open mid-/high-rise,2,5,461874.0840999996,4429648.575200001,32.92124335078032,Middle
P2836,Zone2,Open mid-/high-rise,2,5,462874.0840999996,4429648.575200001,33.17052470365851,Middle
P2838,Zone2,Open mid-/high-rise,2,5,464874.0840999996,4429648.575200001,31.60549308388962,Middle
P2842,Zone2,Open mid-/high-rise,2,5,468874.0840999996,4429648.575200001,30.7693996686799,Low
P2854,Zone2,Open mid-/high-rise,2,5,429874.0840999996,4430648.575200001,28.17849103184391,Low
P2856,Zone2,Open mid-/high-rise,2,5,431874.0840999996,4430648.575200001,29.20636864619252,Low
P2857,Zone2,Open mid-/high-rise,2,5,432874.0840999996,4430648.575200001,29.63635129227094,Low
P2858,Zone2,Open mid-/high-rise,2,5,433874.0840999996,4430648.575200001,30.71422002613555,Low
P2859,Zone2,Open mid-/high-rise,2,5,434874.0840999996,4430648.575200001,31.46288123007816,Middle
P2860,Zone2,Open mid-/high-rise,2,5,435874.0840999996,4430648.575200001,31.70665387698329,Middle
P2867,Zone2,Open mid-/high-rise,2,5,442874.0840999996,4430648.575200001,33.91256220467417,High
P2868,Zone2,Open mid-/high-rise,2,5,443874.0840999996,4430648.575200001,34.02001179944459,High
P2869,Zone2,Open mid-/high-rise,2,5,444874.0840999996,4430648.575200001,34.30182398301652,High
P2870,Zone2,Open mid-/high-rise,2,5,445874.0840999996,4430648.575200001,33.81838653294979,High
P2873,Zone2,Open mid-/high-rise,2,4,448874.0840999996,4430648.575200001,31.87850744662072,Middle
P2878,Zone2,Open mid-/high-rise,2,5,453874.0840999996,4430648.575200001,33.50246120237726,High
P2879,Zone2,Open mid-/high-rise,2,5,454874.0840999996,4430648.575200001,33.3619928951828,Middle
P2882,Zone2,Open mid-/high-rise,2,5,457874.0840999996,4430648.575200001,32.99420831807778,Middle
P2883,Zone2,Open mid-/high-rise,2,5,458874.0840999996,4430648.575200001,32.81149835148256,Middle
P2884,Zone2,Open mid-/high-rise,2,5,459874.0840999996,4430648.575200001,32.62073356570999,Middle
P2885,Zone2,Open mid-/high-rise,2,5,460874.0840999996,4430648.575200001,32.31348426019442,Middle
P2886,Zone2,Open mid-/high-rise,2,5,461874.0840999996,4430648.575200001,32.11833354515633,Middle
P2894,Zone2,Open mid-/high-rise,2,5,470874.0840999996,4430648.575200001,30.56974480475692,Low
P2895,Zone2,Open mid-/high-rise,2,5,471874.0840999996,4430648.575200001,31.00290566611807,Low
P2896,Zone2,Open mid-/high-rise,2,5,472874.0840999996,4430648.575200001,31.88881611579503,Middle
P2905,Zone2,Open mid-/high-rise,2,5,423874.0840999996,4431648.575200001,29.83360169224162,Low
P2911,Zone2,Open mid-/high-rise,2,5,429874.0840999996,4431648.575200001,30.20909449175171,Low
P2913,Zone2,Open mid-/high-rise,2,5,431874.0840999996,4431648.575200001,31.99585544664032,Middle
P2916,Zone2,Open mid-/high-rise,2,5,434874.0840999996,4431648.575200001,32.44441820563538,Middle
P2917,Zone2,Open mid-/high-rise,2,5,435874.0840999996,4431648.575200001,32.88039126717578,Middle
P2918,Zone2,Open mid-/high-rise,2,5,436874.0840999996,4431648.575200001,33.33403053263758,Middle
P2919,Zone2,Open mid-/high-rise,2,5,437874.0840999996,4431648.575200001,33.84612780891456,High
P2929,Zone2,Open mid-/high-rise,2,5,447874.0840999996,4431648.575200001,32.30941554141364,Middle
P2930,Zone2,Open mid-/high-rise,2,4,448874.0840999996,4431648.575200001,32.68202532607985,Middle
P2932,Zone2,Open mid-/high-rise,2,5,450874.0840999996,4431648.575200001,33.1999099567769,Middle
P2937,Zone2,Open mid-/high-rise,2,5,455874.0840999996,4431648.575200001,32.9697886496421,Middle
P2941,Zone2,Open mid-/high-rise,2,5,459874.0840999996,4431648.575200001,32.01130652664155,Middle
P2942,Zone2,Open mid-/high-rise,2,5,460874.0840999996,4431648.575200001,31.60742344835262,Middle
P2946,Zone2,Open mid-/high-rise,2,5,464874.0840999996,4431648.575200001,32.69950506805507,Middle
P2947,Zone2,Open mid-/high-rise,2,5,465874.0840999996,4431648.575200001,32.57861470877952,Middle
P2948,Zone2,Open mid-/high-rise,2,5,466874.0840999996,4431648.575200001,32.31204063069617,Middle
P2949,Zone2,Open mid-/high-rise,2,5,467874.0840999996,4431648.575200001,31.42558287706073,Middle
P2951,Zone2,Open mid-/high-rise,2,5,469874.0840999996,4431648.575200001,31.42059158597332,Middle
P2952,Zone2,Open mid-/high-rise,2,5,470874.0840999996,4431648.575200001,31.88314522974763,Middle
P2954,Zone2,Open mid-/high-rise,2,5,472874.0840999996,4431648.575200001,32.19816731425867,Middle
P2966,Zone2,Open mid-/high-rise,2,4,422874.0840999996,4432648.575200001,30.04495548915888,Low
P2970,Zone2,Open mid-/high-rise,2,5,426874.0840999996,4432648.575200001,31.51970087664474,Middle
P2974,Zone2,Open mid-/high-rise,2,5,430874.0840999996,4432648.575200001,32.66946010346024,Middle
P2975,Zone2,Open mid-/high-rise,2,5,431874.0840999996,4432648.575200001,32.94015622143961,Middle
P2976,Zone2,Open mid-/high-rise,2,5,432874.0840999996,4432648.575200001,32.64686609010341,Middle
P2977,Zone2,Open mid-/high-rise,2,5,433874.0840999996,4432648.575200001,32.63335573889245,Middle
P2984,Zone2,Open mid-/high-rise,2,5,440874.0840999996,4432648.575200001,35.36584004175396,High
P2989,Zone2,Open mid-/high-rise,2,5,445874.0840999996,4432648.575200001,32.43753664337626,Middle
P2990,Zone2,Open mid-/high-rise,2,5,448874.0840999996,4432648.575200001,33.43063846109136,Middle
P2991,Zone2,Open mid-/high-rise,2,4,449874.0840999996,4432648.575200001,33.33566039481011,Middle
P2992,Zone2,Open mid-/high-rise,2,5,450874.0840999996,4432648.575200001,32.86495920932298,Middle
P2993,Zone2,Open mid-/high-rise,2,5,451874.0840999996,4432648.575200001,32.55952582331006,Middle
P3000,Zone2,Open mid-/high-rise,2,5,458874.0840999996,4432648.575200001,32.33658731517522,Middle
P3001,Zone2,Open mid-/high-rise,2,5,459874.0840999996,4432648.575200001,31.96643903877997,Middle
P3002,Zone2,Open mid-/high-rise,2,5,460874.0840999996,4432648.575200001,31.63204862684166,Middle
P3003,Zone2,Open mid-/high-rise,2,5,461874.0840999996,4432648.575200001,31.8707081411521,Middle
P3004,Zone2,Open mid-/high-rise,2,5,462874.0840999996,4432648.575200001,32.23613349120255,Middle
P3005,Zone2,Open mid-/high-rise,2,5,463874.0840999996,4432648.575200001,33.06490163438617,Middle
P3007,Zone2,Open mid-/high-rise,2,5,465874.0840999996,4432648.575200001,34.0078636145935,High
P3008,Zone2,Open mid-/high-rise,2,4,466874.0840999996,4432648.575200001,33.45092357924134,Middle
P3009,Zone2,Open mid-/high-rise,2,5,467874.0840999996,4432648.575200001,32.64329756332558,Middle
P3010,Zone2,Open mid-/high-rise,2,4,468874.0840999996,4432648.575200001,31.62907740098313,Middle
P3011,Zone2,Open mid-/high-rise,2,4,469874.0840999996,4432648.575200001,31.78553112772847,Middle
P3014,Zone2,Open mid-/high-rise,2,5,472874.0840999996,4432648.575200001,32.28768204313806,Middle
P3017,Zone2,Open mid-/high-rise,2,5,475874.0840999996,4432648.575200001,31.58563929745119,Middle
P3033,Zone2,Open mid-/high-rise,2,4,428874.0840999996,4433648.575200001,32.21949277859768,Middle
P3034,Zone2,Open mid-/high-rise,2,5,429874.0840999996,4433648.575200001,32.18121114525709,Middle
P3035,Zone2,Open mid-/high-rise,2,4,430874.0840999996,4433648.575200001,32.29768468861482,Middle
P3036,Zone2,Open mid-/high-rise,2,5,431874.0840999996,4433648.575200001,32.33625795465326,Middle
P3042,Zone2,Open mid-/high-rise,2,5,437874.0840999996,4433648.575200001,32.61026653349934,Middle
P3043,Zone2,Open mid-/high-rise,2,5,438874.0840999996,4433648.575200001,33.30259550828278,Middle
P3044,Zone2,Open mid-/high-rise,2,5,439874.0840999996,4433648.575200001,34.36027984373221,High
P3048,Zone2,Open mid-/high-rise,2,5,443874.0840999996,4433648.575200001,34.93553340926997,High
P3049,Zone2,Open mid-/high-rise,2,5,444874.0840999996,4433648.575200001,34.7937400904483,High
P3050,Zone2,Open mid-/high-rise,2,5,449874.0840999996,4433648.575200001,33.71733219838458,High
P3051,Zone2,Open mid-/high-rise,2,5,450874.0840999996,4433648.575200001,32.93763766489741,Middle
P3052,Zone2,Open mid-/high-rise,2,5,451874.0840999996,4433648.575200001,32.27060290618256,Middle
P3055,Zone2,Open mid-/high-rise,2,5,454874.0840999996,4433648.575200001,31.6437764320573,Middle
P3058,Zone2,Open mid-/high-rise,2,5,457874.0840999996,4433648.575200001,31.49337628382303,Middle
P3059,Zone2,Open mid-/high-rise,2,5,458874.0840999996,4433648.575200001,31.76943541315904,Middle
P3060,Zone2,Open mid-/high-rise,2,5,459874.0840999996,4433648.575200001,31.74834637251648,Middle
P3063,Zone2,Open mid-/high-rise,2,5,462874.0840999996,4433648.575200001,32.86489151102932,Middle
P3065,Zone2,Open mid-/high-rise,2,5,464874.0840999996,4433648.575200001,34.81684544194722,High
P3067,Zone2,Open mid-/high-rise,2,5,468874.0840999996,4433648.575200001,32.39114204181055,Middle
P3068,Zone2,Open mid-/high-rise,2,5,469874.0840999996,4433648.575200001,32.10681172328354,Middle
P3069,Zone2,Open mid-/high-rise,2,5,470874.0840999996,4433648.575200001,32.03233796713619,Middle
P3092,Zone2,Open mid-/high-rise,2,5,422874.0840999996,4434648.575200001,30.72040423144814,Low
P3097,Zone2,Open mid-/high-rise,2,5,427874.0840999996,4434648.575200001,32.25968951463624,Middle
P3098,Zone2,Open mid-/high-rise,2,4,428874.0840999996,4434648.575200001,32.17661895220503,Middle
P3099,Zone2,Open mid-/high-rise,2,5,429874.0840999996,4434648.575200001,32.1416380312594,Middle
P3104,Zone2,Open mid-/high-rise,2,5,434874.0840999996,4434648.575200001,33.54166924938977,High
P3105,Zone2,Open mid-/high-rise,2,5,435874.0840999996,4434648.575200001,32.94576213147226,Middle
P3109,Zone2,Open mid-/high-rise,2,5,439874.0840999996,4434648.575200001,34.10285693800676,High
P3112,Zone2,Open mid-/high-rise,2,5,450874.0840999996,4434648.575200001,33.47707670781169,High
P3113,Zone2,Open mid-/high-rise,2,5,451874.0840999996,4434648.575200001,32.59673262164082,Middle
P3121,Zone2,Open mid-/high-rise,2,5,460874.0840999996,4434648.575200001,32.52953270304813,Middle
P3122,Zone2,Open mid-/high-rise,2,5,461874.0840999996,4434648.575200001,33.36801236562125,Middle
P3125,Zone2,Open mid-/high-rise,2,5,464874.0840999996,4434648.575200001,35.84145826701855,High
P3131,Zone2,Open mid-/high-rise,2,5,472874.0840999996,4434648.575200001,31.47111761095078,Middle
P3159,Zone2,Open mid-/high-rise,2,5,424874.0840999996,4435648.575200001,32.42149644909357,Middle
P3160,Zone2,Open mid-/high-rise,2,5,425874.0840999996,4435648.575200001,32.41003582789641,Middle
P3162,Zone2,Open mid-/high-rise,2,5,427874.0840999996,4435648.575200001,32.34448804122017,Middle
P3163,Zone2,Open mid-/high-rise,2,5,428874.0840999996,4435648.575200001,32.24583382053129,Middle
P3164,Zone2,Open mid-/high-rise,2,5,429874.0840999996,4435648.575200001,32.16239858135466,Middle
P3165,Zone2,Open mid-/high-rise,2,5,430874.0840999996,4435648.575200001,32.17669890934847,Middle
P3167,Zone2,Open mid-/high-rise,2,5,432874.0840999996,4435648.575200001,33.12134061715414,Middle
P3168,Zone2,Open mid-/high-rise,2,5,433874.0840999996,4435648.575200001,33.45466699774411,Middle
P3169,Zone2,Open mid-/high-rise,2,5,434874.0840999996,4435648.575200001,33.36111117484212,Middle
P3171,Zone2,Open mid-/high-rise,2,4,436874.0840999996,4435648.575200001,33.06616174550253,Middle
P3173,Zone2,Open mid-/high-rise,2,5,438874.0840999996,4435648.575200001,33.40365663865899,Middle
P3174,Zone2,Open mid-/high-rise,2,5,453874.0840999996,4435648.575200001,31.2625357885231,Low
P3182,Zone2,Open mid-/high-rise,2,5,461874.0840999996,4435648.575200001,34.75598439497066,High
P3184,Zone2,Open mid-/high-rise,2,5,463874.0840999996,4435648.575200001,36.23607147414292,High
P3185,Zone2,Open mid-/high-rise,2,5,467874.0840999996,4435648.575200001,33.67297205617499,High
P3199,Zone2,Open mid-/high-rise,2,5,483874.0840999996,4435648.575200001,32.6056564269233,Middle
P3224,Zone2,Open mid-/high-rise,2,5,429874.0840999996,4436648.575200001,31.6898001664835,Middle
P3225,Zone2,Open mid-/high-rise,2,5,430874.0840999996,4436648.575200001,31.80779550902317,Middle
P3231,Zone2,Open mid-/high-rise,2,5,436874.0840999996,4436648.575200001,33.39957480846854,Middle
P3234,Zone2,Open mid-/high-rise,2,5,453874.0840999996,4436648.575200001,31.64606504541128,Middle
P3237,Zone2,Open mid-/high-rise,2,5,458874.0840999996,4436648.575200001,32.40951685866312,Middle
P3238,Zone2,Open mid-/high-rise,2,5,459874.0840999996,4436648.575200001,32.92801916008202,Middle
P3239,Zone2,Open mid-/high-rise,2,5,460874.0840999996,4436648.575200001,33.94152593468338,High
P3240,Zone2,Open mid-/high-rise,2,5,461874.0840999996,4436648.575200001,34.9067816518685,High
P3241,Zone2,Open mid-/high-rise,2,5,462874.0840999996,4436648.575200001,35.23327227159781,High
P3242,Zone2,Open mid-/high-rise,2,5,464874.0840999996,4436648.575200001,36.89957653565558,High
P3244,Zone2,Open mid-/high-rise,2,5,468874.0840999996,4436648.575200001,34.00935510219932,High
P3246,Zone2,Open mid-/high-rise,2,5,470874.0840999996,4436648.575200001,33.04089514114887,Middle
P3248,Zone2,Open mid-/high-rise,2,5,472874.0840999996,4436648.575200001,31.81983508017671,Middle
P3249,Zone2,Open mid-/high-rise,2,5,473874.0840999996,4436648.575200001,31.99064811043888,Middle
P3252,Zone2,Open mid-/high-rise,2,5,477874.0840999996,4436648.575200001,30.50856997553281,Low
P3276,Zone2,Open mid-/high-rise,2,5,421874.0840999996,4437648.575200001,29.32028120227975,Low
P3278,Zone2,Open mid-/high-rise,2,5,423874.0840999996,4437648.575200001,32.28266461190163,Middle
P3285,Zone2,Open mid-/high-rise,2,5,430874.0840999996,4437648.575200001,31.51115128312546,Middle
P3288,Zone2,Open mid-/high-rise,2,5,433874.0840999996,4437648.575200001,32.87619824682371,Middle
P3289,Zone2,Open mid-/high-rise,2,5,434874.0840999996,4437648.575200001,33.03874901304608,Middle
P3290,Zone2,Open mid-/high-rise,2,4,435874.0840999996,4437648.575200001,33.03865274155271,Middle
P3291,Zone2,Open mid-/high-rise,2,5,436874.0840999996,4437648.575200001,33.13212873583303,Middle
P3294,Zone2,Open mid-/high-rise,2,5,456874.0840999996,4437648.575200001,31.71988644229756,Middle
P3296,Zone2,Open mid-/high-rise,2,5,458874.0840999996,4437648.575200001,32.61214497421741,Middle
P3297,Zone2,Open mid-/high-rise,2,5,459874.0840999996,4437648.575200001,33.14097229638433,Middle
P3299,Zone2,Open mid-/high-rise,2,5,461874.0840999996,4437648.575200001,34.65121438085811,High
P3301,Zone2,Open mid-/high-rise,2,5,467874.0840999996,4437648.575200001,34.13843015465236,High
P3303,Zone2,Open mid-/high-rise,2,5,469874.0840999996,4437648.575200001,35.02940461538261,High
P3304,Zone2,Open mid-/high-rise,2,5,470874.0840999996,4437648.575200001,34.6430859447431,High
P3305,Zone2,Open mid-/high-rise,2,5,471874.0840999996,4437648.575200001,33.79876102558995,High
P3306,Zone2,Open mid-/high-rise,2,5,472874.0840999996,4437648.575200001,33.47697970004904,High
P3307,Zone2,Open mid-/high-rise,2,5,473874.0840999996,4437648.575200001,32.66297139219643,Middle
P3309,Zone2,Open mid-/high-rise,2,5,475874.0840999996,4437648.575200001,30.59098752695454,Low
P3310,Zone2,Open mid-/high-rise,2,5,477874.0840999996,4437648.575200001,30.85309377619778,Low
P3312,Zone2,Open mid-/high-rise,2,5,479874.0840999996,4437648.575200001,31.86065786406187,Middle
P3332,Zone2,Open mid-/high-rise,2,5,420874.0840999996,4438648.575200001,28.38269328319287,Low
P3338,Zone2,Open mid-/high-rise,2,5,426874.0840999996,4438648.575200001,31.80367570466145,Middle
P3339,Zone2,Open mid-/high-rise,2,5,427874.0840999996,4438648.575200001,31.38828309060415,Low
P3340,Zone2,Open mid-/high-rise,2,5,428874.0840999996,4438648.575200001,31.05373404058806,Low
P3343,Zone2,Open mid-/high-rise,2,5,432874.0840999996,4438648.575200001,32.919309406583,Middle
P3345,Zone2,Open mid-/high-rise,2,5,435874.0840999996,4438648.575200001,32.50762963151552,Middle
P3346,Zone2,Open mid-/high-rise,2,4,436874.0840999996,4438648.575200001,32.44822986573719,Middle
P3351,Zone2,Open mid-/high-rise,2,5,459874.0840999996,4438648.575200001,33.47828272316767,High
P3353,Zone2,Open mid-/high-rise,2,5,461874.0840999996,4438648.575200001,34.40941136976634,High
P3355,Zone2,Open mid-/high-rise,2,5,463874.0840999996,4438648.575200001,35.21271244188243,High
P3356,Zone2,Open mid-/high-rise,2,5,466874.0840999996,4438648.575200001,34.87249877612116,High
P3357,Zone2,Open mid-/high-rise,2,5,467874.0840999996,4438648.575200001,34.2803585069082,High
P3358,Zone2,Open mid-/high-rise,2,5,468874.0840999996,4438648.575200001,34.37535894490104,High
P3359,Zone2,Open mid-/high-rise,2,5,469874.0840999996,4438648.575200001,35.0555537150075,High
P3360,Zone2,Open mid-/high-rise,2,5,470874.0840999996,4438648.575200001,35.32897705667209,High
P3361,Zone2,Open mid-/high-rise,2,5,471874.0840999996,4438648.575200001,34.76680826030859,High
P3365,Zone2,Open mid-/high-rise,2,5,475874.0840999996,4438648.575200001,30.96760012597784,Low
P3388,Zone2,Open mid-/high-rise,2,5,421874.0840999996,4439648.575200001,30.33524529733716,Low
P3392,Zone2,Open mid-/high-rise,2,5,425874.0840999996,4439648.575200001,32.20898957015477,Middle
P3393,Zone2,Open mid-/high-rise,2,5,426874.0840999996,4439648.575200001,31.97380155095665,Middle
P3398,Zone2,Open mid-/high-rise,2,5,434874.0840999996,4439648.575200001,32.24139769545891,Middle
P3399,Zone2,Open mid-/high-rise,2,5,456874.0840999996,4439648.575200001,32.07511024153057,Middle
P3402,Zone2,Open mid-/high-rise,2,5,459874.0840999996,4439648.575200001,33.63080705016198,High
P3404,Zone2,Open mid-/high-rise,2,5,461874.0840999996,4439648.575200001,33.80431117103526,High
P3405,Zone2,Open mid-/high-rise,2,5,462874.0840999996,4439648.575200001,33.97163068594918,High
P3408,Zone2,Open mid-/high-rise,2,5,465874.0840999996,4439648.575200001,34.90040608832978,High
P3410,Zone2,Open mid-/high-rise,2,5,467874.0840999996,4439648.575200001,33.81381201086568,High
P3412,Zone2,Open mid-/high-rise,2,5,469874.0840999996,4439648.575200001,34.92211525782453,High
P3413,Zone2,Open mid-/high-rise,2,5,470874.0840999996,4439648.575200001,35.10628086302744,High
P3414,Zone2,Open mid-/high-rise,2,5,471874.0840999996,4439648.575200001,34.77733413932322,High
P3415,Zone2,Open mid-/high-rise,2,5,472874.0840999996,4439648.575200001,34.68057430432066,High
P3434,Zone2,Open mid-/high-rise,2,5,492874.0840999996,4439648.575200001,30.56756352122714,Low
P3454,Zone2,Open mid-/high-rise,2,5,458874.0840999996,4440648.575200001,32.58348343213868,Middle
P3455,Zone2,Open mid-/high-rise,2,5,459874.0840999996,4440648.575200001,33.01194456432282,Middle
P3456,Zone2,Open mid-/high-rise,2,5,460874.0840999996,4440648.575200001,33.11314164399046,Middle
P3457,Zone2,Open mid-/high-rise,2,5,461874.0840999996,4440648.575200001,33.10675196858567,Middle
P3459,Zone2,Open mid-/high-rise,2,5,463874.0840999996,4440648.575200001,33.31716357284035,Middle
P3460,Zone2,Open mid-/high-rise,2,5,464874.0840999996,4440648.575200001,33.79143434863219,High
P3461,Zone2,Open mid-/high-rise,2,5,465874.0840999996,4440648.575200001,34.33825599958114,High
P3462,Zone2,Open mid-/high-rise,2,5,466874.0840999996,4440648.575200001,34.0574147200098,High
P3463,Zone2,Open mid-/high-rise,2,4,467874.0840999996,4440648.575200001,33.82362433774674,High
P3464,Zone2,Open mid-/high-rise,2,5,468874.0840999996,4440648.575200001,34.34519610520372,High
P3466,Zone2,Open mid-/high-rise,2,5,470874.0840999996,4440648.575200001,35.14546592677421,High
P3467,Zone2,Open mid-/high-rise,2,5,471874.0840999996,4440648.575200001,34.49308662433731,High
P3491,Zone2,Open mid-/high-rise,2,5,432874.0840999996,4441648.575200001,32.53897055226221,Middle
P3492,Zone2,Open mid-/high-rise,2,5,433874.0840999996,4441648.575200001,32.1471607182705,Middle
P3493,Zone2,Open mid-/high-rise,2,5,434874.0840999996,4441648.575200001,32.43661094035394,Middle
P3494,Zone2,Open mid-/high-rise,2,5,456874.0840999996,4441648.575200001,31.78347888711813,Middle
P3499,Zone2,Open mid-/high-rise,2,5,461874.0840999996,4441648.575200001,32.90192231696999,Middle
P3501,Zone2,Open mid-/high-rise,2,5,463874.0840999996,4441648.575200001,33.2886932082017,Middle
P3503,Zone2,Open mid-/high-rise,2,5,465874.0840999996,4441648.575200001,33.90233643795902,High
P3504,Zone2,Open mid-/high-rise,2,5,466874.0840999996,4441648.575200001,33.8812138481304,High
P3505,Zone2,Open mid-/high-rise,2,5,467874.0840999996,4441648.575200001,34.13192077251151,High
P3506,Zone2,Open mid-/high-rise,2,5,468874.0840999996,4441648.575200001,34.75648776717532,High
P3508,Zone2,Open mid-/high-rise,2,5,470874.0840999996,4441648.575200001,34.85200849965833,High
P3509,Zone2,Open mid-/high-rise,2,5,473874.0840999996,4441648.575200001,31.42176392178614,Middle
P3524,Zone2,Open mid-/high-rise,2,5,488874.0840999996,4441648.575200001,31.5540351036035,Middle
P3525,Zone2,Open mid-/high-rise,2,5,489874.0840999996,4441648.575200001,31.58336212392755,Middle
P3539,Zone2,Open mid-/high-rise,2,5,455874.0840999996,4442648.575200001,31.72593821478549,Middle
P3540,Zone2,Open mid-/high-rise,2,5,456874.0840999996,4442648.575200001,32.02334695621712,Middle
P3548,Zone2,Open mid-/high-rise,2,5,464874.0840999996,4442648.575200001,33.55958545138515,High
P3550,Zone2,Open mid-/high-rise,2,5,466874.0840999996,4442648.575200001,34.27296417395682,High
P3552,Zone2,Open mid-/high-rise,2,5,468874.0840999996,4442648.575200001,34.734237837389,High
P3554,Zone2,Open mid-/high-rise,2,4,470874.0840999996,4442648.575200001,34.32813761906748,High
P3555,Zone2,Open mid-/high-rise,2,5,472874.0840999996,4442648.575200001,32.02894150665575,Middle
P3558,Zone2,Open mid-/high-rise,2,5,475874.0840999996,4442648.575200001,32.54159165538519,Middle
P3561,Zone2,Open mid-/high-rise,2,5,478874.0840999996,4442648.575200001,32.1294428804412,Middle
P3575,Zone2,Open mid-/high-rise,2,5,492874.0840999996,4442648.575200001,30.38945426803175,Low
P3598,Zone2,Open mid-/high-rise,2,4,469874.0840999996,4443648.575200001,34.09647151130023,High
P3599,Zone2,Open mid-/high-rise,2,5,470874.0840999996,4443648.575200001,33.77799463424607,High
P3601,Zone2,Open mid-/high-rise,2,5,473874.0840999996,4443648.575200001,32.19926332593358,Middle
P3607,Zone2,Open mid-/high-rise,2,5,479874.0840999996,4443648.575200001,31.18237260189042,Low
P3641,Zone2,Open mid-/high-rise,2,5,469874.0840999996,4444648.575200001,32.92541476427725,Middle
P3642,Zone2,Open mid-/high-rise,2,5,470874.0840999996,4444648.575200001,32.23522603055481,Middle
P3651,Zone2,Open mid-/high-rise,2,5,480874.0840999996,4444648.575200001,31.77026580325098,Middle
P3654,Zone2,Open mid-/high-rise,2,5,483874.0840999996,4444648.575200001,32.27101450318766,Middle
P3656,Zone2,Open mid-/high-rise,2,5,485874.0840999996,4444648.575200001,32.56058507328572,Middle
P3662,Zone2,Open mid-/high-rise,2,5,491874.0840999996,4444648.575200001,30.89831541618296,Low
P3670,Zone2,Open mid-/high-rise,2,5,456874.0840999996,4445648.575200001,32.19831184729568,Middle
P3674,Zone2,Open mid-/high-rise,2,5,460874.0840999996,4445648.575200001,32.00374866186455,Middle
P3682,Zone2,Open mid-/high-rise,2,5,468874.0840999996,4445648.575200001,33.59747293360996,High
P3684,Zone2,Open mid-/high-rise,2,5,470874.0840999996,4445648.575200001,32.49599996747664,Middle
P3696,Zone2,Open mid-/high-rise,2,4,483874.0840999996,4445648.575200001,32.12135072416314,Middle
P3697,Zone2,Open mid-/high-rise,2,5,484874.0840999996,4445648.575200001,32.65460503552332,Middle
P3698,Zone2,Open mid-/high-rise,2,5,485874.0840999996,4445648.575200001,32.5984636540457,Middle
P3709,Zone2,Open mid-/high-rise,2,5,455874.0840999996,4446648.575200001,32.4329973439715,Middle
P3716,Zone2,Open mid-/high-rise,2,5,462874.0840999996,4446648.575200001,31.28851640352861,Low
P3717,Zone2,Open mid-/high-rise,2,5,463874.0840999996,4446648.575200001,31.88054990092234,Middle
P3718,Zone2,Open mid-/high-rise,2,5,464874.0840999996,4446648.575200001,32.26473543394034,Middle
P3723,Zone2,Open mid-/high-rise,2,5,469874.0840999996,4446648.575200001,33.65744692980449,High
P3724,Zone2,Open mid-/high-rise,2,5,470874.0840999996,4446648.575200001,32.41070880807673,Middle
P3725,Zone2,Open mid-/high-rise,2,5,471874.0840999996,4446648.575200001,31.51323990930727,Middle
P3734,Zone2,Open mid-/high-rise,2,5,480874.0840999996,4446648.575200001,31.10642381205069,Low
P3737,Zone2,Open mid-/high-rise,2,5,483874.0840999996,4446648.575200001,31.29986762318276,Low
P3739,Zone2,Open mid-/high-rise,2,5,485874.0840999996,4446648.575200001,31.95369214135777,Middle
P3740,Zone2,Open mid-/high-rise,2,5,486874.0840999996,4446648.575200001,31.57125001625692,Middle
P3757,Zone2,Open mid-/high-rise,2,5,463874.0840999996,4447648.575200001,31.64805720381118,Middle
P3759,Zone2,Open mid-/high-rise,2,5,465874.0840999996,4447648.575200001,32.80125088278491,Middle
P3761,Zone2,Open mid-/high-rise,2,5,467874.0840999996,4447648.575200001,33.4368254395405,Middle
P3763,Zone2,Open mid-/high-rise,2,4,469874.0840999996,4447648.575200001,32.89871189456561,Middle
P3764,Zone2,Open mid-/high-rise,2,5,470874.0840999996,4447648.575200001,31.75909368027401,Middle
P3766,Zone2,Open mid-/high-rise,2,5,472874.0840999996,4447648.575200001,31.19795079603186,Low
P3775,Zone2,Open mid-/high-rise,2,5,481874.0840999996,4447648.575200001,31.31130662575632,Low
P3781,Zone2,Open mid-/high-rise,2,5,487874.0840999996,4447648.575200001,30.93914995428437,Low
P3802,Zone2,Open mid-/high-rise,2,5,469874.0840999996,4448648.575200001,32.5636262354761,Middle
P3803,Zone2,Open mid-/high-rise,2,5,470874.0840999996,4448648.575200001,31.63912657577121,Middle
P3813,Zone2,Open mid-/high-rise,2,5,481874.0840999996,4448648.575200001,31.33930252634779,Low
P3824,Zone2,Open mid-/high-rise,2,5,492874.0840999996,4448648.575200001,30.29167622334373,Low
P3841,Zone2,Open mid-/high-rise,2,5,469874.0840999996,4449648.575200001,32.40448297847956,Middle
P3842,Zone2,Open mid-/high-rise,2,5,470874.0840999996,4449648.575200001,31.45884500125446,Middle
P3843,Zone2,Open mid-/high-rise,2,5,472874.0840999996,4449648.575200001,30.38253118626987,Low
P3844,Zone2,Open mid-/high-rise,2,5,473874.0840999996,4449648.575200001,30.71064016565715,Low
P3861,Zone2,Open mid-/high-rise,2,5,490874.0840999996,4449648.575200001,30.34822302421374,Low
P3868,Zone2,Open mid-/high-rise,2,5,457874.0840999996,4450648.575200001,31.40981538779118,Low
P3872,Zone2,Open mid-/high-rise,2,5,461874.0840999996,4450648.575200001,32.38447381197518,Middle
P3876,Zone2,Open mid-/high-rise,2,5,465874.0840999996,4450648.575200001,32.48685397854297,Middle
P3880,Zone2,Open mid-/high-rise,2,5,469874.0840999996,4450648.575200001,32.78404952465295,Middle
P3881,Zone2,Open mid-/high-rise,2,5,470874.0840999996,4450648.575200001,32.63983895685237,Middle
P3885,Zone2,Open mid-/high-rise,2,5,476874.0840999996,4450648.575200001,32.89187254748639,Middle
P3901,Zone2,Open mid-/high-rise,2,5,492874.0840999996,4450648.575200001,30.17484630387226,Low
P3905,Zone2,Open mid-/high-rise,2,4,457874.0840999996,4451648.575200001,31.10205021861359,Low
P3906,Zone2,Open mid-/high-rise,2,5,458874.0840999996,4451648.575200001,31.34940009676202,Low
P3907,Zone2,Open mid-/high-rise,2,5,459874.0840999996,4451648.575200001,32.00498091559565,Middle
P3917,Zone2,Open mid-/high-rise,2,5,469874.0840999996,4451648.575200001,33.52721238116168,High
P3919,Zone2,Open mid-/high-rise,2,5,471874.0840999996,4451648.575200001,32.12821929784992,Middle
P3928,Zone2,Open mid-/high-rise,2,5,481874.0840999996,4451648.575200001,31.07129838505923,Low
P3946,Zone2,Open mid-/high-rise,2,5,460874.0840999996,4452648.575200001,32.49963101749575,Middle
P3959,Zone2,Open mid-/high-rise,2,5,474874.0840999996,4452648.575200001,30.82342591006269,Low
P3963,Zone2,Open mid-/high-rise,2,5,478874.0840999996,4452648.575200001,31.46275999184818,Middle
P3966,Zone2,Open mid-/high-rise,2,5,481874.0840999996,4452648.575200001,30.9998358119564,Low
P3985,Zone2,Open mid-/high-rise,2,5,463874.0840999996,4453648.575200001,31.68206402233242,Middle
P3996,Zone2,Open mid-/high-rise,2,5,476874.0840999996,4453648.575200001,30.94813618459056,Low
P3997,Zone2,Open mid-/high-rise,2,5,477874.0840999996,4453648.575200001,30.86211842184809,Low
P4000,Zone2,Open mid-/high-rise,2,5,480874.0840999996,4453648.575200001,31.26279559078149,Low
P4021,Zone2,Open mid-/high-rise,2,5,466874.0840999996,4454648.575200001,31.03974473831499,Low
P4031,Zone2,Open mid-/high-rise,2,5,479874.0840999996,4454648.575200001,31.43146402576441,Middle
P4032,Zone2,Open mid-/high-rise,2,5,480874.0840999996,4454648.575200001,31.54817888477996,Middle
P4060,Zone2,Open mid-/high-rise,2,5,479874.0840999996,4455648.575200001,31.37331304731933,Low
P4063,Zone2,Open mid-/high-rise,2,5,482874.0840999996,4455648.575200001,31.53396006831972,Middle
P4076,Zone2,Open mid-/high-rise,2,5,467874.0840999996,4456648.575200001,32.02613000876046,Middle
P4089,Zone2,Open mid-/high-rise,2,5,488874.0840999996,4456648.575200001,28.79821247143141,Low
P11,Zone3,Open low-rise,3,6,441874.0840999996,4368648.575200001,31.817835430444422,Middle
P39,Zone3,Open low-rise,3,6,439874.0840999996,4371648.575200001,32.10038163282722,Middle
P41,Zone3,Open low-rise,3,6,441874.0840999996,4371648.575200001,31.44530004358956,Middle
P42,Zone3,Open low-rise,3,6,442874.0840999996,4371648.575200001,31.32035127749739,Low
P49,Zone3,Open low-rise,3,6,438874.0840999996,4372648.575200001,32.78254523900259,Middle
P51,Zone3,Open low-rise,3,6,440874.0840999996,4372648.575200001,32.50447083746517,Middle
P60,Zone3,Open low-rise,3,6,437874.0840999996,4373648.575200001,32.65314933632582,Middle
P61,Zone3,Open low-rise,3,6,438874.0840999996,4373648.575200001,33.21101106816901,Middle
P64,Zone3,Open low-rise,3,6,441874.0840999996,4373648.575200001,32.91573554849548,Middle
P65,Zone3,Open low-rise,3,6,442874.0840999996,4373648.575200001,32.31536490038247,Middle
P72,Zone3,Open low-rise,3,6,438874.0840999996,4374648.575200001,32.83919914302066,Middle
P86,Zone3,Open low-rise,3,6,440874.0840999996,4375648.575200001,32.38812536142313,Middle
P114,Zone3,Open low-rise,3,6,452874.0840999996,4376648.575200001,32.43948613554797,Middle
P123,Zone3,Open low-rise,3,6,442874.0840999996,4377648.575200001,32.02298454087235,Middle
P134,Zone3,Open low-rise,3,6,453874.0840999996,4377648.575200001,32.50241255545436,Middle
P141,Zone3,Open low-rise,3,6,440874.0840999996,4378648.575200001,32.15357159311921,Middle
P150,Zone3,Open low-rise,3,6,449874.0840999996,4378648.575200001,32.17733774595285,Middle
P151,Zone3,Open low-rise,3,6,450874.0840999996,4378648.575200001,32.00178745701198,Middle
P159,Zone3,Open low-rise,3,6,435874.0840999996,4379648.575200001,31.71191232459989,Middle
P164,Zone3,Open low-rise,3,6,440874.0840999996,4379648.575200001,32.38240052401198,Middle
P165,Zone3,Open low-rise,3,6,441874.0840999996,4379648.575200001,32.37804922192409,Middle
P189,Zone3,Open low-rise,3,6,441874.0840999996,4380648.575200001,32.49505163905047,Middle
P201,Zone3,Open low-rise,3,6,453874.0840999996,4380648.575200001,31.71178956383316,Middle
P214,Zone3,Open low-rise,3,6,440874.0840999996,4381648.575200001,32.63492931128015,Middle
P232,Zone3,Open low-rise,3,6,433874.0840999996,4382648.575200001,32.12369511154532,Middle
P233,Zone3,Open low-rise,3,6,434874.0840999996,4382648.575200001,31.88051259597641,Middle
P241,Zone3,Open low-rise,3,6,442874.0840999996,4382648.575200001,33.16120931764227,Middle
P249,Zone3,Open low-rise,3,6,450874.0840999996,4382648.575200001,31.15130959769677,Low
P265,Zone3,Open low-rise,3,6,439874.0840999996,4383648.575200001,33.25020134664612,Middle
P268,Zone3,Open low-rise,3,6,442874.0840999996,4383648.575200001,33.35977378447949,Middle
P270,Zone3,Open low-rise,3,6,444874.0840999996,4383648.575200001,33.48844694473944,High
P289,Zone3,Open low-rise,3,6,480874.0840999996,4383648.575200001,31.882972309379795,Middle
P294,Zone3,Open low-rise,3,6,436874.0840999996,4384648.575200001,32.10878074108938,Middle
P297,Zone3,Open low-rise,3,6,439874.0840999996,4384648.575200001,33.51642358157763,High
P298,Zone3,Open low-rise,3,6,440874.0840999996,4384648.575200001,33.7640426171471,High
P299,Zone3,Open low-rise,3,6,441874.0840999996,4384648.575200001,33.5216458254194,High
P300,Zone3,Open low-rise,3,6,442874.0840999996,4384648.575200001,33.78184492443368,High
P302,Zone3,Open low-rise,3,6,444874.0840999996,4384648.575200001,33.42564467796773,Middle
P304,Zone3,Open low-rise,3,6,446874.0840999996,4384648.575200001,32.99242216949163,Middle
P306,Zone3,Open low-rise,3,6,448874.0840999996,4384648.575200001,32.78212250575353,Middle
P307,Zone3,Open low-rise,3,6,449874.0840999996,4384648.575200001,32.48090839844321,Middle
P314,Zone3,Open low-rise,3,6,456874.0840999996,4384648.575200001,31.8361243646578,Middle
P326,Zone3,Open low-rise,3,6,472874.0840999996,4384648.575200001,31.6453298454918,Middle
P339,Zone3,Open low-rise,3,6,442874.0840999996,4385648.575200001,33.63511213210322,High
P340,Zone3,Open low-rise,3,6,443874.0840999996,4385648.575200001,33.64121944677434,High
P341,Zone3,Open low-rise,3,6,444874.0840999996,4385648.575200001,33.30689030590572,Middle
P342,Zone3,Open low-rise,3,6,445874.0840999996,4385648.575200001,33.02099237350858,Middle
P352,Zone3,Open low-rise,3,6,455874.0840999996,4385648.575200001,32.55797849443256,Middle
P354,Zone3,Open low-rise,3,6,457874.0840999996,4385648.575200001,32.05155517174128,Middle
P355,Zone3,Open low-rise,3,6,458874.0840999996,4385648.575200001,31.7362054005616,Middle
P362,Zone3,Open low-rise,3,6,469874.0840999996,4385648.575200001,31.89325705041428,Middle
P363,Zone3,Open low-rise,3,6,470874.0840999996,4385648.575200001,31.57519189505779,Middle
P371,Zone3,Open low-rise,3,6,481874.0840999996,4385648.575200001,30.99325272135759,Low
P380,Zone3,Open low-rise,3,6,437874.0840999996,4386648.575200001,31.80470547835248,Middle
P385,Zone3,Open low-rise,3,6,442874.0840999996,4386648.575200001,33.34245948474931,Middle
P386,Zone3,Open low-rise,3,6,443874.0840999996,4386648.575200001,33.35764794243838,Middle
P387,Zone3,Open low-rise,3,6,444874.0840999996,4386648.575200001,33.08534880906644,Middle
P389,Zone3,Open low-rise,3,6,446874.0840999996,4386648.575200001,33.04458845456775,Middle
P398,Zone3,Open low-rise,3,6,455874.0840999996,4386648.575200001,32.11464651442613,Middle
P401,Zone3,Open low-rise,3,6,458874.0840999996,4386648.575200001,31.94497243807667,Middle
P412,Zone3,Open low-rise,3,6,469874.0840999996,4386648.575200001,32.19659028156092,Middle
P420,Zone3,Open low-rise,3,6,477874.0840999996,4386648.575200001,31.63470035739192,Middle
P435,Zone3,Open low-rise,3,6,441874.0840999996,4387648.575200001,32.83257168200574,Middle
P436,Zone3,Open low-rise,3,6,442874.0840999996,4387648.575200001,32.87705915316418,Middle
P437,Zone3,Open low-rise,3,6,443874.0840999996,4387648.575200001,32.93835323313329,Middle
P438,Zone3,Open low-rise,3,6,444874.0840999996,4387648.575200001,32.81869975889997,Middle
P449,Zone3,Open low-rise,3,6,455874.0840999996,4387648.575200001,31.6675542101354,Middle
P466,Zone3,Open low-rise,3,6,472874.0840999996,4387648.575200001,31.71433985904581,Middle
P473,Zone3,Open low-rise,3,6,479874.0840999996,4387648.575200001,31.82872330255636,Middle
P476,Zone3,Open low-rise,3,6,482874.0840999996,4387648.575200001,31.70423208773695,Middle
P482,Zone3,Open low-rise,3,6,437874.0840999996,4388648.575200001,32.36656919846791,Middle
P483,Zone3,Open low-rise,3,6,438874.0840999996,4388648.575200001,32.47475194787997,Middle
P490,Zone3,Open low-rise,3,6,445874.0840999996,4388648.575200001,32.3568242827008,Middle
P501,Zone3,Open low-rise,3,6,456874.0840999996,4388648.575200001,31.62937013940502,Middle
P511,Zone3,Open low-rise,3,6,466874.0840999996,4388648.575200001,32.37422588713505,Middle
P515,Zone3,Open low-rise,3,6,470874.0840999996,4388648.575200001,33.27743068755985,Middle
P532,Zone3,Open low-rise,3,6,434874.0840999996,4389648.575200001,31.87901068791114,Middle
P534,Zone3,Open low-rise,3,6,436874.0840999996,4389648.575200001,32.17634850213661,Middle
P562,Zone3,Open low-rise,3,6,464874.0840999996,4389648.575200001,31.9620551196108,Middle
P564,Zone3,Open low-rise,3,6,466874.0840999996,4389648.575200001,32.45223297598575,Middle
P594,Zone3,Open low-rise,3,6,442874.0840999996,4390648.575200001,32.60974528966179,Middle
P599,Zone3,Open low-rise,3,6,447874.0840999996,4390648.575200001,32.77657492566594,Middle
P600,Zone3,Open low-rise,3,6,448874.0840999996,4390648.575200001,32.95670825934688,Middle
P601,Zone3,Open low-rise,3,6,449874.0840999996,4390648.575200001,32.93627199464355,Middle
P610,Zone3,Open low-rise,3,6,458874.0840999996,4390648.575200001,32.23571642359921,Middle
P612,Zone3,Open low-rise,3,6,460874.0840999996,4390648.575200001,32.01393251715351,Middle
P614,Zone3,Open low-rise,3,6,462874.0840999996,4390648.575200001,32.28430775699966,Middle
P617,Zone3,Open low-rise,3,6,465874.0840999996,4390648.575200001,32.24814487423491,Middle
P622,Zone3,Open low-rise,3,6,470874.0840999996,4390648.575200001,31.91701043808635,Middle
P632,Zone3,Open low-rise,3,6,480874.0840999996,4390648.575200001,31.46208577041445,Middle
P633,Zone3,Open low-rise,3,6,481874.0840999996,4390648.575200001,31.61547541893561,Middle
P637,Zone3,Open low-rise,3,6,433874.0840999996,4391648.575200001,31.85025314597983,Middle
P646,Zone3,Open low-rise,3,6,442874.0840999996,4391648.575200001,33.79473001902985,High
P650,Zone3,Open low-rise,3,6,446874.0840999996,4391648.575200001,33.1232840362097,Middle
P651,Zone3,Open low-rise,3,6,447874.0840999996,4391648.575200001,33.30079705428616,Middle
P655,Zone3,Open low-rise,3,6,451874.0840999996,4391648.575200001,32.48832607823978,Middle
P669,Zone3,Open low-rise,3,6,465874.0840999996,4391648.575200001,32.46931290660915,Middle
P677,Zone3,Open low-rise,3,6,473874.0840999996,4391648.575200001,32.42401255804589,Middle
P679,Zone3,Open low-rise,3,6,475874.0840999996,4391648.575200001,32.61353069565467,Middle
P687,Zone3,Open low-rise,3,6,483874.0840999996,4391648.575200001,31.08679665599561,Low
P688,Zone3,Open low-rise,3,6,484874.0840999996,4391648.575200001,31.11933310406831,Low
P702,Zone3,Open low-rise,3,6,442874.0840999996,4392648.575200001,34.4647799565666,High
P707,Zone3,Open low-rise,3,6,447874.0840999996,4392648.575200001,33.30865018519422,Middle
P716,Zone3,Open low-rise,3,6,456874.0840999996,4392648.575200001,32.11174029838055,Middle
P717,Zone3,Open low-rise,3,6,457874.0840999996,4392648.575200001,32.21709229367978,Middle
P719,Zone3,Open low-rise,3,6,459874.0840999996,4392648.575200001,32.24012813731313,Middle
P724,Zone3,Open low-rise,3,6,464874.0840999996,4392648.575200001,32.80155806584559,Middle
P735,Zone3,Open low-rise,3,6,475874.0840999996,4392648.575200001,33.05161262823133,Middle
P736,Zone3,Open low-rise,3,6,476874.0840999996,4392648.575200001,32.9693791945075,Middle
P746,Zone3,Open low-rise,3,6,486874.0840999996,4392648.575200001,30.96014977527542,Low
P752,Zone3,Open low-rise,3,6,434874.0840999996,4393648.575200001,31.69607725216814,Middle
P753,Zone3,Open low-rise,3,6,435874.0840999996,4393648.575200001,31.76455915640905,Middle
P756,Zone3,Open low-rise,3,6,438874.0840999996,4393648.575200001,32.59630130881865,Middle
P774,Zone3,Open low-rise,3,6,456874.0840999996,4393648.575200001,32.18567063496764,Middle
P778,Zone3,Open low-rise,3,6,460874.0840999996,4393648.575200001,32.58065764788617,Middle
P792,Zone3,Open low-rise,3,6,474874.0840999996,4393648.575200001,33.33688141333636,Middle
P796,Zone3,Open low-rise,3,6,478874.0840999996,4393648.575200001,31.57519844092372,Middle
P824,Zone3,Open low-rise,3,6,450874.0840999996,4394648.575200001,33.34485562248844,Middle
P825,Zone3,Open low-rise,3,6,451874.0840999996,4394648.575200001,33.09103088786846,Middle
P848,Zone3,Open low-rise,3,6,474874.0840999996,4394648.575200001,32.68492109583078,Middle
P850,Zone3,Open low-rise,3,6,476874.0840999996,4394648.575200001,32.22036072814353,Middle
P856,Zone3,Open low-rise,3,6,482874.0840999996,4394648.575200001,32.07685514638629,Middle
P857,Zone3,Open low-rise,3,6,483874.0840999996,4394648.575200001,31.68361342412065,Middle
P872,Zone3,Open low-rise,3,6,442874.0840999996,4395648.575200001,34.58809865112525,High
P896,Zone3,Open low-rise,3,6,466874.0840999996,4395648.575200001,32.04450040537363,Middle
P903,Zone3,Open low-rise,3,6,473874.0840999996,4395648.575200001,32.91081399360693,Middle
P918,Zone3,Open low-rise,3,6,488874.0840999996,4395648.575200001,33.5124736339668,High
P921,Zone3,Open low-rise,3,6,436874.0840999996,4396648.575200001,32.36891274501161,Middle
P922,Zone3,Open low-rise,3,6,437874.0840999996,4396648.575200001,32.69783834411179,Middle
P930,Zone3,Open low-rise,3,6,445874.0840999996,4396648.575200001,33.13232902066798,Middle
P931,Zone3,Open low-rise,3,6,446874.0840999996,4396648.575200001,33.04263573352542,Middle
P933,Zone3,Open low-rise,3,6,448874.0840999996,4396648.575200001,33.47299194546164,High
P934,Zone3,Open low-rise,3,6,449874.0840999996,4396648.575200001,33.65057193618694,High
P935,Zone3,Open low-rise,3,6,450874.0840999996,4396648.575200001,33.10472677251843,Middle
P937,Zone3,Open low-rise,3,6,452874.0840999996,4396648.575200001,33.37850620904875,Middle
P941,Zone3,Open low-rise,3,6,456874.0840999996,4396648.575200001,33.74891560279807,High
P943,Zone3,Open low-rise,3,6,458874.0840999996,4396648.575200001,33.7592025164537,High
P944,Zone3,Open low-rise,3,6,459874.0840999996,4396648.575200001,33.00153654809591,Middle
P947,Zone3,Open low-rise,3,6,462874.0840999996,4396648.575200001,32.93739757688657,Middle
P948,Zone3,Open low-rise,3,6,463874.0840999996,4396648.575200001,32.29039924599481,Middle
P954,Zone3,Open low-rise,3,6,469874.0840999996,4396648.575200001,31.69784150426171,Middle
P959,Zone3,Open low-rise,3,6,474874.0840999996,4396648.575200001,32.09483092143491,Middle
P961,Zone3,Open low-rise,3,6,476874.0840999996,4396648.575200001,31.87521034998522,Middle
P973,Zone3,Open low-rise,3,6,488874.0840999996,4396648.575200001,32.83627600406959,Middle
P977,Zone3,Open low-rise,3,6,438874.0840999996,4397648.575200001,32.15952166475403,Middle
P984,Zone3,Open low-rise,3,6,445874.0840999996,4397648.575200001,33.10117574474747,Middle
P985,Zone3,Open low-rise,3,6,446874.0840999996,4397648.575200001,32.89798091976774,Middle
P986,Zone3,Open low-rise,3,6,447874.0840999996,4397648.575200001,32.81149754405669,Middle
P989,Zone3,Open low-rise,3,6,450874.0840999996,4397648.575200001,33.13525340167356,Middle
P990,Zone3,Open low-rise,3,6,451874.0840999996,4397648.575200001,32.93659317400918,Middle
P991,Zone3,Open low-rise,3,6,452874.0840999996,4397648.575200001,32.95814546740851,Middle
P992,Zone3,Open low-rise,3,6,453874.0840999996,4397648.575200001,32.84263343391973,Middle
P1002,Zone3,Open low-rise,3,6,463874.0840999996,4397648.575200001,33.2463993795757,Middle
P1008,Zone3,Open low-rise,3,6,469874.0840999996,4397648.575200001,31.7135228098334,Middle
P1011,Zone3,Open low-rise,3,6,472874.0840999996,4397648.575200001,31.98340723797018,Middle
P1019,Zone3,Open low-rise,3,6,480874.0840999996,4397648.575200001,31.64321589461297,Middle
P1022,Zone3,Open low-rise,3,6,483874.0840999996,4397648.575200001,31.68150567014829,Middle
P1023,Zone3,Open low-rise,3,6,484874.0840999996,4397648.575200001,31.72956841838988,Middle
P1025,Zone3,Open low-rise,3,6,486874.0840999996,4397648.575200001,32.14716637269415,Middle
P1027,Zone3,Open low-rise,3,6,488874.0840999996,4397648.575200001,31.75708416278392,Middle
P1032,Zone3,Open low-rise,3,6,437874.0840999996,4398648.575200001,31.96397338027765,Middle
P1043,Zone3,Open low-rise,3,6,448874.0840999996,4398648.575200001,32.69148902289828,Middle
P1044,Zone3,Open low-rise,3,6,449874.0840999996,4398648.575200001,33.12606868568563,Middle
P1060,Zone3,Open low-rise,3,6,465874.0840999996,4398648.575200001,32.27795519524251,Middle
P1077,Zone3,Open low-rise,3,6,482874.0840999996,4398648.575200001,32.09095781969695,Middle
P1084,Zone3,Open low-rise,3,6,489874.0840999996,4398648.575200001,31.49614439312261,Middle
P1085,Zone3,Open low-rise,3,6,490874.0840999996,4398648.575200001,31.12119785258913,Low
P1096,Zone3,Open low-rise,3,6,445874.0840999996,4399648.575200001,33.56134896048462,High
P1097,Zone3,Open low-rise,3,6,446874.0840999996,4399648.575200001,33.16633222023678,Middle
P1120,Zone3,Open low-rise,3,6,469874.0840999996,4399648.575200001,31.65697759410384,Middle
P1129,Zone3,Open low-rise,3,6,478874.0840999996,4399648.575200001,31.44840889686743,Middle
P1133,Zone3,Open low-rise,3,6,482874.0840999996,4399648.575200001,31.86076070757578,Middle
P1144,Zone3,Open low-rise,3,6,437874.0840999996,4400648.575200001,32.8911773214326,Middle
P1145,Zone3,Open low-rise,3,6,438874.0840999996,4400648.575200001,33.1893719181495,Middle
P1173,Zone3,Open low-rise,3,6,466874.0840999996,4400648.575200001,31.48042775054518,Middle
P1176,Zone3,Open low-rise,3,6,469874.0840999996,4400648.575200001,31.60579051195189,Middle
P1177,Zone3,Open low-rise,3,6,470874.0840999996,4400648.575200001,31.80222331939251,Middle
P1179,Zone3,Open low-rise,3,6,472874.0840999996,4400648.575200001,31.4286886563751,Middle
P1233,Zone3,Open low-rise,3,6,472874.0840999996,4401648.575200001,31.63246957858057,Middle
P1234,Zone3,Open low-rise,3,6,473874.0840999996,4401648.575200001,31.91003870133853,Middle
P1235,Zone3,Open low-rise,3,6,474874.0840999996,4401648.575200001,31.76636560883373,Middle
P1240,Zone3,Open low-rise,3,6,479874.0840999996,4401648.575200001,31.20014399789891,Low
P1241,Zone3,Open low-rise,3,6,480874.0840999996,4401648.575200001,31.27501794198197,Low
P1246,Zone3,Open low-rise,3,6,425874.0840999996,4402648.575200001,31.91118593661584,Middle
P1248,Zone3,Open low-rise,3,6,435874.0840999996,4402648.575200001,31.39023287618686,Low
P1251,Zone3,Open low-rise,3,6,438874.0840999996,4402648.575200001,32.44412048526799,Middle
P1252,Zone3,Open low-rise,3,6,439874.0840999996,4402648.575200001,32.80613006172234,Middle
P1262,Zone3,Open low-rise,3,6,449874.0840999996,4402648.575200001,33.07824657261272,Middle
P1263,Zone3,Open low-rise,3,6,450874.0840999996,4402648.575200001,33.29799247850291,Middle
P1283,Zone3,Open low-rise,3,6,474874.0840999996,4402648.575200001,31.98553696689495,Middle
P1284,Zone3,Open low-rise,3,6,475874.0840999996,4402648.575200001,32.26473110641447,Middle
P1289,Zone3,Open low-rise,3,6,480874.0840999996,4402648.575200001,31.71631034611223,Middle
P1292,Zone3,Open low-rise,3,6,484874.0840999996,4402648.575200001,30.55189848808912,Low
P1295,Zone3,Open low-rise,3,6,488874.0840999996,4402648.575200001,30.04919347632548,Low
P1298,Zone3,Open low-rise,3,6,491874.0840999996,4402648.575200001,30.404729383389466,Low
P1299,Zone3,Open low-rise,3,6,425874.0840999996,4403648.575200001,31.76008544717773,Middle
P1301,Zone3,Open low-rise,3,6,427874.0840999996,4403648.575200001,31.87821430046578,Middle
P1302,Zone3,Open low-rise,3,6,429874.0840999996,4403648.575200001,31.44022498042764,Middle
P1312,Zone3,Open low-rise,3,6,444874.0840999996,4403648.575200001,33.49487596059402,High
P1331,Zone3,Open low-rise,3,6,464874.0840999996,4403648.575200001,31.51759430056941,Middle
P1348,Zone3,Open low-rise,3,6,481874.0840999996,4403648.575200001,31.73335662049476,Middle
P1351,Zone3,Open low-rise,3,6,485874.0840999996,4403648.575200001,31.00551857318639,Low
P1360,Zone3,Open low-rise,3,6,422874.0840999996,4404648.575200001,30.8328350300503,Low
P1361,Zone3,Open low-rise,3,6,424874.0840999996,4404648.575200001,31.49585629283862,Middle
P1363,Zone3,Open low-rise,3,6,426874.0840999996,4404648.575200001,31.94333600553363,Middle
P1366,Zone3,Open low-rise,3,6,429874.0840999996,4404648.575200001,31.64868558292493,Middle
P1367,Zone3,Open low-rise,3,6,430874.0840999996,4404648.575200001,31.74192606517083,Middle
P1378,Zone3,Open low-rise,3,6,446874.0840999996,4404648.575200001,33.7926255411648,High
P1403,Zone3,Open low-rise,3,6,471874.0840999996,4404648.575200001,31.7276490824187,Middle
P1404,Zone3,Open low-rise,3,6,472874.0840999996,4404648.575200001,32.19521369405467,Middle
P1405,Zone3,Open low-rise,3,6,473874.0840999996,4404648.575200001,32.22324910081809,Middle
P1407,Zone3,Open low-rise,3,6,475874.0840999996,4404648.575200001,32.14443325036167,Middle
P1415,Zone3,Open low-rise,3,6,484874.0840999996,4404648.575200001,30.87385093083976,Low
P1416,Zone3,Open low-rise,3,6,485874.0840999996,4404648.575200001,31.60351171300499,Middle
P1424,Zone3,Open low-rise,3,6,493874.0840999996,4404648.575200001,30.36795775133399,Low
P1427,Zone3,Open low-rise,3,6,423874.0840999996,4405648.575200001,31.61190041325824,Middle
P1428,Zone3,Open low-rise,3,6,424874.0840999996,4405648.575200001,31.67529998221513,Middle
P1429,Zone3,Open low-rise,3,6,425874.0840999996,4405648.575200001,31.95279970622164,Middle
P1430,Zone3,Open low-rise,3,6,426874.0840999996,4405648.575200001,32.25562200574051,Middle
P1432,Zone3,Open low-rise,3,6,428874.0840999996,4405648.575200001,32.44401055238577,Middle
P1433,Zone3,Open low-rise,3,6,429874.0840999996,4405648.575200001,32.35119500066284,Middle
P1434,Zone3,Open low-rise,3,6,430874.0840999996,4405648.575200001,32.4931315817925,Middle
P1435,Zone3,Open low-rise,3,6,436874.0840999996,4405648.575200001,31.45277404583632,Middle
P1468,Zone3,Open low-rise,3,6,469874.0840999996,4405648.575200001,30.99714760150473,Low
P1472,Zone3,Open low-rise,3,6,473874.0840999996,4405648.575200001,32.07104201831299,Middle
P1473,Zone3,Open low-rise,3,6,474874.0840999996,4405648.575200001,32.27170602296156,Middle
P1478,Zone3,Open low-rise,3,6,479874.0840999996,4405648.575200001,30.75517259837428,Low
P1484,Zone3,Open low-rise,3,6,485874.0840999996,4405648.575200001,32.19275100526281,Middle
P1485,Zone3,Open low-rise,3,6,486874.0840999996,4405648.575200001,32.45553091723898,Middle
P1495,Zone3,Open low-rise,3,6,424874.0840999996,4406648.575200001,32.11623507120732,Middle
P1499,Zone3,Open low-rise,3,6,428874.0840999996,4406648.575200001,33.59017924234002,High
P1502,Zone3,Open low-rise,3,6,436874.0840999996,4406648.575200001,32.61262571102431,Middle
P1512,Zone3,Open low-rise,3,6,446874.0840999996,4406648.575200001,34.24845178874502,High
P1539,Zone3,Open low-rise,3,6,473874.0840999996,4406648.575200001,32.17919273165801,Middle
P1542,Zone3,Open low-rise,3,6,476874.0840999996,4406648.575200001,31.19386136060617,Low
P1546,Zone3,Open low-rise,3,6,481874.0840999996,4406648.575200001,30.36344227451974,Low
P1549,Zone3,Open low-rise,3,6,484874.0840999996,4406648.575200001,31.38111074785022,Low
P1550,Zone3,Open low-rise,3,6,485874.0840999996,4406648.575200001,31.57901282901751,Middle
P1552,Zone3,Open low-rise,3,6,487874.0840999996,4406648.575200001,32.31773872871009,Middle
P1553,Zone3,Open low-rise,3,6,488874.0840999996,4406648.575200001,32.17235208207534,Middle
P1567,Zone3,Open low-rise,3,6,430874.0840999996,4407648.575200001,34.17743641942612,High
P1569,Zone3,Open low-rise,3,6,435874.0840999996,4407648.575200001,33.76263449332702,High
P1577,Zone3,Open low-rise,3,6,443874.0840999996,4407648.575200001,34.49101661291452,High
P1578,Zone3,Open low-rise,3,6,444874.0840999996,4407648.575200001,34.37768953791659,High
P1580,Zone3,Open low-rise,3,6,446874.0840999996,4407648.575200001,33.81381667134404,High
P1586,Zone3,Open low-rise,3,6,452874.0840999996,4407648.575200001,33.93070913969643,High
P1587,Zone3,Open low-rise,3,6,453874.0840999996,4407648.575200001,33.28715672944742,Middle
P1589,Zone3,Open low-rise,3,6,455874.0840999996,4407648.575200001,32.80091915715696,Middle
P1590,Zone3,Open low-rise,3,6,456874.0840999996,4407648.575200001,33.69699989836949,High
P1607,Zone3,Open low-rise,3,6,473874.0840999996,4407648.575200001,32.40076958393126,Middle
P1608,Zone3,Open low-rise,3,6,474874.0840999996,4407648.575200001,31.75354333420965,Middle
P1614,Zone3,Open low-rise,3,6,481874.0840999996,4407648.575200001,29.98922035234431,Low
P1621,Zone3,Open low-rise,3,6,488874.0840999996,4407648.575200001,30.88951942153618,Low
P1622,Zone3,Open low-rise,3,6,489874.0840999996,4407648.575200001,30.29032575200388,Low
P1629,Zone3,Open low-rise,3,6,424874.0840999996,4408648.575200001,31.3535838408631,Low
P1630,Zone3,Open low-rise,3,6,425874.0840999996,4408648.575200001,31.84125305633842,Middle
P1632,Zone3,Open low-rise,3,6,427874.0840999996,4408648.575200001,32.34510314726128,Middle
P1633,Zone3,Open low-rise,3,6,428874.0840999996,4408648.575200001,33.1890700207401,Middle
P1637,Zone3,Open low-rise,3,6,434874.0840999996,4408648.575200001,33.72075026254581,High
P1638,Zone3,Open low-rise,3,6,435874.0840999996,4408648.575200001,34.62005583157848,High
P1648,Zone3,Open low-rise,3,6,445874.0840999996,4408648.575200001,34.67596403227712,High
P1649,Zone3,Open low-rise,3,6,446874.0840999996,4408648.575200001,34.60915446666225,High
P1675,Zone3,Open low-rise,3,6,472874.0840999996,4408648.575200001,31.79742560370227,Middle
P1676,Zone3,Open low-rise,3,6,473874.0840999996,4408648.575200001,31.7320231117481,Middle
P1681,Zone3,Open low-rise,3,6,478874.0840999996,4408648.575200001,30.31256007093233,Low
P1682,Zone3,Open low-rise,3,6,479874.0840999996,4408648.575200001,29.87113387649018,Low
P1697,Zone3,Open low-rise,3,6,423874.0840999996,4409648.575200001,31.0135288102685,Low
P1700,Zone3,Open low-rise,3,6,426874.0840999996,4409648.575200001,31.34638314445464,Low
P1701,Zone3,Open low-rise,3,6,427874.0840999996,4409648.575200001,31.89397451353809,Middle
P1738,Zone3,Open low-rise,3,6,465874.0840999996,4409648.575200001,33.05368811054344,Middle
P1740,Zone3,Open low-rise,3,6,467874.0840999996,4409648.575200001,32.54678073682227,Middle
P1744,Zone3,Open low-rise,3,6,471874.0840999996,4409648.575200001,32.03505411916855,Middle
P1745,Zone3,Open low-rise,3,6,472874.0840999996,4409648.575200001,31.78596499738282,Middle
P1750,Zone3,Open low-rise,3,6,477874.0840999996,4409648.575200001,30.80363327636995,Low
P1751,Zone3,Open low-rise,3,6,478874.0840999996,4409648.575200001,30.61246526653333,Low
P1752,Zone3,Open low-rise,3,6,479874.0840999996,4409648.575200001,30.18941540004604,Low
P1766,Zone3,Open low-rise,3,6,423874.0840999996,4410648.575200001,31.43370221410765,Middle
P1769,Zone3,Open low-rise,3,6,426874.0840999996,4410648.575200001,32.04829630348357,Middle
P1770,Zone3,Open low-rise,3,6,427874.0840999996,4410648.575200001,32.11266699950362,Middle
P1794,Zone3,Open low-rise,3,6,452874.0840999996,4410648.575200001,35.26018250595278,High
P1796,Zone3,Open low-rise,3,6,454874.0840999996,4410648.575200001,34.6328703279367,High
P1802,Zone3,Open low-rise,3,6,460874.0840999996,4410648.575200001,33.74794975171815,High
P1806,Zone3,Open low-rise,3,6,464874.0840999996,4410648.575200001,33.77837710570184,High
P1808,Zone3,Open low-rise,3,6,466874.0840999996,4410648.575200001,33.01446362202594,Middle
P1810,Zone3,Open low-rise,3,6,468874.0840999996,4410648.575200001,32.59156709881294,Middle
P1813,Zone3,Open low-rise,3,6,471874.0840999996,4410648.575200001,32.81390440695947,Middle
P1814,Zone3,Open low-rise,3,6,472874.0840999996,4410648.575200001,32.80054525579985,Middle
P1816,Zone3,Open low-rise,3,6,474874.0840999996,4410648.575200001,32.41079975484147,Middle
P1817,Zone3,Open low-rise,3,6,475874.0840999996,4410648.575200001,31.86726144845253,Middle
P1832,Zone3,Open low-rise,3,6,423874.0840999996,4411648.575200001,31.26461921491434,Low
P1833,Zone3,Open low-rise,3,6,424874.0840999996,4411648.575200001,31.06964105021083,Low
P1836,Zone3,Open low-rise,3,6,427874.0840999996,4411648.575200001,32.66975370172052,Middle
P1837,Zone3,Open low-rise,3,6,428874.0840999996,4411648.575200001,33.11004244209968,Middle
P1841,Zone3,Open low-rise,3,6,432874.0840999996,4411648.575200001,34.51323985642526,High
P1875,Zone3,Open low-rise,3,6,466874.0840999996,4411648.575200001,33.21492457582583,Middle
P1883,Zone3,Open low-rise,3,6,474874.0840999996,4411648.575200001,33.38685674536322,Middle
P1886,Zone3,Open low-rise,3,6,477874.0840999996,4411648.575200001,30.69680235512623,Low
P1888,Zone3,Open low-rise,3,6,480874.0840999996,4411648.575200001,30.37803009229903,Low
P1889,Zone3,Open low-rise,3,6,481874.0840999996,4411648.575200001,30.71010911429056,Low
P1891,Zone3,Open low-rise,3,6,483874.0840999996,4411648.575200001,30.35761863644368,Low
P1897,Zone3,Open low-rise,3,6,423874.0840999996,4412648.575200001,30.57379581804982,Low
P1904,Zone3,Open low-rise,3,6,430874.0840999996,4412648.575200001,33.5901500778531,High
P1937,Zone3,Open low-rise,3,6,464874.0840999996,4412648.575200001,33.46910436440409,Middle
P1939,Zone3,Open low-rise,3,6,466874.0840999996,4412648.575200001,33.15200270100399,Middle
P1947,Zone3,Open low-rise,3,6,474874.0840999996,4412648.575200001,32.5497965696077,Middle
P1948,Zone3,Open low-rise,3,6,475874.0840999996,4412648.575200001,32.22464058705061,Middle
P1949,Zone3,Open low-rise,3,6,476874.0840999996,4412648.575200001,31.63528013488439,Middle
P1956,Zone3,Open low-rise,3,6,484874.0840999996,4412648.575200001,30.22803519345191,Low
P1962,Zone3,Open low-rise,3,6,428874.0840999996,4413648.575200001,32.46661470954852,Middle
P1965,Zone3,Open low-rise,3,6,432874.0840999996,4413648.575200001,33.30108802936246,Middle
P1995,Zone3,Open low-rise,3,6,462874.0840999996,4413648.575200001,33.99554639664401,High
P1999,Zone3,Open low-rise,3,6,466874.0840999996,4413648.575200001,33.57091759361776,High
P2007,Zone3,Open low-rise,3,6,474874.0840999996,4413648.575200001,32.04491941574839,Middle
P2015,Zone3,Open low-rise,3,6,483874.0840999996,4413648.575200001,30.49295623723538,Low
P2050,Zone3,Open low-rise,3,6,461874.0840999996,4414648.575200001,33.84056874932587,High
P2055,Zone3,Open low-rise,3,6,466874.0840999996,4414648.575200001,34.1104537850554,High
P2063,Zone3,Open low-rise,3,6,474874.0840999996,4414648.575200001,32.20246564334528,Middle
P2064,Zone3,Open low-rise,3,6,475874.0840999996,4414648.575200001,31.15125563796016,Low
P2065,Zone3,Open low-rise,3,6,476874.0840999996,4414648.575200001,30.30751253411319,Low
P2066,Zone3,Open low-rise,3,6,478874.0840999996,4414648.575200001,29.96911035032016,Low
P2070,Zone3,Open low-rise,3,6,429874.0840999996,4415648.575200001,32.37800726306001,Middle
P2117,Zone3,Open low-rise,3,6,478874.0840999996,4415648.575200001,30.71422662497728,Low
P2118,Zone3,Open low-rise,3,6,479874.0840999996,4415648.575200001,30.48579901295524,Low
P2167,Zone3,Open low-rise,3,6,476874.0840999996,4416648.575200001,32.08665480379629,Middle
P2168,Zone3,Open low-rise,3,6,477874.0840999996,4416648.575200001,31.94707586554458,Middle
P2169,Zone3,Open low-rise,3,6,478874.0840999996,4416648.575200001,31.82474526119842,Middle
P2221,Zone3,Open low-rise,3,6,478874.0840999996,4417648.575200001,31.64466924722949,Middle
P2267,Zone3,Open low-rise,3,6,475874.0840999996,4418648.575200001,32.3070186485533,Middle
P2268,Zone3,Open low-rise,3,6,476874.0840999996,4418648.575200001,32.20805073428203,Middle
P2269,Zone3,Open low-rise,3,6,477874.0840999996,4418648.575200001,31.96904171728506,Middle
P2306,Zone3,Open low-rise,3,6,460874.0840999996,4419648.575200001,33.79930801326126,High
P2319,Zone3,Open low-rise,3,6,474874.0840999996,4419648.575200001,32.94252605688099,Middle
P2320,Zone3,Open low-rise,3,6,475874.0840999996,4419648.575200001,32.52036708562266,Middle
P2321,Zone3,Open low-rise,3,6,476874.0840999996,4419648.575200001,32.32798521852521,Middle
P2322,Zone3,Open low-rise,3,6,477874.0840999996,4419648.575200001,32.13819439037616,Middle
P2325,Zone3,Open low-rise,3,6,424874.0840999996,4420648.575200001,32.95007722977282,Middle
P2334,Zone3,Open low-rise,3,6,433874.0840999996,4420648.575200001,33.61504635044815,High
P2375,Zone3,Open low-rise,3,6,474874.0840999996,4420648.575200001,33.30284769698484,Middle
P2377,Zone3,Open low-rise,3,6,476874.0840999996,4420648.575200001,33.07961289363899,Middle
P2378,Zone3,Open low-rise,3,6,477874.0840999996,4420648.575200001,32.45316807936023,Middle
P2380,Zone3,Open low-rise,3,6,479874.0840999996,4420648.575200001,31.60497982394088,Middle
P2382,Zone3,Open low-rise,3,6,424874.0840999996,4421648.575200001,33.45131349937193,Middle
P2413,Zone3,Open low-rise,3,6,455874.0840999996,4421648.575200001,33.4306227124689,Middle
P2431,Zone3,Open low-rise,3,6,474874.0840999996,4421648.575200001,33.62313044479544,High
P2433,Zone3,Open low-rise,3,6,476874.0840999996,4421648.575200001,33.38354115077774,Middle
P2434,Zone3,Open low-rise,3,6,477874.0840999996,4421648.575200001,32.25179895455841,Middle
P2439,Zone3,Open low-rise,3,6,426874.0840999996,4422648.575200001,30.63799716699046,Low
P2445,Zone3,Open low-rise,3,6,432874.0840999996,4422648.575200001,33.33338922363748,Middle
P2470,Zone3,Open low-rise,3,6,457874.0840999996,4422648.575200001,34.09112350471796,High
P2487,Zone3,Open low-rise,3,6,474874.0840999996,4422648.575200001,33.03151687940004,Middle
P2489,Zone3,Open low-rise,3,6,476874.0840999996,4422648.575200001,32.87219674159307,Middle
P2490,Zone3,Open low-rise,3,6,477874.0840999996,4422648.575200001,31.59091893196972,Middle
P2499,Zone3,Open low-rise,3,6,432874.0840999996,4423648.575200001,32.76997899189756,Middle
P2502,Zone3,Open low-rise,3,6,435874.0840999996,4423648.575200001,34.18587315670625,High
P2524,Zone3,Open low-rise,3,6,457874.0840999996,4423648.575200001,33.89748433047654,High
P2525,Zone3,Open low-rise,3,6,458874.0840999996,4423648.575200001,33.64414055869403,High
P2536,Zone3,Open low-rise,3,6,469874.0840999996,4423648.575200001,31.30783258532629,Low
P2537,Zone3,Open low-rise,3,6,470874.0840999996,4423648.575200001,31.01795726355024,Low
P2540,Zone3,Open low-rise,3,6,473874.0840999996,4423648.575200001,31.45442423554184,Middle
P2543,Zone3,Open low-rise,3,6,476874.0840999996,4423648.575200001,32.1384374397841,Middle
P2544,Zone3,Open low-rise,3,6,477874.0840999996,4423648.575200001,31.27176126866762,Low
P2553,Zone3,Open low-rise,3,6,432874.0840999996,4424648.575200001,32.62003666996568,Middle
P2582,Zone3,Open low-rise,3,6,461874.0840999996,4424648.575200001,32.19185805808777,Middle
P2589,Zone3,Open low-rise,3,6,468874.0840999996,4424648.575200001,31.32513245448681,Low
P2598,Zone3,Open low-rise,3,6,477874.0840999996,4424648.575200001,31.29862148639096,Low
P2611,Zone3,Open low-rise,3,6,438874.0840999996,4425648.575200001,33.13891313587254,Middle
P2633,Zone3,Open low-rise,3,6,460874.0840999996,4425648.575200001,31.91686821604164,Middle
P2634,Zone3,Open low-rise,3,6,461874.0840999996,4425648.575200001,31.41526340861113,Low
P2635,Zone3,Open low-rise,3,6,462874.0840999996,4425648.575200001,31.26500019529108,Low
P2640,Zone3,Open low-rise,3,6,467874.0840999996,4425648.575200001,31.60138269673941,Middle
P2645,Zone3,Open low-rise,3,6,472874.0840999996,4425648.575200001,32.12222239681032,Middle
P2646,Zone3,Open low-rise,3,6,473874.0840999996,4425648.575200001,32.11757309951655,Middle
P2659,Zone3,Open low-rise,3,6,432874.0840999996,4426648.575200001,31.87235160044145,Middle
P2661,Zone3,Open low-rise,3,6,434874.0840999996,4426648.575200001,30.96693149392989,Low
P2662,Zone3,Open low-rise,3,6,435874.0840999996,4426648.575200001,30.56926577566291,Low
P2685,Zone3,Open low-rise,3,6,460874.0840999996,4426648.575200001,31.73991726187038,Middle
P2690,Zone3,Open low-rise,3,6,465874.0840999996,4426648.575200001,32.02049413506956,Middle
P2691,Zone3,Open low-rise,3,6,466874.0840999996,4426648.575200001,31.95591110798434,Middle
P2698,Zone3,Open low-rise,3,6,473874.0840999996,4426648.575200001,32.44992463960979,Middle
P2712,Zone3,Open low-rise,3,6,435874.0840999996,4427648.575200001,30.74532285333071,Low
P2735,Zone3,Open low-rise,3,6,460874.0840999996,4427648.575200001,32.20751280465777,Middle
P2736,Zone3,Open low-rise,3,6,461874.0840999996,4427648.575200001,31.88911169456457,Middle
P2738,Zone3,Open low-rise,3,6,463874.0840999996,4427648.575200001,32.52695640920475,Middle
P2746,Zone3,Open low-rise,3,6,471874.0840999996,4427648.575200001,31.37133140715103,Low
P2748,Zone3,Open low-rise,3,6,473874.0840999996,4427648.575200001,32.09711038135755,Middle
P2752,Zone3,Open low-rise,3,6,477874.0840999996,4427648.575200001,31.48042242246811,Middle
P2753,Zone3,Open low-rise,3,6,478874.0840999996,4427648.575200001,31.38646375876786,Low
P2781,Zone3,Open low-rise,3,6,457874.0840999996,4428648.575200001,33.57153615541925,High
P2793,Zone3,Open low-rise,3,6,469874.0840999996,4428648.575200001,30.87809971611103,Low
P2797,Zone3,Open low-rise,3,6,473874.0840999996,4428648.575200001,31.88105517698619,Middle
P2800,Zone3,Open low-rise,3,6,476874.0840999996,4428648.575200001,31.58267528333039,Middle
P2814,Zone3,Open low-rise,3,6,439874.0840999996,4429648.575200001,32.6160713256954,Middle
P2815,Zone3,Open low-rise,3,6,440874.0840999996,4429648.575200001,32.7579591871179,Middle
P2821,Zone3,Open low-rise,3,6,446874.0840999996,4429648.575200001,33.69267945218608,High
P2825,Zone3,Open low-rise,3,6,451874.0840999996,4429648.575200001,33.08397227674576,Middle
P2834,Zone3,Open low-rise,3,6,460874.0840999996,4429648.575200001,32.66849382105905,Middle
P2843,Zone3,Open low-rise,3,6,471874.0840999996,4429648.575200001,31.039376398636,Low
P2844,Zone3,Open low-rise,3,6,472874.0840999996,4429648.575200001,31.99662630174554,Middle
P2848,Zone3,Open low-rise,3,6,476874.0840999996,4429648.575200001,31.63054675427301,Middle
P2853,Zone3,Open low-rise,3,6,428874.0840999996,4430648.575200001,28.75966755948583,Low
P2871,Zone3,Open low-rise,3,6,446874.0840999996,4430648.575200001,32.88071046674428,Middle
P2872,Zone3,Open low-rise,3,6,447874.0840999996,4430648.575200001,32.29138890243198,Middle
P2880,Zone3,Open low-rise,3,6,455874.0840999996,4430648.575200001,32.99526094876,Middle
P2881,Zone3,Open low-rise,3,6,456874.0840999996,4430648.575200001,33.06415248499572,Middle
P2909,Zone3,Open low-rise,3,6,427874.0840999996,4431648.575200001,31.68860013898983,Middle
P2910,Zone3,Open low-rise,3,6,428874.0840999996,4431648.575200001,30.97139400935346,Low
P2915,Zone3,Open low-rise,3,6,433874.0840999996,4431648.575200001,32.28667697926403,Middle
P2928,Zone3,Open low-rise,3,6,446874.0840999996,4431648.575200001,32.01010636643074,Middle
P2938,Zone3,Open low-rise,3,6,456874.0840999996,4431648.575200001,32.80607348842336,Middle
P2940,Zone3,Open low-rise,3,6,458874.0840999996,4431648.575200001,32.62013406820726,Middle
P2944,Zone3,Open low-rise,3,6,462874.0840999996,4431648.575200001,31.73898693285769,Middle
P2945,Zone3,Open low-rise,3,6,463874.0840999996,4431648.575200001,32.26762695119238,Middle
P2950,Zone3,Open low-rise,3,6,468874.0840999996,4431648.575200001,31.22918620553702,Low
P2953,Zone3,Open low-rise,3,6,471874.0840999996,4431648.575200001,32.12787904611865,Middle
P2956,Zone3,Open low-rise,3,6,474874.0840999996,4431648.575200001,31.84231966714531,Middle
P2961,Zone3,Open low-rise,3,6,481874.0840999996,4431648.575200001,31.89817131386544,Middle
P2962,Zone3,Open low-rise,3,6,482874.0840999996,4431648.575200001,32.38437080041763,Middle
P2963,Zone3,Open low-rise,3,6,483874.0840999996,4431648.575200001,32.18927424890192,Middle
P2971,Zone3,Open low-rise,3,6,427874.0840999996,4432648.575200001,32.13785555435764,Middle
P2972,Zone3,Open low-rise,3,6,428874.0840999996,4432648.575200001,32.41077645758944,Middle
P2978,Zone3,Open low-rise,3,6,434874.0840999996,4432648.575200001,32.92912027539548,Middle
P2996,Zone3,Open low-rise,3,6,454874.0840999996,4432648.575200001,32.2722102120045,Middle
P2997,Zone3,Open low-rise,3,6,455874.0840999996,4432648.575200001,32.04064092338906,Middle
P2999,Zone3,Open low-rise,3,6,457874.0840999996,4432648.575200001,31.97975666621167,Middle
P3012,Zone3,Open low-rise,3,6,470874.0840999996,4432648.575200001,32.08359364274623,Middle
P3013,Zone3,Open low-rise,3,6,471874.0840999996,4432648.575200001,31.99511949778467,Middle
P3015,Zone3,Open low-rise,3,6,473874.0840999996,4432648.575200001,32.45798362570428,Middle
P3016,Zone3,Open low-rise,3,6,474874.0840999996,4432648.575200001,32.058294731457,Middle
P3020,Zone3,Open low-rise,3,6,479874.0840999996,4432648.575200001,30.84222161074467,Low
P3023,Zone3,Open low-rise,3,6,482874.0840999996,4432648.575200001,32.03744058084904,Middle
P3028,Zone3,Open low-rise,3,6,423874.0840999996,4433648.575200001,31.10140206092893,Low
P3032,Zone3,Open low-rise,3,6,427874.0840999996,4433648.575200001,32.13892139080291,Middle
P3038,Zone3,Open low-rise,3,6,433874.0840999996,4433648.575200001,32.81452322292052,Middle
P3053,Zone3,Open low-rise,3,6,452874.0840999996,4433648.575200001,32.15376096928313,Middle
P3054,Zone3,Open low-rise,3,6,453874.0840999996,4433648.575200001,32.02305219959153,Middle
P3061,Zone3,Open low-rise,3,6,460874.0840999996,4433648.575200001,31.88684119618085,Middle
P3072,Zone3,Open low-rise,3,6,473874.0840999996,4433648.575200001,32.12663160736135,Middle
P3073,Zone3,Open low-rise,3,6,474874.0840999996,4433648.575200001,31.85464237672062,Middle
P3079,Zone3,Open low-rise,3,6,481874.0840999996,4433648.575200001,31.88765177309833,Middle
P3081,Zone3,Open low-rise,3,6,483874.0840999996,4433648.575200001,32.67971447981761,Middle
P3082,Zone3,Open low-rise,3,6,484874.0840999996,4433648.575200001,32.53421756638075,Middle
P3093,Zone3,Open low-rise,3,6,423874.0840999996,4434648.575200001,31.7232715617226,Middle
P3094,Zone3,Open low-rise,3,6,424874.0840999996,4434648.575200001,32.44347255612223,Middle
P3095,Zone3,Open low-rise,3,6,425874.0840999996,4434648.575200001,32.46029181303746,Middle
P3096,Zone3,Open low-rise,3,6,426874.0840999996,4434648.575200001,32.3274370082565,Middle
P3102,Zone3,Open low-rise,3,6,432874.0840999996,4434648.575200001,32.89092855545312,Middle
P3103,Zone3,Open low-rise,3,6,433874.0840999996,4434648.575200001,33.57112596476401,High
P3106,Zone3,Open low-rise,3,6,436874.0840999996,4434648.575200001,32.45215773589202,Middle
P3107,Zone3,Open low-rise,3,6,437874.0840999996,4434648.575200001,32.58211496682711,Middle
P3108,Zone3,Open low-rise,3,6,438874.0840999996,4434648.575200001,33.00825591216757,Middle
P3114,Zone3,Open low-rise,3,6,453874.0840999996,4434648.575200001,31.25140601379238,Low
P3128,Zone3,Open low-rise,3,6,469874.0840999996,4434648.575200001,32.6340570759459,Middle
P3129,Zone3,Open low-rise,3,6,470874.0840999996,4434648.575200001,32.30330971001107,Middle
P3132,Zone3,Open low-rise,3,6,473874.0840999996,4434648.575200001,31.5588238169369,Middle
P3133,Zone3,Open low-rise,3,6,474874.0840999996,4434648.575200001,31.62360696046529,Middle
P3135,Zone3,Open low-rise,3,6,476874.0840999996,4434648.575200001,30.02218624554169,Low
P3137,Zone3,Open low-rise,3,6,479874.0840999996,4434648.575200001,31.19056602362048,Low
P3139,Zone3,Open low-rise,3,6,481874.0840999996,4434648.575200001,31.87131017169164,Middle
P3141,Zone3,Open low-rise,3,6,483874.0840999996,4434648.575200001,32.90764589885843,Middle
P3142,Zone3,Open low-rise,3,6,484874.0840999996,4434648.575200001,32.6509692769196,Middle
P3145,Zone3,Open low-rise,3,6,487874.0840999996,4434648.575200001,31.22062655744607,Low
P3157,Zone3,Open low-rise,3,6,422874.0840999996,4435648.575200001,30.3880209585033,Low
P3158,Zone3,Open low-rise,3,6,423874.0840999996,4435648.575200001,31.84221730576903,Middle
P3161,Zone3,Open low-rise,3,6,426874.0840999996,4435648.575200001,32.29498417476649,Middle
P3166,Zone3,Open low-rise,3,6,431874.0840999996,4435648.575200001,32.30919664602373,Middle
P3179,Zone3,Open low-rise,3,6,458874.0840999996,4435648.575200001,31.9371757690989,Middle
P3180,Zone3,Open low-rise,3,6,459874.0840999996,4435648.575200001,32.44790718696886,Middle
P3187,Zone3,Open low-rise,3,6,469874.0840999996,4435648.575200001,33.00946122813967,Middle
P3188,Zone3,Open low-rise,3,6,470874.0840999996,4435648.575200001,32.35475544345296,Middle
P3192,Zone3,Open low-rise,3,6,474874.0840999996,4435648.575200001,31.50943525514145,Middle
P3195,Zone3,Open low-rise,3,6,479874.0840999996,4435648.575200001,31.56482129585679,Middle
P3197,Zone3,Open low-rise,3,6,481874.0840999996,4435648.575200001,31.91397489131789,Middle
P3198,Zone3,Open low-rise,3,6,482874.0840999996,4435648.575200001,32.37952046974795,Middle
P3201,Zone3,Open low-rise,3,6,485874.0840999996,4435648.575200001,32.27859117598217,Middle
P3216,Zone3,Open low-rise,3,6,421874.0840999996,4436648.575200001,29.59494551230056,Low
P3218,Zone3,Open low-rise,3,6,423874.0840999996,4436648.575200001,31.84291835581149,Middle
P3219,Zone3,Open low-rise,3,6,424874.0840999996,4436648.575200001,32.36158459918726,Middle
P3220,Zone3,Open low-rise,3,6,425874.0840999996,4436648.575200001,32.19802842507237,Middle
P3222,Zone3,Open low-rise,3,6,427874.0840999996,4436648.575200001,31.89461244083284,Middle
P3223,Zone3,Open low-rise,3,6,428874.0840999996,4436648.575200001,31.8539146220772,Middle
P3227,Zone3,Open low-rise,3,6,432874.0840999996,4436648.575200001,32.8224093058901,Middle
P3233,Zone3,Open low-rise,3,6,438874.0840999996,4436648.575200001,34.20097913646093,High
P3245,Zone3,Open low-rise,3,6,469874.0840999996,4436648.575200001,34.07108560419245,High
P3247,Zone3,Open low-rise,3,6,471874.0840999996,4436648.575200001,32.12186843001442,Middle
P3250,Zone3,Open low-rise,3,6,474874.0840999996,4436648.575200001,31.75825099606222,Middle
P3251,Zone3,Open low-rise,3,6,475874.0840999996,4436648.575200001,30.92956976740972,Low
P3264,Zone3,Open low-rise,3,6,489874.0840999996,4436648.575200001,31.04673836169786,Low
P3267,Zone3,Open low-rise,3,6,492874.0840999996,4436648.575200001,31.26543499826929,Low
P3272,Zone3,Open low-rise,3,6,497874.0840999996,4436648.575200001,30.74250354997829,Low
P3277,Zone3,Open low-rise,3,6,422874.0840999996,4437648.575200001,31.48336295092572,Middle
P3279,Zone3,Open low-rise,3,6,424874.0840999996,4437648.575200001,32.44007283740084,Middle
P3280,Zone3,Open low-rise,3,6,425874.0840999996,4437648.575200001,32.07368264082859,Middle
P3284,Zone3,Open low-rise,3,6,429874.0840999996,4437648.575200001,31.25144727157657,Low
P3287,Zone3,Open low-rise,3,6,432874.0840999996,4437648.575200001,32.63478159908706,Middle
P3292,Zone3,Open low-rise,3,6,454874.0840999996,4437648.575200001,31.50364916036526,Middle
P3293,Zone3,Open low-rise,3,6,455874.0840999996,4437648.575200001,31.45171333225164,Middle
P3295,Zone3,Open low-rise,3,6,457874.0840999996,4437648.575200001,32.21967519387147,Middle
P3311,Zone3,Open low-rise,3,6,478874.0840999996,4437648.575200001,31.84831118481112,Middle
P3316,Zone3,Open low-rise,3,6,483874.0840999996,4437648.575200001,32.26207796612663,Middle
P3319,Zone3,Open low-rise,3,6,486874.0840999996,4437648.575200001,31.50348988156318,Middle
P3322,Zone3,Open low-rise,3,6,489874.0840999996,4437648.575200001,31.47658892390278,Middle
P3333,Zone3,Open low-rise,3,6,421874.0840999996,4438648.575200001,29.8315328392126,Low
P3334,Zone3,Open low-rise,3,6,422874.0840999996,4438648.575200001,31.41669978485175,Low
P3336,Zone3,Open low-rise,3,6,424874.0840999996,4438648.575200001,32.33632920863959,Middle
P3341,Zone3,Open low-rise,3,6,430874.0840999996,4438648.575200001,31.17449484849396,Low
P3342,Zone3,Open low-rise,3,6,431874.0840999996,4438648.575200001,31.99259426880533,Middle
P3344,Zone3,Open low-rise,3,6,434874.0840999996,4438648.575200001,32.51838751277451,Middle
P3349,Zone3,Open low-rise,3,6,457874.0840999996,4438648.575200001,32.80249519721491,Middle
P3364,Zone3,Open low-rise,3,6,474874.0840999996,4438648.575200001,32.62902218517058,Middle
P3367,Zone3,Open low-rise,3,6,478874.0840999996,4438648.575200001,31.96721038267495,Middle
P3369,Zone3,Open low-rise,3,6,480874.0840999996,4438648.575200001,31.88162725444218,Middle
P3371,Zone3,Open low-rise,3,6,482874.0840999996,4438648.575200001,32.22996030475166,Middle
P3377,Zone3,Open low-rise,3,6,488874.0840999996,4438648.575200001,31.4831786310367,Middle
P3382,Zone3,Open low-rise,3,6,493874.0840999996,4438648.575200001,30.48348819657679,Low
P3389,Zone3,Open low-rise,3,6,422874.0840999996,4439648.575200001,31.37053834929877,Low
P3390,Zone3,Open low-rise,3,6,423874.0840999996,4439648.575200001,32.15157152878884,Middle
P3391,Zone3,Open low-rise,3,6,424874.0840999996,4439648.575200001,32.36500142942784,Middle
P3396,Zone3,Open low-rise,3,6,432874.0840999996,4439648.575200001,33.0653007164567,Middle
P3397,Zone3,Open low-rise,3,6,433874.0840999996,4439648.575200001,33.06144692251318,Middle
P3400,Zone3,Open low-rise,3,6,457874.0840999996,4439648.575200001,32.61403100705439,Middle
P3401,Zone3,Open low-rise,3,6,458874.0840999996,4439648.575200001,32.85076629277467,Middle
P3406,Zone3,Open low-rise,3,6,463874.0840999996,4439648.575200001,34.17232912436945,High
P3407,Zone3,Open low-rise,3,6,464874.0840999996,4439648.575200001,34.69897917687979,High
P3409,Zone3,Open low-rise,3,6,466874.0840999996,4439648.575200001,34.39799947728946,High
P3420,Zone3,Open low-rise,3,6,478874.0840999996,4439648.575200001,31.62318876193355,Middle
P3424,Zone3,Open low-rise,3,6,482874.0840999996,4439648.575200001,31.92576336504197,Middle
P3426,Zone3,Open low-rise,3,6,484874.0840999996,4439648.575200001,32.14846373291566,Middle
P3440,Zone3,Open low-rise,3,6,422874.0840999996,4440648.575200001,30.94170993288018,Low
P3442,Zone3,Open low-rise,3,6,424874.0840999996,4440648.575200001,32.43907913342294,Middle
P3444,Zone3,Open low-rise,3,6,426874.0840999996,4440648.575200001,31.7712880565103,Middle
P3447,Zone3,Open low-rise,3,6,429874.0840999996,4440648.575200001,31.3237304254691,Low
P3449,Zone3,Open low-rise,3,6,431874.0840999996,4440648.575200001,32.21017868393563,Middle
P3450,Zone3,Open low-rise,3,6,432874.0840999996,4440648.575200001,32.81557869754669,Middle
P3451,Zone3,Open low-rise,3,6,433874.0840999996,4440648.575200001,32.89065238722715,Middle
P3453,Zone3,Open low-rise,3,6,457874.0840999996,4440648.575200001,32.32414273186745,Middle
P3458,Zone3,Open low-rise,3,6,462874.0840999996,4440648.575200001,33.22443698325171,Middle
P3468,Zone3,Open low-rise,3,6,476874.0840999996,4440648.575200001,30.48627125360896,Low
P3470,Zone3,Open low-rise,3,6,478874.0840999996,4440648.575200001,31.72558777856575,Middle
P3487,Zone3,Open low-rise,3,6,428874.0840999996,4441648.575200001,31.75459102725834,Middle
P3488,Zone3,Open low-rise,3,6,429874.0840999996,4441648.575200001,32.4028514698137,Middle
P3489,Zone3,Open low-rise,3,6,430874.0840999996,4441648.575200001,32.53023247878841,Middle
P3490,Zone3,Open low-rise,3,6,431874.0840999996,4441648.575200001,32.67798345059633,Middle
P3496,Zone3,Open low-rise,3,6,458874.0840999996,4441648.575200001,32.47745659832488,Middle
P3497,Zone3,Open low-rise,3,6,459874.0840999996,4441648.575200001,32.60662492718816,Middle
P3498,Zone3,Open low-rise,3,6,460874.0840999996,4441648.575200001,32.58500588044917,Middle
P3500,Zone3,Open low-rise,3,6,462874.0840999996,4441648.575200001,33.1428834366498,Middle
P3510,Zone3,Open low-rise,3,6,474874.0840999996,4441648.575200001,31.09238297257242,Low
P3511,Zone3,Open low-rise,3,6,475874.0840999996,4441648.575200001,30.9076728183445,Low
P3512,Zone3,Open low-rise,3,6,476874.0840999996,4441648.575200001,31.44617468573576,Middle
P3519,Zone3,Open low-rise,3,6,483874.0840999996,4441648.575200001,30.29420091196542,Low
P3520,Zone3,Open low-rise,3,6,484874.0840999996,4441648.575200001,31.2871222019753,Low
P3535,Zone3,Open low-rise,3,6,431874.0840999996,4442648.575200001,32.05576011922555,Middle
P3542,Zone3,Open low-rise,3,6,458874.0840999996,4442648.575200001,32.29017994406303,Middle
P3543,Zone3,Open low-rise,3,6,459874.0840999996,4442648.575200001,32.47073214481601,Middle
P3544,Zone3,Open low-rise,3,6,460874.0840999996,4442648.575200001,32.41923327963833,Middle
P3559,Zone3,Open low-rise,3,6,476874.0840999996,4442648.575200001,32.57080392740156,Middle
P3560,Zone3,Open low-rise,3,6,477874.0840999996,4442648.575200001,32.54852529381683,Middle
P3587,Zone3,Open low-rise,3,6,458874.0840999996,4443648.575200001,32.09942103514884,Middle
P3588,Zone3,Open low-rise,3,6,459874.0840999996,4443648.575200001,32.36875695947096,Middle
P3589,Zone3,Open low-rise,3,6,460874.0840999996,4443648.575200001,32.33607888244484,Middle
P3590,Zone3,Open low-rise,3,6,461874.0840999996,4443648.575200001,32.34673640186588,Middle
P3594,Zone3,Open low-rise,3,6,465874.0840999996,4443648.575200001,32.96012034681291,Middle
P3596,Zone3,Open low-rise,3,6,467874.0840999996,4443648.575200001,34.22524823799549,High
P3597,Zone3,Open low-rise,3,6,468874.0840999996,4443648.575200001,34.20125413594759,High
P3602,Zone3,Open low-rise,3,6,474874.0840999996,4443648.575200001,33.3825521773732,Middle
P3609,Zone3,Open low-rise,3,6,481874.0840999996,4443648.575200001,31.97525823183734,Middle
P3615,Zone3,Open low-rise,3,6,487874.0840999996,4443648.575200001,31.77721912099604,Middle
P3616,Zone3,Open low-rise,3,6,488874.0840999996,4443648.575200001,31.88784922495636,Middle
P3623,Zone3,Open low-rise,3,6,495874.0840999996,4443648.575200001,30.7171819939707,Low
P3626,Zone3,Open low-rise,3,6,430874.0840999996,4444648.575200001,31.5940790986625,Middle
P3628,Zone3,Open low-rise,3,6,456874.0840999996,4444648.575200001,31.77372604925124,Middle
P3630,Zone3,Open low-rise,3,6,458874.0840999996,4444648.575200001,31.93348087901814,Middle
P3631,Zone3,Open low-rise,3,6,459874.0840999996,4444648.575200001,32.18395995500327,Middle
P3632,Zone3,Open low-rise,3,6,460874.0840999996,4444648.575200001,32.23315521897476,Middle
P3647,Zone3,Open low-rise,3,6,476874.0840999996,4444648.575200001,31.31894107203824,Low
P3652,Zone3,Open low-rise,3,6,481874.0840999996,4444648.575200001,32.21525290112874,Middle
P3653,Zone3,Open low-rise,3,6,482874.0840999996,4444648.575200001,32.29037780152776,Middle
P3657,Zone3,Open low-rise,3,6,486874.0840999996,4444648.575200001,32.42352233515327,Middle
P3658,Zone3,Open low-rise,3,6,487874.0840999996,4444648.575200001,32.26556694128927,Middle
P3659,Zone3,Open low-rise,3,6,488874.0840999996,4444648.575200001,31.91678056491984,Middle
P3660,Zone3,Open low-rise,3,6,489874.0840999996,4444648.575200001,31.28032863687912,Low
P3664,Zone3,Open low-rise,3,6,493874.0840999996,4444648.575200001,31.17388312153309,Low
P3665,Zone3,Open low-rise,3,6,494874.0840999996,4444648.575200001,31.27474246782236,Low
P3666,Zone3,Open low-rise,3,6,495874.0840999996,4444648.575200001,30.9311095057552,Low
P3673,Zone3,Open low-rise,3,6,459874.0840999996,4445648.575200001,31.84901016492862,Middle
P3680,Zone3,Open low-rise,3,6,466874.0840999996,4445648.575200001,33.09830371605157,Middle
P3681,Zone3,Open low-rise,3,6,467874.0840999996,4445648.575200001,33.2614228706164,Middle
P3683,Zone3,Open low-rise,3,6,469874.0840999996,4445648.575200001,33.36304837295306,Middle
P3687,Zone3,Open low-rise,3,6,474874.0840999996,4445648.575200001,31.67285137279716,Middle
P3693,Zone3,Open low-rise,3,6,480874.0840999996,4445648.575200001,31.55862458802557,Middle
P3695,Zone3,Open low-rise,3,6,482874.0840999996,4445648.575200001,32.04481285459104,Middle
P3699,Zone3,Open low-rise,3,6,486874.0840999996,4445648.575200001,31.93433016560365,Middle
P3704,Zone3,Open low-rise,3,6,491874.0840999996,4445648.575200001,31.1298513689595,Low
P3705,Zone3,Open low-rise,3,6,492874.0840999996,4445648.575200001,31.28037159700012,Low
P3711,Zone3,Open low-rise,3,6,457874.0840999996,4446648.575200001,32.29810828708532,Middle
P3715,Zone3,Open low-rise,3,6,461874.0840999996,4446648.575200001,31.38426267696682,Low
P3719,Zone3,Open low-rise,3,6,465874.0840999996,4446648.575200001,32.89407729451611,Middle
P3720,Zone3,Open low-rise,3,6,466874.0840999996,4446648.575200001,33.46152024815284,Middle
P3721,Zone3,Open low-rise,3,6,467874.0840999996,4446648.575200001,33.92300459794262,High
P3722,Zone3,Open low-rise,3,6,468874.0840999996,4446648.575200001,34.06311571454649,High
P3726,Zone3,Open low-rise,3,6,472874.0840999996,4446648.575200001,31.26937742859934,Low
P3727,Zone3,Open low-rise,3,6,473874.0840999996,4446648.575200001,31.97302627297362,Middle
P3728,Zone3,Open low-rise,3,6,474874.0840999996,4446648.575200001,32.19652044302406,Middle
P3729,Zone3,Open low-rise,3,6,475874.0840999996,4446648.575200001,31.62844758842318,Middle
P3745,Zone3,Open low-rise,3,6,491874.0840999996,4446648.575200001,30.93091530891764,Low
P3750,Zone3,Open low-rise,3,6,456874.0840999996,4447648.575200001,31.89488461195059,Middle
P3751,Zone3,Open low-rise,3,6,457874.0840999996,4447648.575200001,31.76995217370574,Middle
P3762,Zone3,Open low-rise,3,6,468874.0840999996,4447648.575200001,33.43286332030651,Middle
P3768,Zone3,Open low-rise,3,6,474874.0840999996,4447648.575200001,32.11072467379227,Middle
P3770,Zone3,Open low-rise,3,6,476874.0840999996,4447648.575200001,31.86743362097387,Middle
P3785,Zone3,Open low-rise,3,6,491874.0840999996,4447648.575200001,30.47503560477698,Low
P3798,Zone3,Open low-rise,3,6,465874.0840999996,4448648.575200001,32.75366227055405,Middle
P3799,Zone3,Open low-rise,3,6,466874.0840999996,4448648.575200001,32.93037315467404,Middle
P3801,Zone3,Open low-rise,3,6,468874.0840999996,4448648.575200001,32.88552837803393,Middle
P3806,Zone3,Open low-rise,3,6,474874.0840999996,4448648.575200001,32.17186734447779,Middle
P3807,Zone3,Open low-rise,3,6,475874.0840999996,4448648.575200001,33.24337390417776,Middle
P3808,Zone3,Open low-rise,3,6,476874.0840999996,4448648.575200001,33.25055940764444,Middle
P3809,Zone3,Open low-rise,3,6,477874.0840999996,4448648.575200001,32.41501739676801,Middle
P3816,Zone3,Open low-rise,3,6,484874.0840999996,4448648.575200001,30.86158481356172,Low
P3836,Zone3,Open low-rise,3,6,464874.0840999996,4449648.575200001,32.36536250662999,Middle
P3838,Zone3,Open low-rise,3,6,466874.0840999996,4449648.575200001,32.60937947289721,Middle
P3840,Zone3,Open low-rise,3,6,468874.0840999996,4449648.575200001,32.74507018114502,Middle
P3846,Zone3,Open low-rise,3,6,475874.0840999996,4449648.575200001,33.1001529016991,Middle
P3848,Zone3,Open low-rise,3,6,477874.0840999996,4449648.575200001,32.8636683531083,Middle
P3850,Zone3,Open low-rise,3,6,479874.0840999996,4449648.575200001,32.09164579308983,Middle
P3854,Zone3,Open low-rise,3,6,483874.0840999996,4449648.575200001,31.35357505531335,Low
P3866,Zone3,Open low-rise,3,6,455874.0840999996,4450648.575200001,31.44769832383227,Middle
P3869,Zone3,Open low-rise,3,6,458874.0840999996,4450648.575200001,31.59861086001935,Middle
P3873,Zone3,Open low-rise,3,6,462874.0840999996,4450648.575200001,32.44466541162573,Middle
P3879,Zone3,Open low-rise,3,6,468874.0840999996,4450648.575200001,32.84295582200105,Middle
P3884,Zone3,Open low-rise,3,6,475874.0840999996,4450648.575200001,32.26730499504249,Middle
P3886,Zone3,Open low-rise,3,6,477874.0840999996,4450648.575200001,32.85867150547124,Middle
P3889,Zone3,Open low-rise,3,6,480874.0840999996,4450648.575200001,31.68900291274274,Middle
P3892,Zone3,Open low-rise,3,6,483874.0840999996,4450648.575200001,31.43031816547547,Middle
P3903,Zone3,Open low-rise,3,6,455874.0840999996,4451648.575200001,31.11848164402674,Low
P3912,Zone3,Open low-rise,3,6,464874.0840999996,4451648.575200001,32.10385024043151,Middle
P3913,Zone3,Open low-rise,3,6,465874.0840999996,4451648.575200001,32.22743613377764,Middle
P3915,Zone3,Open low-rise,3,6,467874.0840999996,4451648.575200001,32.31306839011548,Middle
P3916,Zone3,Open low-rise,3,6,468874.0840999996,4451648.575200001,32.74714595280809,Middle
P3920,Zone3,Open low-rise,3,6,473874.0840999996,4451648.575200001,30.63199048605381,Low
P3923,Zone3,Open low-rise,3,6,476874.0840999996,4451648.575200001,31.97125892202461,Middle
P3924,Zone3,Open low-rise,3,6,477874.0840999996,4451648.575200001,31.92207996884175,Middle
P3925,Zone3,Open low-rise,3,6,478874.0840999996,4451648.575200001,32.17269586950312,Middle
P3947,Zone3,Open low-rise,3,6,461874.0840999996,4452648.575200001,32.92122631896507,Middle
P3950,Zone3,Open low-rise,3,6,464874.0840999996,4452648.575200001,31.82081214464363,Middle
P3953,Zone3,Open low-rise,3,6,467874.0840999996,4452648.575200001,31.90768637678904,Middle
P3954,Zone3,Open low-rise,3,6,468874.0840999996,4452648.575200001,32.48734412918516,Middle
P3956,Zone3,Open low-rise,3,6,470874.0840999996,4452648.575200001,33.02334909359171,Middle
P3957,Zone3,Open low-rise,3,6,471874.0840999996,4452648.575200001,31.58518656500931,Middle
P3965,Zone3,Open low-rise,3,6,480874.0840999996,4452648.575200001,31.1633967206421,Low
P3972,Zone3,Open low-rise,3,6,487874.0840999996,4452648.575200001,30.85710673706881,Low
P3990,Zone3,Open low-rise,3,6,468874.0840999996,4453648.575200001,31.9324412753842,Middle
P3991,Zone3,Open low-rise,3,6,469874.0840999996,4453648.575200001,32.50239655714635,Middle
P3993,Zone3,Open low-rise,3,6,473874.0840999996,4453648.575200001,30.43868453755548,Low
P3998,Zone3,Open low-rise,3,6,478874.0840999996,4453648.575200001,31.1812060076391,Low
P4010,Zone3,Open low-rise,3,6,455874.0840999996,4454648.575200001,30.22033444392832,Low
P4033,Zone3,Open low-rise,3,6,481874.0840999996,4454648.575200001,31.49258295440282,Middle
P4045,Zone3,Open low-rise,3,6,459874.0840999996,4455648.575200001,30.65104337585449,Low
P4066,Zone3,Open low-rise,3,6,485874.0840999996,4455648.575200001,30.49840028652691,Low
P4106,Zone3,Open low-rise,3,6,481874.0840999996,4458648.575200001,31.18531888007191,Low
P1,Zone4,Green-space-dominated,4,7,450874.0840999996,4366648.575200001,30.765955142295898,Low
P2,Zone4,Green-space-dominated,4,7,443874.0840999996,4367648.575200001,31.30529909305161,Low
P3,Zone4,Green-space-dominated,4,7,444874.0840999996,4367648.575200001,31.43231827235282,Middle
P4,Zone4,Green-space-dominated,4,7,445874.0840999996,4367648.575200001,31.32890527603802,Low
P5,Zone4,Green-space-dominated,4,7,446874.0840999996,4367648.575200001,31.167674438882823,Low
P6,Zone4,Green-space-dominated,4,7,447874.0840999996,4367648.575200001,31.16227713123054,Low
P7,Zone4,Green-space-dominated,4,7,448874.0840999996,4367648.575200001,31.13410339257676,Low
P8,Zone4,Green-space-dominated,4,7,449874.0840999996,4367648.575200001,31.1533530310272,Low
P9,Zone4,Green-space-dominated,4,7,450874.0840999996,4367648.575200001,30.92576035890383,Low
P10,Zone4,Green-space-dominated,4,7,451874.0840999996,4367648.575200001,30.48198334187133,Low
P12,Zone4,Green-space-dominated,4,7,442874.0840999996,4368648.575200001,31.46852606958141,Middle
P14,Zone4,Green-space-dominated,4,7,444874.0840999996,4368648.575200001,31.54429810420193,Middle
P15,Zone4,Green-space-dominated,4,7,445874.0840999996,4368648.575200001,31.64061503252857,Middle
P16,Zone4,Green-space-dominated,4,7,446874.0840999996,4368648.575200001,31.53816908453439,Middle
P17,Zone4,Green-space-dominated,4,7,447874.0840999996,4368648.575200001,31.72746787112328,Middle
P18,Zone4,Green-space-dominated,4,7,448874.0840999996,4368648.575200001,31.91951719835969,Middle
P19,Zone4,Green-space-dominated,4,7,449874.0840999996,4368648.575200001,31.91373026663049,Middle
P20,Zone4,Green-space-dominated,4,7,450874.0840999996,4368648.575200001,31.61401070227527,Middle
P21,Zone4,Green-space-dominated,4,7,441874.0840999996,4369648.575200001,31.79108468137643,Middle
P22,Zone4,Green-space-dominated,4,7,442874.0840999996,4369648.575200001,31.60876289901683,Middle
P23,Zone4,Green-space-dominated,4,7,443874.0840999996,4369648.575200001,31.65090058364496,Middle
P24,Zone4,Green-space-dominated,4,7,444874.0840999996,4369648.575200001,31.9821788905778,Middle
P26,Zone4,Green-space-dominated,4,7,446874.0840999996,4369648.575200001,32.62275467149697,Middle
P27,Zone4,Green-space-dominated,4,7,447874.0840999996,4369648.575200001,32.57950762411973,Middle
P28,Zone4,Green-space-dominated,4,7,448874.0840999996,4369648.575200001,32.5170855926845,Middle
P29,Zone4,Green-space-dominated,4,7,449874.0840999996,4369648.575200001,32.61781997780602,Middle
P30,Zone4,Green-space-dominated,4,7,450874.0840999996,4369648.575200001,32.13035747155226,Middle
P31,Zone4,Green-space-dominated,4,7,440874.0840999996,4370648.575200001,31.487165433026632,Middle
P32,Zone4,Green-space-dominated,4,7,441874.0840999996,4370648.575200001,31.45581664401725,Middle
P33,Zone4,Green-space-dominated,4,7,442874.0840999996,4370648.575200001,31.31994825891461,Low
P34,Zone4,Green-space-dominated,4,7,443874.0840999996,4370648.575200001,31.78214915049647,Middle
P37,Zone4,Green-space-dominated,4,7,446874.0840999996,4370648.575200001,33.01120352054247,Middle
P38,Zone4,Green-space-dominated,4,7,447874.0840999996,4370648.575200001,33.28393803399399,Middle
P40,Zone4,Green-space-dominated,4,7,440874.0840999996,4371648.575200001,31.88228072807054,Middle
P43,Zone4,Green-space-dominated,4,7,443874.0840999996,4371648.575200001,31.97048551736086,Middle
P44,Zone4,Green-space-dominated,4,7,444874.0840999996,4371648.575200001,32.99003546575608,Middle
P46,Zone4,Green-space-dominated,4,7,446874.0840999996,4371648.575200001,33.89325541917354,High
P47,Zone4,Green-space-dominated,4,7,436874.0840999996,4372648.575200001,31.7192029645284,Middle
P48,Zone4,Green-space-dominated,4,7,437874.0840999996,4372648.575200001,32.34955853708907,Middle
P53,Zone4,Green-space-dominated,4,7,442874.0840999996,4372648.575200001,31.96509793140715,Middle
P54,Zone4,Green-space-dominated,4,7,443874.0840999996,4372648.575200001,31.87272571045472,Middle
P55,Zone4,Green-space-dominated,4,7,444874.0840999996,4372648.575200001,32.14177112512944,Middle
P56,Zone4,Green-space-dominated,4,7,445874.0840999996,4372648.575200001,32.44422126762022,Middle
P57,Zone4,Green-space-dominated,4,7,446874.0840999996,4372648.575200001,33.170310658567,Middle
P58,Zone4,Green-space-dominated,4,7,435874.0840999996,4373648.575200001,31.491384345610307,Middle
P66,Zone4,Green-space-dominated,4,7,443874.0840999996,4373648.575200001,31.8206836370653,Middle
P68,Zone4,Green-space-dominated,4,7,445874.0840999996,4373648.575200001,32.09250446714074,Middle
P69,Zone4,Green-space-dominated,4,7,435874.0840999996,4374648.575200001,31.60512969659141,Middle
P70,Zone4,Green-space-dominated,4,7,436874.0840999996,4374648.575200001,31.88609670514997,Middle
P71,Zone4,Green-space-dominated,4,7,437874.0840999996,4374648.575200001,32.43764702865203,Middle
P76,Zone4,Green-space-dominated,4,7,442874.0840999996,4374648.575200001,32.01060027159578,Middle
P77,Zone4,Green-space-dominated,4,7,443874.0840999996,4374648.575200001,31.50584754447652,Middle
P78,Zone4,Green-space-dominated,4,7,444874.0840999996,4374648.575200001,31.33328498636653,Low
P79,Zone4,Green-space-dominated,4,7,445874.0840999996,4374648.575200001,31.81496045325546,Middle
P81,Zone4,Green-space-dominated,4,7,435874.0840999996,4375648.575200001,31.17757238247166,Low
P82,Zone4,Green-space-dominated,4,7,436874.0840999996,4375648.575200001,31.60315934579375,Middle
P83,Zone4,Green-space-dominated,4,7,437874.0840999996,4375648.575200001,31.8964245384225,Middle
P84,Zone4,Green-space-dominated,4,7,438874.0840999996,4375648.575200001,31.99785063187041,Middle
P85,Zone4,Green-space-dominated,4,7,439874.0840999996,4375648.575200001,32.43997714446838,Middle
P89,Zone4,Green-space-dominated,4,7,443874.0840999996,4375648.575200001,31.35187953864009,Low
P90,Zone4,Green-space-dominated,4,7,444874.0840999996,4375648.575200001,31.3689154666228,Low
P91,Zone4,Green-space-dominated,4,7,445874.0840999996,4375648.575200001,31.57272962971398,Middle
P92,Zone4,Green-space-dominated,4,7,446874.0840999996,4375648.575200001,31.99414574590098,Middle
P97,Zone4,Green-space-dominated,4,7,435874.0840999996,4376648.575200001,31.36677912771937,Low
P98,Zone4,Green-space-dominated,4,7,436874.0840999996,4376648.575200001,31.61852322384642,Middle
P99,Zone4,Green-space-dominated,4,7,437874.0840999996,4376648.575200001,31.6303404545573,Middle
P100,Zone4,Green-space-dominated,4,7,438874.0840999996,4376648.575200001,31.75910694421333,Middle
P101,Zone4,Green-space-dominated,4,7,439874.0840999996,4376648.575200001,32.07313355465397,Middle
P102,Zone4,Green-space-dominated,4,7,440874.0840999996,4376648.575200001,31.88472229117477,Middle
P103,Zone4,Green-space-dominated,4,7,441874.0840999996,4376648.575200001,31.47373523880709,Middle
P104,Zone4,Green-space-dominated,4,7,442874.0840999996,4376648.575200001,31.4025411280894,Low
P105,Zone4,Green-space-dominated,4,7,443874.0840999996,4376648.575200001,31.64126170681177,Middle
P107,Zone4,Green-space-dominated,4,7,445874.0840999996,4376648.575200001,31.86721553328139,Middle
P108,Zone4,Green-space-dominated,4,7,446874.0840999996,4376648.575200001,32.04299496409248,Middle
P109,Zone4,Green-space-dominated,4,7,447874.0840999996,4376648.575200001,32.19812915824269,Middle
P110,Zone4,Green-space-dominated,4,7,448874.0840999996,4376648.575200001,32.78341487832177,Middle
P115,Zone4,Green-space-dominated,4,7,453874.0840999996,4376648.575200001,32.90592422159249,Middle
P116,Zone4,Green-space-dominated,4,7,435874.0840999996,4377648.575200001,31.65622896528057,Middle
P117,Zone4,Green-space-dominated,4,7,436874.0840999996,4377648.575200001,31.96759679807286,Middle
P118,Zone4,Green-space-dominated,4,7,437874.0840999996,4377648.575200001,32.03217639757227,Middle
P119,Zone4,Green-space-dominated,4,7,438874.0840999996,4377648.575200001,31.86709893112002,Middle
P120,Zone4,Green-space-dominated,4,7,439874.0840999996,4377648.575200001,31.72570684832861,Middle
P121,Zone4,Green-space-dominated,4,7,440874.0840999996,4377648.575200001,31.70770106639,Middle
P122,Zone4,Green-space-dominated,4,7,441874.0840999996,4377648.575200001,31.65880670519777,Middle
P124,Zone4,Green-space-dominated,4,7,443874.0840999996,4377648.575200001,32.29062443939932,Middle
P125,Zone4,Green-space-dominated,4,7,444874.0840999996,4377648.575200001,32.16971603691513,Middle
P126,Zone4,Green-space-dominated,4,7,445874.0840999996,4377648.575200001,31.95849329952036,Middle
P127,Zone4,Green-space-dominated,4,7,446874.0840999996,4377648.575200001,31.97463184492789,Middle
P128,Zone4,Green-space-dominated,4,7,447874.0840999996,4377648.575200001,32.01565340729096,Middle
P130,Zone4,Green-space-dominated,4,7,449874.0840999996,4377648.575200001,32.76157957986901,Middle
P131,Zone4,Green-space-dominated,4,7,450874.0840999996,4377648.575200001,32.59457783669533,Middle
P132,Zone4,Green-space-dominated,4,7,451874.0840999996,4377648.575200001,31.92505662527928,Middle
P133,Zone4,Green-space-dominated,4,7,452874.0840999996,4377648.575200001,31.97954508085984,Middle
P135,Zone4,Green-space-dominated,4,7,434874.0840999996,4378648.575200001,31.15002640073752,Low
P136,Zone4,Green-space-dominated,4,7,435874.0840999996,4378648.575200001,31.4889345137509,Middle
P137,Zone4,Green-space-dominated,4,7,436874.0840999996,4378648.575200001,31.96447132502295,Middle
P138,Zone4,Green-space-dominated,4,7,437874.0840999996,4378648.575200001,32.22024992559095,Middle
P139,Zone4,Green-space-dominated,4,7,438874.0840999996,4378648.575200001,32.09877816513018,Middle
P140,Zone4,Green-space-dominated,4,7,439874.0840999996,4378648.575200001,32.12262537518632,Middle
P143,Zone4,Green-space-dominated,4,7,442874.0840999996,4378648.575200001,32.26269305322212,Middle
P144,Zone4,Green-space-dominated,4,7,443874.0840999996,4378648.575200001,32.27886518099982,Middle
P145,Zone4,Green-space-dominated,4,7,444874.0840999996,4378648.575200001,32.11504908432537,Middle
P146,Zone4,Green-space-dominated,4,7,445874.0840999996,4378648.575200001,31.92934420173986,Middle
P147,Zone4,Green-space-dominated,4,7,446874.0840999996,4378648.575200001,31.70782676048285,Middle
P148,Zone4,Green-space-dominated,4,7,447874.0840999996,4378648.575200001,31.66957796770636,Middle
P149,Zone4,Green-space-dominated,4,7,448874.0840999996,4378648.575200001,32.0217804357768,Middle
P152,Zone4,Green-space-dominated,4,7,451874.0840999996,4378648.575200001,31.74595966839287,Middle
P154,Zone4,Green-space-dominated,4,7,453874.0840999996,4378648.575200001,32.23347711229212,Middle
P155,Zone4,Green-space-dominated,4,7,454874.0840999996,4378648.575200001,32.20375107904817,Middle
P157,Zone4,Green-space-dominated,4,7,456874.0840999996,4378648.575200001,31.671630446423762,Middle
P158,Zone4,Green-space-dominated,4,7,434874.0840999996,4379648.575200001,31.28404297562431,Low
P160,Zone4,Green-space-dominated,4,7,436874.0840999996,4379648.575200001,31.92655715091801,Middle
P162,Zone4,Green-space-dominated,4,7,438874.0840999996,4379648.575200001,32.29946671397714,Middle
P163,Zone4,Green-space-dominated,4,7,439874.0840999996,4379648.575200001,32.35862457888946,Middle
P166,Zone4,Green-space-dominated,4,7,442874.0840999996,4379648.575200001,32.19197454508037,Middle
P167,Zone4,Green-space-dominated,4,7,443874.0840999996,4379648.575200001,31.93165358170903,Middle
P168,Zone4,Green-space-dominated,4,7,444874.0840999996,4379648.575200001,31.93449741700136,Middle
P169,Zone4,Green-space-dominated,4,7,445874.0840999996,4379648.575200001,32.04505300168308,Middle
P170,Zone4,Green-space-dominated,4,7,446874.0840999996,4379648.575200001,31.77847472514281,Middle
P171,Zone4,Green-space-dominated,4,7,447874.0840999996,4379648.575200001,31.62430464404386,Middle
P172,Zone4,Green-space-dominated,4,7,448874.0840999996,4379648.575200001,31.72984641137267,Middle
P173,Zone4,Green-space-dominated,4,7,449874.0840999996,4379648.575200001,31.91390551742429,Middle
P174,Zone4,Green-space-dominated,4,7,450874.0840999996,4379648.575200001,31.75258555723547,Middle
P175,Zone4,Green-space-dominated,4,7,451874.0840999996,4379648.575200001,31.58295618874098,Middle
P176,Zone4,Green-space-dominated,4,7,452874.0840999996,4379648.575200001,31.86881732555039,Middle
P178,Zone4,Green-space-dominated,4,7,454874.0840999996,4379648.575200001,32.12730428879955,Middle
P179,Zone4,Green-space-dominated,4,7,455874.0840999996,4379648.575200001,31.82753009466126,Middle
P180,Zone4,Green-space-dominated,4,7,456874.0840999996,4379648.575200001,31.593380436773,Middle
P181,Zone4,Green-space-dominated,4,7,433874.0840999996,4380648.575200001,32.06619454500611,Middle
P182,Zone4,Green-space-dominated,4,7,434874.0840999996,4380648.575200001,31.93585213755783,Middle
P183,Zone4,Green-space-dominated,4,7,435874.0840999996,4380648.575200001,31.90060772012318,Middle
P184,Zone4,Green-space-dominated,4,7,436874.0840999996,4380648.575200001,31.89383051417562,Middle
P185,Zone4,Green-space-dominated,4,7,437874.0840999996,4380648.575200001,31.95234642261061,Middle
P186,Zone4,Green-space-dominated,4,7,438874.0840999996,4380648.575200001,32.18030959959363,Middle
P187,Zone4,Green-space-dominated,4,7,439874.0840999996,4380648.575200001,32.36406842285756,Middle
P188,Zone4,Green-space-dominated,4,7,440874.0840999996,4380648.575200001,32.47603675787671,Middle
P190,Zone4,Green-space-dominated,4,7,442874.0840999996,4380648.575200001,32.39298270845158,Middle
P191,Zone4,Green-space-dominated,4,7,443874.0840999996,4380648.575200001,32.56028584537293,Middle
P192,Zone4,Green-space-dominated,4,7,444874.0840999996,4380648.575200001,32.78543300442045,Middle
P193,Zone4,Green-space-dominated,4,7,445874.0840999996,4380648.575200001,32.75336104879436,Middle
P194,Zone4,Green-space-dominated,4,7,446874.0840999996,4380648.575200001,32.44567692554113,Middle
P195,Zone4,Green-space-dominated,4,7,447874.0840999996,4380648.575200001,32.07493602217593,Middle
P196,Zone4,Green-space-dominated,4,7,448874.0840999996,4380648.575200001,31.86149186068148,Middle
P197,Zone4,Green-space-dominated,4,7,449874.0840999996,4380648.575200001,31.76051885568634,Middle
P198,Zone4,Green-space-dominated,4,7,450874.0840999996,4380648.575200001,31.51968051005821,Middle
P199,Zone4,Green-space-dominated,4,7,451874.0840999996,4380648.575200001,31.36078279461249,Low
P202,Zone4,Green-space-dominated,4,7,454874.0840999996,4380648.575200001,31.80506446386824,Middle
P203,Zone4,Green-space-dominated,4,7,455874.0840999996,4380648.575200001,31.65736757713015,Middle
P204,Zone4,Green-space-dominated,4,7,456874.0840999996,4380648.575200001,31.39864866028859,Low
P205,Zone4,Green-space-dominated,4,7,457874.0840999996,4380648.575200001,31.07431660497315,Low
P206,Zone4,Green-space-dominated,4,7,432874.0840999996,4381648.575200001,31.90482485151806,Middle
P207,Zone4,Green-space-dominated,4,7,433874.0840999996,4381648.575200001,32.33459735987666,Middle
P208,Zone4,Green-space-dominated,4,7,434874.0840999996,4381648.575200001,32.36435881033453,Middle
P209,Zone4,Green-space-dominated,4,7,435874.0840999996,4381648.575200001,32.08130996251266,Middle
P210,Zone4,Green-space-dominated,4,7,436874.0840999996,4381648.575200001,31.91144359530181,Middle
P211,Zone4,Green-space-dominated,4,7,437874.0840999996,4381648.575200001,32.00760584663956,Middle
P212,Zone4,Green-space-dominated,4,7,438874.0840999996,4381648.575200001,32.19706837743386,Middle
P213,Zone4,Green-space-dominated,4,7,439874.0840999996,4381648.575200001,32.42264314093708,Middle
P215,Zone4,Green-space-dominated,4,7,441874.0840999996,4381648.575200001,32.78344202949173,Middle
P216,Zone4,Green-space-dominated,4,7,442874.0840999996,4381648.575200001,33.04021906722047,Middle
P217,Zone4,Green-space-dominated,4,7,443874.0840999996,4381648.575200001,33.19268126084183,Middle
P218,Zone4,Green-space-dominated,4,7,444874.0840999996,4381648.575200001,33.38156482620433,Middle
P219,Zone4,Green-space-dominated,4,7,445874.0840999996,4381648.575200001,33.19231503632536,Middle
P220,Zone4,Green-space-dominated,4,7,446874.0840999996,4381648.575200001,32.73030421054089,Middle
P221,Zone4,Green-space-dominated,4,7,447874.0840999996,4381648.575200001,32.33327895642985,Middle
P222,Zone4,Green-space-dominated,4,7,448874.0840999996,4381648.575200001,31.93997034565209,Middle
P223,Zone4,Green-space-dominated,4,7,449874.0840999996,4381648.575200001,31.63459014759935,Middle
P225,Zone4,Green-space-dominated,4,7,451874.0840999996,4381648.575200001,31.13793740486166,Low
P226,Zone4,Green-space-dominated,4,7,452874.0840999996,4381648.575200001,31.10073123145252,Low
P227,Zone4,Green-space-dominated,4,7,453874.0840999996,4381648.575200001,31.26553329060381,Low
P228,Zone4,Green-space-dominated,4,7,454874.0840999996,4381648.575200001,31.51535691265754,Middle
P229,Zone4,Green-space-dominated,4,7,455874.0840999996,4381648.575200001,31.3124270550881,Low
P230,Zone4,Green-space-dominated,4,7,456874.0840999996,4381648.575200001,31.05554841630265,Low
P231,Zone4,Green-space-dominated,4,7,457874.0840999996,4381648.575200001,30.86599853423641,Low
P234,Zone4,Green-space-dominated,4,7,435874.0840999996,4382648.575200001,31.83495386696275,Middle
P235,Zone4,Green-space-dominated,4,7,436874.0840999996,4382648.575200001,31.76560988847955,Middle
P236,Zone4,Green-space-dominated,4,7,437874.0840999996,4382648.575200001,31.84064661257401,Middle
P237,Zone4,Green-space-dominated,4,7,438874.0840999996,4382648.575200001,32.52746671303683,Middle
P238,Zone4,Green-space-dominated,4,7,439874.0840999996,4382648.575200001,32.85980551807481,Middle
P239,Zone4,Green-space-dominated,4,7,440874.0840999996,4382648.575200001,32.8492606807468,Middle
P240,Zone4,Green-space-dominated,4,7,441874.0840999996,4382648.575200001,32.87641921837969,Middle
P242,Zone4,Green-space-dominated,4,7,443874.0840999996,4382648.575200001,33.32474509636646,Middle
P243,Zone4,Green-space-dominated,4,7,444874.0840999996,4382648.575200001,33.44968829511413,Middle
P244,Zone4,Green-space-dominated,4,7,445874.0840999996,4382648.575200001,33.15094479816302,Middle
P245,Zone4,Green-space-dominated,4,7,446874.0840999996,4382648.575200001,32.59094398940292,Middle
P246,Zone4,Green-space-dominated,4,7,447874.0840999996,4382648.575200001,32.16032651289179,Middle
P247,Zone4,Green-space-dominated,4,7,448874.0840999996,4382648.575200001,31.86863503256533,Middle
P248,Zone4,Green-space-dominated,4,7,449874.0840999996,4382648.575200001,31.51194613744143,Middle
P250,Zone4,Green-space-dominated,4,7,451874.0840999996,4382648.575200001,31.10173363552882,Low
P251,Zone4,Green-space-dominated,4,7,452874.0840999996,4382648.575200001,31.41714970983714,Low
P252,Zone4,Green-space-dominated,4,7,453874.0840999996,4382648.575200001,31.42725666065987,Middle
P254,Zone4,Green-space-dominated,4,7,455874.0840999996,4382648.575200001,31.31717654131794,Low
P255,Zone4,Green-space-dominated,4,7,456874.0840999996,4382648.575200001,30.89493324369764,Low
P256,Zone4,Green-space-dominated,4,7,457874.0840999996,4382648.575200001,30.70218648019659,Low
P258,Zone4,Green-space-dominated,4,7,432874.0840999996,4383648.575200001,31.40557612276877,Low
P259,Zone4,Green-space-dominated,4,7,433874.0840999996,4383648.575200001,31.64534777877364,Middle
P260,Zone4,Green-space-dominated,4,7,434874.0840999996,4383648.575200001,31.49047963009524,Middle
P261,Zone4,Green-space-dominated,4,7,435874.0840999996,4383648.575200001,31.52495090062013,Middle
P262,Zone4,Green-space-dominated,4,7,436874.0840999996,4383648.575200001,32.11503021578719,Middle
P263,Zone4,Green-space-dominated,4,7,437874.0840999996,4383648.575200001,32.27946788555564,Middle
P264,Zone4,Green-space-dominated,4,7,438874.0840999996,4383648.575200001,32.869597761946,Middle
P267,Zone4,Green-space-dominated,4,7,441874.0840999996,4383648.575200001,33.11325114891724,Middle
P269,Zone4,Green-space-dominated,4,7,443874.0840999996,4383648.575200001,33.64535322092591,High
P271,Zone4,Green-space-dominated,4,7,445874.0840999996,4383648.575200001,33.20945434965259,Middle
P272,Zone4,Green-space-dominated,4,7,446874.0840999996,4383648.575200001,32.79919037849019,Middle
P273,Zone4,Green-space-dominated,4,7,447874.0840999996,4383648.575200001,32.36035157688983,Middle
P274,Zone4,Green-space-dominated,4,7,448874.0840999996,4383648.575200001,32.31580980183586,Middle
P275,Zone4,Green-space-dominated,4,7,449874.0840999996,4383648.575200001,32.13180733810599,Middle
P276,Zone4,Green-space-dominated,4,7,450874.0840999996,4383648.575200001,31.6081808615088,Middle
P277,Zone4,Green-space-dominated,4,7,451874.0840999996,4383648.575200001,31.4195661507497,Low
P278,Zone4,Green-space-dominated,4,7,452874.0840999996,4383648.575200001,31.54311955203259,Middle
P279,Zone4,Green-space-dominated,4,7,453874.0840999996,4383648.575200001,31.57056912095824,Middle
P280,Zone4,Green-space-dominated,4,7,454874.0840999996,4383648.575200001,31.67614812923885,Middle
P281,Zone4,Green-space-dominated,4,7,455874.0840999996,4383648.575200001,31.47496999692621,Middle
P282,Zone4,Green-space-dominated,4,7,456874.0840999996,4383648.575200001,31.08792377193019,Low
P283,Zone4,Green-space-dominated,4,7,457874.0840999996,4383648.575200001,30.53658789699968,Low
P284,Zone4,Green-space-dominated,4,7,458874.0840999996,4383648.575200001,30.22582694458045,Low
P286,Zone4,Green-space-dominated,4,7,460874.0840999996,4383648.575200001,31.04215628921062,Low
P287,Zone4,Green-space-dominated,4,7,472874.0840999996,4383648.575200001,31.58283198787898,Middle
P288,Zone4,Green-space-dominated,4,7,473874.0840999996,4383648.575200001,31.33164161736201,Low
P290,Zone4,Green-space-dominated,4,7,432874.0840999996,4384648.575200001,30.95806319777256,Low
P291,Zone4,Green-space-dominated,4,7,433874.0840999996,4384648.575200001,30.78129194571343,Low
P292,Zone4,Green-space-dominated,4,7,434874.0840999996,4384648.575200001,30.83989971077613,Low
P293,Zone4,Green-space-dominated,4,7,435874.0840999996,4384648.575200001,31.55477698527206,Middle
P295,Zone4,Green-space-dominated,4,7,437874.0840999996,4384648.575200001,31.99599347189851,Middle
P301,Zone4,Green-space-dominated,4,7,443874.0840999996,4384648.575200001,33.83411208813375,High
P303,Zone4,Green-space-dominated,4,7,445874.0840999996,4384648.575200001,33.07346860135625,Middle
P305,Zone4,Green-space-dominated,4,7,447874.0840999996,4384648.575200001,32.92142738043904,Middle
P310,Zone4,Green-space-dominated,4,7,452874.0840999996,4384648.575200001,31.73128938178817,Middle
P311,Zone4,Green-space-dominated,4,7,453874.0840999996,4384648.575200001,31.85863452783082,Middle
P313,Zone4,Green-space-dominated,4,7,455874.0840999996,4384648.575200001,32.22807009843943,Middle
P315,Zone4,Green-space-dominated,4,7,457874.0840999996,4384648.575200001,31.52821764931739,Middle
P317,Zone4,Green-space-dominated,4,7,459874.0840999996,4384648.575200001,30.68392515544287,Low
P318,Zone4,Green-space-dominated,4,7,460874.0840999996,4384648.575200001,30.71829337723533,Low
P319,Zone4,Green-space-dominated,4,7,461874.0840999996,4384648.575200001,30.9374328987474,Low
P321,Zone4,Green-space-dominated,4,7,467874.0840999996,4384648.575200001,31.75497368411307,Middle
P322,Zone4,Green-space-dominated,4,7,468874.0840999996,4384648.575200001,31.54986418533282,Middle
P323,Zone4,Green-space-dominated,4,7,469874.0840999996,4384648.575200001,31.46058104977467,Middle
P324,Zone4,Green-space-dominated,4,7,470874.0840999996,4384648.575200001,31.49797162685749,Middle
P325,Zone4,Green-space-dominated,4,7,471874.0840999996,4384648.575200001,31.55804824674295,Middle
P327,Zone4,Green-space-dominated,4,7,479874.0840999996,4384648.575200001,31.58250664107817,Middle
P329,Zone4,Green-space-dominated,4,7,432874.0840999996,4385648.575200001,31.0526569598027,Low
P330,Zone4,Green-space-dominated,4,7,433874.0840999996,4385648.575200001,30.92596478463264,Low
P331,Zone4,Green-space-dominated,4,7,434874.0840999996,4385648.575200001,31.033097579646,Low
P332,Zone4,Green-space-dominated,4,7,435874.0840999996,4385648.575200001,31.45287710681547,Middle
P333,Zone4,Green-space-dominated,4,7,436874.0840999996,4385648.575200001,31.87981386444132,Middle
P334,Zone4,Green-space-dominated,4,7,437874.0840999996,4385648.575200001,31.91442725960433,Middle
P335,Zone4,Green-space-dominated,4,7,438874.0840999996,4385648.575200001,32.36025355029266,Middle
P343,Zone4,Green-space-dominated,4,7,446874.0840999996,4385648.575200001,32.98645602517702,Middle
P344,Zone4,Green-space-dominated,4,7,447874.0840999996,4385648.575200001,33.14314041578712,Middle
P345,Zone4,Green-space-dominated,4,7,448874.0840999996,4385648.575200001,32.85596757544277,Middle
P346,Zone4,Green-space-dominated,4,7,449874.0840999996,4385648.575200001,32.6865452999745,Middle
P347,Zone4,Green-space-dominated,4,7,450874.0840999996,4385648.575200001,32.3860988285894,Middle
P348,Zone4,Green-space-dominated,4,7,451874.0840999996,4385648.575200001,32.03991772510718,Middle
P349,Zone4,Green-space-dominated,4,7,452874.0840999996,4385648.575200001,32.06130835559215,Middle
P350,Zone4,Green-space-dominated,4,7,453874.0840999996,4385648.575200001,32.20944699092749,Middle
P356,Zone4,Green-space-dominated,4,7,459874.0840999996,4385648.575200001,30.88148175263974,Low
P357,Zone4,Green-space-dominated,4,7,460874.0840999996,4385648.575200001,30.64083415818344,Low
P358,Zone4,Green-space-dominated,4,7,461874.0840999996,4385648.575200001,30.80759639385209,Low
P359,Zone4,Green-space-dominated,4,7,466874.0840999996,4385648.575200001,32.46764199959352,Middle
P360,Zone4,Green-space-dominated,4,7,467874.0840999996,4385648.575200001,32.18300562512245,Middle
P361,Zone4,Green-space-dominated,4,7,468874.0840999996,4385648.575200001,32.05092666023161,Middle
P364,Zone4,Green-space-dominated,4,7,471874.0840999996,4385648.575200001,31.36836284739348,Low
P365,Zone4,Green-space-dominated,4,7,472874.0840999996,4385648.575200001,31.31387819202716,Low
P366,Zone4,Green-space-dominated,4,7,476874.0840999996,4385648.575200001,31.639105561555628,Middle
P368,Zone4,Green-space-dominated,4,7,478874.0840999996,4385648.575200001,31.20813901844883,Low
P369,Zone4,Green-space-dominated,4,7,479874.0840999996,4385648.575200001,31.30773731271194,Low
P370,Zone4,Green-space-dominated,4,7,480874.0840999996,4385648.575200001,31.3405876728927,Low
P372,Zone4,Green-space-dominated,4,7,482874.0840999996,4385648.575200001,30.73106112525688,Low
P374,Zone4,Green-space-dominated,4,7,484874.0840999996,4385648.575200001,30.03818723557215,Low
P375,Zone4,Green-space-dominated,4,7,432874.0840999996,4386648.575200001,31.0972688939758,Low
P376,Zone4,Green-space-dominated,4,7,433874.0840999996,4386648.575200001,31.05237618914771,Low
P377,Zone4,Green-space-dominated,4,7,434874.0840999996,4386648.575200001,31.0704914929585,Low
P378,Zone4,Green-space-dominated,4,7,435874.0840999996,4386648.575200001,31.28488955623918,Low
P379,Zone4,Green-space-dominated,4,7,436874.0840999996,4386648.575200001,31.55222468119115,Middle
P381,Zone4,Green-space-dominated,4,7,438874.0840999996,4386648.575200001,32.0943204024816,Middle
P392,Zone4,Green-space-dominated,4,7,449874.0840999996,4386648.575200001,32.31583624653227,Middle
P393,Zone4,Green-space-dominated,4,7,450874.0840999996,4386648.575200001,32.12528065845104,Middle
P394,Zone4,Green-space-dominated,4,7,451874.0840999996,4386648.575200001,32.02299306194988,Middle
P395,Zone4,Green-space-dominated,4,7,452874.0840999996,4386648.575200001,32.16323498223832,Middle
P396,Zone4,Green-space-dominated,4,7,453874.0840999996,4386648.575200001,32.21015768585063,Middle
P397,Zone4,Green-space-dominated,4,7,454874.0840999996,4386648.575200001,32.08764961982834,Middle
P399,Zone4,Green-space-dominated,4,7,456874.0840999996,4386648.575200001,32.10533832376375,Middle
P400,Zone4,Green-space-dominated,4,7,457874.0840999996,4386648.575200001,31.91008187858602,Middle
P403,Zone4,Green-space-dominated,4,7,460874.0840999996,4386648.575200001,31.14715095107549,Low
P405,Zone4,Green-space-dominated,4,7,462874.0840999996,4386648.575200001,31.25236927559813,Low
P406,Zone4,Green-space-dominated,4,7,463874.0840999996,4386648.575200001,31.42709039741297,Middle
P407,Zone4,Green-space-dominated,4,7,464874.0840999996,4386648.575200001,31.84908803945457,Middle
P408,Zone4,Green-space-dominated,4,7,465874.0840999996,4386648.575200001,32.56807254716209,Middle
P409,Zone4,Green-space-dominated,4,7,466874.0840999996,4386648.575200001,32.60136373239705,Middle
P410,Zone4,Green-space-dominated,4,7,467874.0840999996,4386648.575200001,32.2833524062446,Middle
P411,Zone4,Green-space-dominated,4,7,468874.0840999996,4386648.575200001,32.14122211268675,Middle
P413,Zone4,Green-space-dominated,4,7,470874.0840999996,4386648.575200001,31.94962102692979,Middle
P414,Zone4,Green-space-dominated,4,7,471874.0840999996,4386648.575200001,31.18972300054745,Low
P415,Zone4,Green-space-dominated,4,7,472874.0840999996,4386648.575200001,31.12751366339572,Low
P416,Zone4,Green-space-dominated,4,7,473874.0840999996,4386648.575200001,31.17725268272376,Low
P419,Zone4,Green-space-dominated,4,7,476874.0840999996,4386648.575200001,31.32731378781864,Low
P421,Zone4,Green-space-dominated,4,7,478874.0840999996,4386648.575200001,31.75893206691388,Middle
P422,Zone4,Green-space-dominated,4,7,479874.0840999996,4386648.575200001,31.79165795513654,Middle
P425,Zone4,Green-space-dominated,4,7,482874.0840999996,4386648.575200001,31.07720363890443,Low
P426,Zone4,Green-space-dominated,4,7,483874.0840999996,4386648.575200001,30.52795992206722,Low
P427,Zone4,Green-space-dominated,4,7,433874.0840999996,4387648.575200001,31.11295966437259,Low
P428,Zone4,Green-space-dominated,4,7,434874.0840999996,4387648.575200001,31.1116952849819,Low
P429,Zone4,Green-space-dominated,4,7,435874.0840999996,4387648.575200001,31.32224235865439,Low
P430,Zone4,Green-space-dominated,4,7,436874.0840999996,4387648.575200001,31.65532992308091,Middle
P431,Zone4,Green-space-dominated,4,7,437874.0840999996,4387648.575200001,32.0429996481225,Middle
P432,Zone4,Green-space-dominated,4,7,438874.0840999996,4387648.575200001,32.04766576661591,Middle
P434,Zone4,Green-space-dominated,4,7,440874.0840999996,4387648.575200001,32.60540516680791,Middle
P439,Zone4,Green-space-dominated,4,7,445874.0840999996,4387648.575200001,32.41408819101865,Middle
P440,Zone4,Green-space-dominated,4,7,446874.0840999996,4387648.575200001,32.57210358845996,Middle
P441,Zone4,Green-space-dominated,4,7,447874.0840999996,4387648.575200001,32.74696993850721,Middle
P443,Zone4,Green-space-dominated,4,7,449874.0840999996,4387648.575200001,32.09100394996462,Middle
P444,Zone4,Green-space-dominated,4,7,450874.0840999996,4387648.575200001,31.96453741611553,Middle
P445,Zone4,Green-space-dominated,4,7,451874.0840999996,4387648.575200001,31.70056039504436,Middle
P446,Zone4,Green-space-dominated,4,7,452874.0840999996,4387648.575200001,31.86016777943136,Middle
P447,Zone4,Green-space-dominated,4,7,453874.0840999996,4387648.575200001,31.90235409359155,Middle
P448,Zone4,Green-space-dominated,4,7,454874.0840999996,4387648.575200001,31.74751069301771,Middle
P450,Zone4,Green-space-dominated,4,7,456874.0840999996,4387648.575200001,31.56134240109131,Middle
P451,Zone4,Green-space-dominated,4,7,457874.0840999996,4387648.575200001,31.67885923025592,Middle
P452,Zone4,Green-space-dominated,4,7,458874.0840999996,4387648.575200001,31.58489429844383,Middle
P453,Zone4,Green-space-dominated,4,7,459874.0840999996,4387648.575200001,31.36042766622591,Low
P454,Zone4,Green-space-dominated,4,7,460874.0840999996,4387648.575200001,31.15320885258601,Low
P455,Zone4,Green-space-dominated,4,7,461874.0840999996,4387648.575200001,31.00509026988074,Low
P456,Zone4,Green-space-dominated,4,7,462874.0840999996,4387648.575200001,31.1057551471324,Low
P457,Zone4,Green-space-dominated,4,7,463874.0840999996,4387648.575200001,31.43874540764174,Middle
P458,Zone4,Green-space-dominated,4,7,464874.0840999996,4387648.575200001,31.90491949288612,Middle
P459,Zone4,Green-space-dominated,4,7,465874.0840999996,4387648.575200001,32.11738353708698,Middle
P460,Zone4,Green-space-dominated,4,7,466874.0840999996,4387648.575200001,32.08311555248209,Middle
P461,Zone4,Green-space-dominated,4,7,467874.0840999996,4387648.575200001,32.02693946672679,Middle
P462,Zone4,Green-space-dominated,4,7,468874.0840999996,4387648.575200001,32.28374910715394,Middle
P463,Zone4,Green-space-dominated,4,7,469874.0840999996,4387648.575200001,32.69310587495528,Middle
P464,Zone4,Green-space-dominated,4,7,470874.0840999996,4387648.575200001,32.83542500997834,Middle
P465,Zone4,Green-space-dominated,4,7,471874.0840999996,4387648.575200001,32.37533582132134,Middle
P467,Zone4,Green-space-dominated,4,7,473874.0840999996,4387648.575200001,31.6880685821422,Middle
P468,Zone4,Green-space-dominated,4,7,474874.0840999996,4387648.575200001,31.19970504263317,Low
P470,Zone4,Green-space-dominated,4,7,476874.0840999996,4387648.575200001,31.72286580421863,Middle
P471,Zone4,Green-space-dominated,4,7,477874.0840999996,4387648.575200001,31.89763597998086,Middle
P472,Zone4,Green-space-dominated,4,7,478874.0840999996,4387648.575200001,31.91466947068394,Middle
P475,Zone4,Green-space-dominated,4,7,481874.0840999996,4387648.575200001,31.91641962573634,Middle
P479,Zone4,Green-space-dominated,4,7,434874.0840999996,4388648.575200001,31.48992183804895,Middle
P480,Zone4,Green-space-dominated,4,7,435874.0840999996,4388648.575200001,31.52197430466052,Middle
P481,Zone4,Green-space-dominated,4,7,436874.0840999996,4388648.575200001,31.71617128478672,Middle
P484,Zone4,Green-space-dominated,4,7,439874.0840999996,4388648.575200001,32.1448777836469,Middle
P485,Zone4,Green-space-dominated,4,7,440874.0840999996,4388648.575200001,32.23157878613855,Middle
P486,Zone4,Green-space-dominated,4,7,441874.0840999996,4388648.575200001,32.36235318007054,Middle
P487,Zone4,Green-space-dominated,4,7,442874.0840999996,4388648.575200001,32.0677756121118,Middle
P488,Zone4,Green-space-dominated,4,7,443874.0840999996,4388648.575200001,32.1702531872315,Middle
P489,Zone4,Green-space-dominated,4,7,444874.0840999996,4388648.575200001,32.5947494298734,Middle
P491,Zone4,Green-space-dominated,4,7,446874.0840999996,4388648.575200001,32.43162467886786,Middle
P492,Zone4,Green-space-dominated,4,7,447874.0840999996,4388648.575200001,32.55671217938214,Middle
P494,Zone4,Green-space-dominated,4,7,449874.0840999996,4388648.575200001,32.33396182734442,Middle
P495,Zone4,Green-space-dominated,4,7,450874.0840999996,4388648.575200001,32.06854889316268,Middle
P497,Zone4,Green-space-dominated,4,7,452874.0840999996,4388648.575200001,31.73925505653505,Middle
P498,Zone4,Green-space-dominated,4,7,453874.0840999996,4388648.575200001,31.74138776239946,Middle
P499,Zone4,Green-space-dominated,4,7,454874.0840999996,4388648.575200001,31.58519185610759,Middle
P500,Zone4,Green-space-dominated,4,7,455874.0840999996,4388648.575200001,31.56136248422121,Middle
P502,Zone4,Green-space-dominated,4,7,457874.0840999996,4388648.575200001,31.6200303062106,Middle
P503,Zone4,Green-space-dominated,4,7,458874.0840999996,4388648.575200001,31.34606238933314,Low
P504,Zone4,Green-space-dominated,4,7,459874.0840999996,4388648.575200001,31.18028668850364,Low
P505,Zone4,Green-space-dominated,4,7,460874.0840999996,4388648.575200001,31.13966658322692,Low
P506,Zone4,Green-space-dominated,4,7,461874.0840999996,4388648.575200001,31.25461319391231,Low
P507,Zone4,Green-space-dominated,4,7,462874.0840999996,4388648.575200001,31.25420360245219,Low
P508,Zone4,Green-space-dominated,4,7,463874.0840999996,4388648.575200001,31.60299004296009,Middle
P509,Zone4,Green-space-dominated,4,7,464874.0840999996,4388648.575200001,31.90420058959463,Middle
P510,Zone4,Green-space-dominated,4,7,465874.0840999996,4388648.575200001,32.03568940387231,Middle
P517,Zone4,Green-space-dominated,4,7,472874.0840999996,4388648.575200001,32.04641551372439,Middle
P518,Zone4,Green-space-dominated,4,7,473874.0840999996,4388648.575200001,31.44440465951975,Middle
P520,Zone4,Green-space-dominated,4,7,475874.0840999996,4388648.575200001,30.89958772392949,Low
P521,Zone4,Green-space-dominated,4,7,476874.0840999996,4388648.575200001,30.96780630652276,Low
P522,Zone4,Green-space-dominated,4,7,477874.0840999996,4388648.575200001,31.14538068409214,Low
P523,Zone4,Green-space-dominated,4,7,478874.0840999996,4388648.575200001,31.13969255296599,Low
P524,Zone4,Green-space-dominated,4,7,479874.0840999996,4388648.575200001,31.40838125232002,Low
P525,Zone4,Green-space-dominated,4,7,480874.0840999996,4388648.575200001,31.1300277809544,Low
P526,Zone4,Green-space-dominated,4,7,481874.0840999996,4388648.575200001,31.73309719961555,Middle
P528,Zone4,Green-space-dominated,4,7,483874.0840999996,4388648.575200001,31.26830774081498,Low
P529,Zone4,Green-space-dominated,4,7,484874.0840999996,4388648.575200001,30.68964222473646,Low
P530,Zone4,Green-space-dominated,4,7,432874.0840999996,4389648.575200001,31.5754482761467,Middle
P531,Zone4,Green-space-dominated,4,7,433874.0840999996,4389648.575200001,31.51550537797249,Middle
P533,Zone4,Green-space-dominated,4,7,435874.0840999996,4389648.575200001,31.97611584714862,Middle
P536,Zone4,Green-space-dominated,4,7,438874.0840999996,4389648.575200001,33.15529641439295,Middle
P537,Zone4,Green-space-dominated,4,7,439874.0840999996,4389648.575200001,32.37022590553272,Middle
P539,Zone4,Green-space-dominated,4,7,441874.0840999996,4389648.575200001,32.00159136943155,Middle
P540,Zone4,Green-space-dominated,4,7,442874.0840999996,4389648.575200001,31.90106282748206,Middle
P541,Zone4,Green-space-dominated,4,7,443874.0840999996,4389648.575200001,32.0688606136091,Middle
P542,Zone4,Green-space-dominated,4,7,444874.0840999996,4389648.575200001,32.50345398189643,Middle
P544,Zone4,Green-space-dominated,4,7,446874.0840999996,4389648.575200001,32.53807608702602,Middle
P545,Zone4,Green-space-dominated,4,7,447874.0840999996,4389648.575200001,32.50867093590652,Middle
P546,Zone4,Green-space-dominated,4,7,448874.0840999996,4389648.575200001,32.32516606252334,Middle
P547,Zone4,Green-space-dominated,4,7,449874.0840999996,4389648.575200001,32.24426445766824,Middle
P548,Zone4,Green-space-dominated,4,7,450874.0840999996,4389648.575200001,32.00980376785444,Middle
P549,Zone4,Green-space-dominated,4,7,451874.0840999996,4389648.575200001,31.87478371662074,Middle
P550,Zone4,Green-space-dominated,4,7,452874.0840999996,4389648.575200001,31.78334185748046,Middle
P551,Zone4,Green-space-dominated,4,7,453874.0840999996,4389648.575200001,31.72137781015205,Middle
P552,Zone4,Green-space-dominated,4,7,454874.0840999996,4389648.575200001,31.61009509283969,Middle
P553,Zone4,Green-space-dominated,4,7,455874.0840999996,4389648.575200001,31.63778725485881,Middle
P554,Zone4,Green-space-dominated,4,7,456874.0840999996,4389648.575200001,31.72626719142747,Middle
P555,Zone4,Green-space-dominated,4,7,457874.0840999996,4389648.575200001,31.96180480357856,Middle
P556,Zone4,Green-space-dominated,4,7,458874.0840999996,4389648.575200001,31.69583947830259,Middle
P557,Zone4,Green-space-dominated,4,7,459874.0840999996,4389648.575200001,31.46254248617061,Middle
P558,Zone4,Green-space-dominated,4,7,460874.0840999996,4389648.575200001,31.46780730750583,Middle
P559,Zone4,Green-space-dominated,4,7,461874.0840999996,4389648.575200001,31.52963711689472,Middle
P560,Zone4,Green-space-dominated,4,7,462874.0840999996,4389648.575200001,31.67374134569055,Middle
P561,Zone4,Green-space-dominated,4,7,463874.0840999996,4389648.575200001,31.88295165181778,Middle
P563,Zone4,Green-space-dominated,4,7,465874.0840999996,4389648.575200001,32.12156824902794,Middle
P567,Zone4,Green-space-dominated,4,7,469874.0840999996,4389648.575200001,32.32441797557406,Middle
P569,Zone4,Green-space-dominated,4,7,471874.0840999996,4389648.575200001,32.05259963162045,Middle
P570,Zone4,Green-space-dominated,4,7,472874.0840999996,4389648.575200001,31.52057278651222,Middle
P571,Zone4,Green-space-dominated,4,7,473874.0840999996,4389648.575200001,31.16997354385612,Low
P572,Zone4,Green-space-dominated,4,7,474874.0840999996,4389648.575200001,30.96279344592175,Low
P573,Zone4,Green-space-dominated,4,7,475874.0840999996,4389648.575200001,30.87360255612352,Low
P574,Zone4,Green-space-dominated,4,7,476874.0840999996,4389648.575200001,30.75363774041137,Low
P575,Zone4,Green-space-dominated,4,7,477874.0840999996,4389648.575200001,30.81946030711454,Low
P576,Zone4,Green-space-dominated,4,7,478874.0840999996,4389648.575200001,30.954409412674,Low
P578,Zone4,Green-space-dominated,4,7,480874.0840999996,4389648.575200001,31.08546195304438,Low
P579,Zone4,Green-space-dominated,4,7,481874.0840999996,4389648.575200001,31.27737272289609,Low
P580,Zone4,Green-space-dominated,4,7,482874.0840999996,4389648.575200001,30.88366845614849,Low
P581,Zone4,Green-space-dominated,4,7,483874.0840999996,4389648.575200001,30.91802380540064,Low
P582,Zone4,Green-space-dominated,4,7,484874.0840999996,4389648.575200001,30.58209133831503,Low
P583,Zone4,Green-space-dominated,4,7,485874.0840999996,4389648.575200001,30.53538018993693,Low
P584,Zone4,Green-space-dominated,4,7,432874.0840999996,4390648.575200001,31.90947787248974,Middle
P585,Zone4,Green-space-dominated,4,7,433874.0840999996,4390648.575200001,31.76552022458467,Middle
P586,Zone4,Green-space-dominated,4,7,434874.0840999996,4390648.575200001,31.80520193770218,Middle
P587,Zone4,Green-space-dominated,4,7,435874.0840999996,4390648.575200001,32.18624801073263,Middle
P595,Zone4,Green-space-dominated,4,7,443874.0840999996,4390648.575200001,32.83946408664003,Middle
P596,Zone4,Green-space-dominated,4,7,444874.0840999996,4390648.575200001,33.35248600472126,Middle
P597,Zone4,Green-space-dominated,4,7,445874.0840999996,4390648.575200001,32.87840172075692,Middle
P598,Zone4,Green-space-dominated,4,7,446874.0840999996,4390648.575200001,32.74155334074995,Middle
P602,Zone4,Green-space-dominated,4,7,450874.0840999996,4390648.575200001,32.54171576668256,Middle
P603,Zone4,Green-space-dominated,4,7,451874.0840999996,4390648.575200001,32.25959503690103,Middle
P604,Zone4,Green-space-dominated,4,7,452874.0840999996,4390648.575200001,31.95240670946604,Middle
P605,Zone4,Green-space-dominated,4,7,453874.0840999996,4390648.575200001,31.93536265340111,Middle
P606,Zone4,Green-space-dominated,4,7,454874.0840999996,4390648.575200001,31.81926534668478,Middle
P607,Zone4,Green-space-dominated,4,7,455874.0840999996,4390648.575200001,31.57133390508162,Middle
P608,Zone4,Green-space-dominated,4,7,456874.0840999996,4390648.575200001,31.61640603055222,Middle
P609,Zone4,Green-space-dominated,4,7,457874.0840999996,4390648.575200001,32.11069127586861,Middle
P611,Zone4,Green-space-dominated,4,7,459874.0840999996,4390648.575200001,31.97946192947152,Middle
P613,Zone4,Green-space-dominated,4,7,461874.0840999996,4390648.575200001,32.22078824603967,Middle
P615,Zone4,Green-space-dominated,4,7,463874.0840999996,4390648.575200001,32.3377062178154,Middle
P616,Zone4,Green-space-dominated,4,7,464874.0840999996,4390648.575200001,32.22289476669943,Middle
P618,Zone4,Green-space-dominated,4,7,466874.0840999996,4390648.575200001,32.39138114869547,Middle
P621,Zone4,Green-space-dominated,4,7,469874.0840999996,4390648.575200001,31.83943232786308,Middle
P623,Zone4,Green-space-dominated,4,7,471874.0840999996,4390648.575200001,31.78023482937175,Middle
P624,Zone4,Green-space-dominated,4,7,472874.0840999996,4390648.575200001,31.57433459500899,Middle
P625,Zone4,Green-space-dominated,4,7,473874.0840999996,4390648.575200001,31.67268706625365,Middle
P626,Zone4,Green-space-dominated,4,7,474874.0840999996,4390648.575200001,32.12024345536236,Middle
P627,Zone4,Green-space-dominated,4,7,475874.0840999996,4390648.575200001,31.68658183454976,Middle
P628,Zone4,Green-space-dominated,4,7,476874.0840999996,4390648.575200001,31.23537641905859,Low
P629,Zone4,Green-space-dominated,4,7,477874.0840999996,4390648.575200001,30.96262480540609,Low
P631,Zone4,Green-space-dominated,4,7,479874.0840999996,4390648.575200001,31.06475818888422,Low
P634,Zone4,Green-space-dominated,4,7,482874.0840999996,4390648.575200001,30.96407446357182,Low
P635,Zone4,Green-space-dominated,4,7,483874.0840999996,4390648.575200001,30.67352418167787,Low
P636,Zone4,Green-space-dominated,4,7,485874.0840999996,4390648.575200001,30.86471729151922,Low
P638,Zone4,Green-space-dominated,4,7,434874.0840999996,4391648.575200001,31.89698430221048,Middle
P639,Zone4,Green-space-dominated,4,7,435874.0840999996,4391648.575200001,32.10310417608956,Middle
P649,Zone4,Green-space-dominated,4,7,445874.0840999996,4391648.575200001,33.28770251219653,Middle
P652,Zone4,Green-space-dominated,4,7,448874.0840999996,4391648.575200001,33.40086600346881,Middle
P654,Zone4,Green-space-dominated,4,7,450874.0840999996,4391648.575200001,32.59858865694942,Middle
P656,Zone4,Green-space-dominated,4,7,452874.0840999996,4391648.575200001,32.39424399139239,Middle
P657,Zone4,Green-space-dominated,4,7,453874.0840999996,4391648.575200001,32.33764720152476,Middle
P658,Zone4,Green-space-dominated,4,7,454874.0840999996,4391648.575200001,32.33500901832005,Middle
P659,Zone4,Green-space-dominated,4,7,455874.0840999996,4391648.575200001,31.87580810712125,Middle
P660,Zone4,Green-space-dominated,4,7,456874.0840999996,4391648.575200001,31.68422978775,Middle
P661,Zone4,Green-space-dominated,4,7,457874.0840999996,4391648.575200001,32.07326023399706,Middle
P664,Zone4,Green-space-dominated,4,7,460874.0840999996,4391648.575200001,32.22332614600477,Middle
P665,Zone4,Green-space-dominated,4,7,461874.0840999996,4391648.575200001,32.35926115712288,Middle
P666,Zone4,Green-space-dominated,4,7,462874.0840999996,4391648.575200001,32.44474535154811,Middle
P667,Zone4,Green-space-dominated,4,7,463874.0840999996,4391648.575200001,32.66674434219424,Middle
P668,Zone4,Green-space-dominated,4,7,464874.0840999996,4391648.575200001,32.60455334862969,Middle
P670,Zone4,Green-space-dominated,4,7,466874.0840999996,4391648.575200001,32.43293506115302,Middle
P671,Zone4,Green-space-dominated,4,7,467874.0840999996,4391648.575200001,31.94302356612626,Middle
P672,Zone4,Green-space-dominated,4,7,468874.0840999996,4391648.575200001,31.65673020022525,Middle
P673,Zone4,Green-space-dominated,4,7,469874.0840999996,4391648.575200001,31.65877636266231,Middle
P674,Zone4,Green-space-dominated,4,7,470874.0840999996,4391648.575200001,31.73930781602079,Middle
P675,Zone4,Green-space-dominated,4,7,471874.0840999996,4391648.575200001,31.7374595728702,Middle
P676,Zone4,Green-space-dominated,4,7,472874.0840999996,4391648.575200001,32.00439639142309,Middle
P678,Zone4,Green-space-dominated,4,7,474874.0840999996,4391648.575200001,32.66234631136588,Middle
P680,Zone4,Green-space-dominated,4,7,476874.0840999996,4391648.575200001,31.97786223551144,Middle
P681,Zone4,Green-space-dominated,4,7,477874.0840999996,4391648.575200001,31.79138432335844,Middle
P682,Zone4,Green-space-dominated,4,7,478874.0840999996,4391648.575200001,31.40567871010742,Low
P683,Zone4,Green-space-dominated,4,7,479874.0840999996,4391648.575200001,31.47030964616497,Middle
P686,Zone4,Green-space-dominated,4,7,482874.0840999996,4391648.575200001,31.41457179127868,Low
P689,Zone4,Green-space-dominated,4,7,485874.0840999996,4391648.575200001,31.20988062922779,Low
P690,Zone4,Green-space-dominated,4,7,486874.0840999996,4391648.575200001,30.98778946449582,Low
P691,Zone4,Green-space-dominated,4,7,487874.0840999996,4391648.575200001,31.12833027144675,Low
P692,Zone4,Green-space-dominated,4,7,488874.0840999996,4391648.575200001,31.02692723425432,Low
P693,Zone4,Green-space-dominated,4,7,433874.0840999996,4392648.575200001,31.75949359322323,Middle
P694,Zone4,Green-space-dominated,4,7,434874.0840999996,4392648.575200001,31.7799307942202,Middle
P695,Zone4,Green-space-dominated,4,7,435874.0840999996,4392648.575200001,31.84259403987403,Middle
P704,Zone4,Green-space-dominated,4,7,444874.0840999996,4392648.575200001,34.1695289194886,High
P705,Zone4,Green-space-dominated,4,7,445874.0840999996,4392648.575200001,33.30035538701263,Middle
P706,Zone4,Green-space-dominated,4,7,446874.0840999996,4392648.575200001,33.23333690963558,Middle
P710,Zone4,Green-space-dominated,4,7,450874.0840999996,4392648.575200001,32.78069994802257,Middle
P711,Zone4,Green-space-dominated,4,7,451874.0840999996,4392648.575200001,32.66119842894477,Middle
P712,Zone4,Green-space-dominated,4,7,452874.0840999996,4392648.575200001,32.55872061195369,Middle
P713,Zone4,Green-space-dominated,4,7,453874.0840999996,4392648.575200001,32.71208271369812,Middle
P714,Zone4,Green-space-dominated,4,7,454874.0840999996,4392648.575200001,32.55096188777364,Middle
P715,Zone4,Green-space-dominated,4,7,455874.0840999996,4392648.575200001,32.23655644094524,Middle
P718,Zone4,Green-space-dominated,4,7,458874.0840999996,4392648.575200001,32.3151036448681,Middle
P720,Zone4,Green-space-dominated,4,7,460874.0840999996,4392648.575200001,32.2338419072974,Middle
P721,Zone4,Green-space-dominated,4,7,461874.0840999996,4392648.575200001,32.43745017346186,Middle
P722,Zone4,Green-space-dominated,4,7,462874.0840999996,4392648.575200001,32.7266885049312,Middle
P723,Zone4,Green-space-dominated,4,7,463874.0840999996,4392648.575200001,32.8416724509169,Middle
P725,Zone4,Green-space-dominated,4,7,465874.0840999996,4392648.575200001,32.70241938269212,Middle
P726,Zone4,Green-space-dominated,4,7,466874.0840999996,4392648.575200001,32.44058687474019,Middle
P727,Zone4,Green-space-dominated,4,7,467874.0840999996,4392648.575200001,32.00827639328451,Middle
P728,Zone4,Green-space-dominated,4,7,468874.0840999996,4392648.575200001,31.87948538678199,Middle
P729,Zone4,Green-space-dominated,4,7,469874.0840999996,4392648.575200001,31.75834281829481,Middle
P730,Zone4,Green-space-dominated,4,7,470874.0840999996,4392648.575200001,31.71703864138563,Middle
P731,Zone4,Green-space-dominated,4,7,471874.0840999996,4392648.575200001,31.93410336979281,Middle
P732,Zone4,Green-space-dominated,4,7,472874.0840999996,4392648.575200001,32.49759148839416,Middle
P734,Zone4,Green-space-dominated,4,7,474874.0840999996,4392648.575200001,33.31413374280273,Middle
P737,Zone4,Green-space-dominated,4,7,477874.0840999996,4392648.575200001,32.37856597369872,Middle
P738,Zone4,Green-space-dominated,4,7,478874.0840999996,4392648.575200001,31.80680846917867,Middle
P742,Zone4,Green-space-dominated,4,7,482874.0840999996,4392648.575200001,31.46415284144835,Middle
P743,Zone4,Green-space-dominated,4,7,483874.0840999996,4392648.575200001,31.38502391890813,Low
P744,Zone4,Green-space-dominated,4,7,484874.0840999996,4392648.575200001,31.39878420183277,Low
P745,Zone4,Green-space-dominated,4,7,485874.0840999996,4392648.575200001,31.07147830141794,Low
P747,Zone4,Green-space-dominated,4,7,487874.0840999996,4392648.575200001,30.99181966146115,Low
P748,Zone4,Green-space-dominated,4,7,488874.0840999996,4392648.575200001,31.1808030445648,Low
P749,Zone4,Green-space-dominated,4,7,489874.0840999996,4392648.575200001,30.878579102180094,Low
P750,Zone4,Green-space-dominated,4,7,490874.0840999996,4392648.575200001,30.966554710218524,Low
P751,Zone4,Green-space-dominated,4,7,433874.0840999996,4393648.575200001,31.65548703220414,Middle
P754,Zone4,Green-space-dominated,4,7,436874.0840999996,4393648.575200001,31.84385395303858,Middle
P755,Zone4,Green-space-dominated,4,7,437874.0840999996,4393648.575200001,32.17470794723052,Middle
P762,Zone4,Green-space-dominated,4,7,444874.0840999996,4393648.575200001,33.8635899811105,High
P763,Zone4,Green-space-dominated,4,7,445874.0840999996,4393648.575200001,33.28848322839764,Middle
P764,Zone4,Green-space-dominated,4,7,446874.0840999996,4393648.575200001,32.99948290257068,Middle
P767,Zone4,Green-space-dominated,4,7,449874.0840999996,4393648.575200001,33.11470633585812,Middle
P768,Zone4,Green-space-dominated,4,7,450874.0840999996,4393648.575200001,33.04006349747832,Middle
P769,Zone4,Green-space-dominated,4,7,451874.0840999996,4393648.575200001,32.99305798196499,Middle
P770,Zone4,Green-space-dominated,4,7,452874.0840999996,4393648.575200001,32.81897376798971,Middle
P771,Zone4,Green-space-dominated,4,7,453874.0840999996,4393648.575200001,32.82914922768345,Middle
P772,Zone4,Green-space-dominated,4,7,454874.0840999996,4393648.575200001,32.32862333295142,Middle
P775,Zone4,Green-space-dominated,4,7,457874.0840999996,4393648.575200001,32.04818350323135,Middle
P776,Zone4,Green-space-dominated,4,7,458874.0840999996,4393648.575200001,32.13894056941442,Middle
P781,Zone4,Green-space-dominated,4,7,463874.0840999996,4393648.575200001,32.94645895421035,Middle
P782,Zone4,Green-space-dominated,4,7,464874.0840999996,4393648.575200001,32.74136577377639,Middle
P783,Zone4,Green-space-dominated,4,7,465874.0840999996,4393648.575200001,32.74114516234108,Middle
P784,Zone4,Green-space-dominated,4,7,466874.0840999996,4393648.575200001,32.45312952924172,Middle
P785,Zone4,Green-space-dominated,4,7,467874.0840999996,4393648.575200001,32.06931134452455,Middle
P786,Zone4,Green-space-dominated,4,7,468874.0840999996,4393648.575200001,31.86607592453023,Middle
P787,Zone4,Green-space-dominated,4,7,469874.0840999996,4393648.575200001,31.85781822426554,Middle
P788,Zone4,Green-space-dominated,4,7,470874.0840999996,4393648.575200001,31.97003520187985,Middle
P789,Zone4,Green-space-dominated,4,7,471874.0840999996,4393648.575200001,32.47081490768635,Middle
P790,Zone4,Green-space-dominated,4,7,472874.0840999996,4393648.575200001,32.82632375386433,Middle
P791,Zone4,Green-space-dominated,4,7,473874.0840999996,4393648.575200001,33.20777962555307,Middle
P793,Zone4,Green-space-dominated,4,7,475874.0840999996,4393648.575200001,32.99034893637693,Middle
P794,Zone4,Green-space-dominated,4,7,476874.0840999996,4393648.575200001,32.61780836009241,Middle
P795,Zone4,Green-space-dominated,4,7,477874.0840999996,4393648.575200001,32.19128741960653,Middle
P797,Zone4,Green-space-dominated,4,7,479874.0840999996,4393648.575200001,31.16729017200747,Low
P798,Zone4,Green-space-dominated,4,7,480874.0840999996,4393648.575200001,30.98464415738535,Low
P799,Zone4,Green-space-dominated,4,7,481874.0840999996,4393648.575200001,31.68226780520536,Middle
P800,Zone4,Green-space-dominated,4,7,482874.0840999996,4393648.575200001,31.79708809739888,Middle
P801,Zone4,Green-space-dominated,4,7,483874.0840999996,4393648.575200001,31.57939658917754,Middle
P802,Zone4,Green-space-dominated,4,7,484874.0840999996,4393648.575200001,31.1201594277565,Low
P803,Zone4,Green-space-dominated,4,7,485874.0840999996,4393648.575200001,30.74143787613117,Low
P804,Zone4,Green-space-dominated,4,7,486874.0840999996,4393648.575200001,30.97442250447523,Low
P805,Zone4,Green-space-dominated,4,7,487874.0840999996,4393648.575200001,31.33052935399798,Low
P806,Zone4,Green-space-dominated,4,7,488874.0840999996,4393648.575200001,32.37378594282087,Middle
P807,Zone4,Green-space-dominated,4,7,489874.0840999996,4393648.575200001,32.7209169218334,Middle
P808,Zone4,Green-space-dominated,4,7,433874.0840999996,4394648.575200001,31.49563138048417,Middle
P809,Zone4,Green-space-dominated,4,7,434874.0840999996,4394648.575200001,31.50098020750066,Middle
P810,Zone4,Green-space-dominated,4,7,435874.0840999996,4394648.575200001,31.49705189921946,Middle
P811,Zone4,Green-space-dominated,4,7,436874.0840999996,4394648.575200001,31.84308527997924,Middle
P812,Zone4,Green-space-dominated,4,7,437874.0840999996,4394648.575200001,32.23976608513847,Middle
P814,Zone4,Green-space-dominated,4,7,439874.0840999996,4394648.575200001,32.4195526166527,Middle
P818,Zone4,Green-space-dominated,4,7,444874.0840999996,4394648.575200001,33.47754737535606,High
P819,Zone4,Green-space-dominated,4,7,445874.0840999996,4394648.575200001,33.33209340559119,Middle
P820,Zone4,Green-space-dominated,4,7,446874.0840999996,4394648.575200001,32.94092831540547,Middle
P821,Zone4,Green-space-dominated,4,7,447874.0840999996,4394648.575200001,32.73238685926564,Middle
P823,Zone4,Green-space-dominated,4,7,449874.0840999996,4394648.575200001,33.19119439393651,Middle
P826,Zone4,Green-space-dominated,4,7,452874.0840999996,4394648.575200001,33.18671164191773,Middle
P828,Zone4,Green-space-dominated,4,7,454874.0840999996,4394648.575200001,32.62452571066858,Middle
P829,Zone4,Green-space-dominated,4,7,455874.0840999996,4394648.575200001,32.09564075859695,Middle
P830,Zone4,Green-space-dominated,4,7,456874.0840999996,4394648.575200001,32.01326031089938,Middle
P831,Zone4,Green-space-dominated,4,7,457874.0840999996,4394648.575200001,31.81471327242222,Middle
P832,Zone4,Green-space-dominated,4,7,458874.0840999996,4394648.575200001,31.76318415294661,Middle
P833,Zone4,Green-space-dominated,4,7,459874.0840999996,4394648.575200001,31.87884147135648,Middle
P834,Zone4,Green-space-dominated,4,7,460874.0840999996,4394648.575200001,31.9743325677291,Middle
P835,Zone4,Green-space-dominated,4,7,461874.0840999996,4394648.575200001,32.10856853776358,Middle
P836,Zone4,Green-space-dominated,4,7,462874.0840999996,4394648.575200001,32.56873883005273,Middle
P839,Zone4,Green-space-dominated,4,7,465874.0840999996,4394648.575200001,32.56267482012053,Middle
P840,Zone4,Green-space-dominated,4,7,466874.0840999996,4394648.575200001,32.50477668315662,Middle
P841,Zone4,Green-space-dominated,4,7,467874.0840999996,4394648.575200001,31.94100291899336,Middle
P842,Zone4,Green-space-dominated,4,7,468874.0840999996,4394648.575200001,31.86273453926217,Middle
P843,Zone4,Green-space-dominated,4,7,469874.0840999996,4394648.575200001,32.06234118371943,Middle
P844,Zone4,Green-space-dominated,4,7,470874.0840999996,4394648.575200001,31.9710797760899,Middle
P845,Zone4,Green-space-dominated,4,7,471874.0840999996,4394648.575200001,32.27352734011789,Middle
P846,Zone4,Green-space-dominated,4,7,472874.0840999996,4394648.575200001,32.86326239339122,Middle
P847,Zone4,Green-space-dominated,4,7,473874.0840999996,4394648.575200001,33.03973933482062,Middle
P849,Zone4,Green-space-dominated,4,7,475874.0840999996,4394648.575200001,32.53459723029543,Middle
P851,Zone4,Green-space-dominated,4,7,477874.0840999996,4394648.575200001,31.89134987347406,Middle
P852,Zone4,Green-space-dominated,4,7,478874.0840999996,4394648.575200001,31.76083751091992,Middle
P853,Zone4,Green-space-dominated,4,7,479874.0840999996,4394648.575200001,31.70887838200686,Middle
P854,Zone4,Green-space-dominated,4,7,480874.0840999996,4394648.575200001,31.81383618389946,Middle
P855,Zone4,Green-space-dominated,4,7,481874.0840999996,4394648.575200001,32.12880576992728,Middle
P858,Zone4,Green-space-dominated,4,7,484874.0840999996,4394648.575200001,31.20414842405226,Low
P859,Zone4,Green-space-dominated,4,7,485874.0840999996,4394648.575200001,31.47783741594429,Middle
P860,Zone4,Green-space-dominated,4,7,486874.0840999996,4394648.575200001,31.47524363044014,Middle
P861,Zone4,Green-space-dominated,4,7,487874.0840999996,4394648.575200001,31.63276055288731,Middle
P862,Zone4,Green-space-dominated,4,7,488874.0840999996,4394648.575200001,32.67210403392868,Middle
P863,Zone4,Green-space-dominated,4,7,433874.0840999996,4395648.575200001,31.46459475076563,Middle
P864,Zone4,Green-space-dominated,4,7,434874.0840999996,4395648.575200001,31.25942710433563,Low
P865,Zone4,Green-space-dominated,4,7,435874.0840999996,4395648.575200001,31.42953456145926,Middle
P866,Zone4,Green-space-dominated,4,7,436874.0840999996,4395648.575200001,32.01713621426205,Middle
P867,Zone4,Green-space-dominated,4,7,437874.0840999996,4395648.575200001,32.43316376344604,Middle
P868,Zone4,Green-space-dominated,4,7,438874.0840999996,4395648.575200001,32.28633404257378,Middle
P869,Zone4,Green-space-dominated,4,7,439874.0840999996,4395648.575200001,32.10565463023304,Middle
P874,Zone4,Green-space-dominated,4,7,444874.0840999996,4395648.575200001,33.07080005078321,Middle
P875,Zone4,Green-space-dominated,4,7,445874.0840999996,4395648.575200001,33.11661282326745,Middle
P876,Zone4,Green-space-dominated,4,7,446874.0840999996,4395648.575200001,32.94444755273909,Middle
P880,Zone4,Green-space-dominated,4,7,450874.0840999996,4395648.575200001,33.33991604649152,Middle
P881,Zone4,Green-space-dominated,4,7,451874.0840999996,4395648.575200001,33.08264770055492,Middle
P882,Zone4,Green-space-dominated,4,7,452874.0840999996,4395648.575200001,33.64978737879043,High
P885,Zone4,Green-space-dominated,4,7,455874.0840999996,4395648.575200001,32.39542307849275,Middle
P886,Zone4,Green-space-dominated,4,7,456874.0840999996,4395648.575200001,32.52733214780195,Middle
P887,Zone4,Green-space-dominated,4,7,457874.0840999996,4395648.575200001,32.65273030856805,Middle
P888,Zone4,Green-space-dominated,4,7,458874.0840999996,4395648.575200001,31.90249783179128,Middle
P889,Zone4,Green-space-dominated,4,7,459874.0840999996,4395648.575200001,31.97075527393261,Middle
P890,Zone4,Green-space-dominated,4,7,460874.0840999996,4395648.575200001,32.24855575464431,Middle
P891,Zone4,Green-space-dominated,4,7,461874.0840999996,4395648.575200001,32.16537035000592,Middle
P892,Zone4,Green-space-dominated,4,7,462874.0840999996,4395648.575200001,32.43773636445162,Middle
P893,Zone4,Green-space-dominated,4,7,463874.0840999996,4395648.575200001,32.32979129590592,Middle
P894,Zone4,Green-space-dominated,4,7,464874.0840999996,4395648.575200001,32.15178985207129,Middle
P895,Zone4,Green-space-dominated,4,7,465874.0840999996,4395648.575200001,32.29214159583719,Middle
P897,Zone4,Green-space-dominated,4,7,467874.0840999996,4395648.575200001,31.76478934692855,Middle
P898,Zone4,Green-space-dominated,4,7,468874.0840999996,4395648.575200001,31.79410372654683,Middle
P900,Zone4,Green-space-dominated,4,7,470874.0840999996,4395648.575200001,32.02254357941877,Middle
P902,Zone4,Green-space-dominated,4,7,472874.0840999996,4395648.575200001,32.70489943562892,Middle
P904,Zone4,Green-space-dominated,4,7,474874.0840999996,4395648.575200001,32.29646202852423,Middle
P905,Zone4,Green-space-dominated,4,7,475874.0840999996,4395648.575200001,32.01487391776916,Middle
P906,Zone4,Green-space-dominated,4,7,476874.0840999996,4395648.575200001,31.99624561552834,Middle
P907,Zone4,Green-space-dominated,4,7,477874.0840999996,4395648.575200001,32.22806995476103,Middle
P908,Zone4,Green-space-dominated,4,7,478874.0840999996,4395648.575200001,32.29470674123371,Middle
P909,Zone4,Green-space-dominated,4,7,479874.0840999996,4395648.575200001,32.43999307729008,Middle
P912,Zone4,Green-space-dominated,4,7,482874.0840999996,4395648.575200001,31.51494394536812,Middle
P913,Zone4,Green-space-dominated,4,7,483874.0840999996,4395648.575200001,31.39527163371325,Low
P914,Zone4,Green-space-dominated,4,7,484874.0840999996,4395648.575200001,31.38486449061868,Low
P916,Zone4,Green-space-dominated,4,7,486874.0840999996,4395648.575200001,31.7705822589176,Middle
P917,Zone4,Green-space-dominated,4,7,487874.0840999996,4395648.575200001,32.64513711038238,Middle
P919,Zone4,Green-space-dominated,4,7,434874.0840999996,4396648.575200001,31.26298607626758,Low
P920,Zone4,Green-space-dominated,4,7,435874.0840999996,4396648.575200001,31.53231010958979,Middle
P923,Zone4,Green-space-dominated,4,7,438874.0840999996,4396648.575200001,32.22631912932235,Middle
P924,Zone4,Green-space-dominated,4,7,439874.0840999996,4396648.575200001,32.11489838349283,Middle
P929,Zone4,Green-space-dominated,4,7,444874.0840999996,4396648.575200001,33.56189163430333,High
P936,Zone4,Green-space-dominated,4,7,451874.0840999996,4396648.575200001,33.03447439638837,Middle
P939,Zone4,Green-space-dominated,4,7,454874.0840999996,4396648.575200001,32.82776671951842,Middle
P940,Zone4,Green-space-dominated,4,7,455874.0840999996,4396648.575200001,32.77242226903328,Middle
P946,Zone4,Green-space-dominated,4,7,461874.0840999996,4396648.575200001,32.87286322042358,Middle
P949,Zone4,Green-space-dominated,4,7,464874.0840999996,4396648.575200001,32.10354063059697,Middle
P951,Zone4,Green-space-dominated,4,7,466874.0840999996,4396648.575200001,31.85648865179014,Middle
P952,Zone4,Green-space-dominated,4,7,467874.0840999996,4396648.575200001,31.49883416615662,Middle
P953,Zone4,Green-space-dominated,4,7,468874.0840999996,4396648.575200001,31.3834633193692,Low
P956,Zone4,Green-space-dominated,4,7,471874.0840999996,4396648.575200001,31.69927121725089,Middle
P960,Zone4,Green-space-dominated,4,7,475874.0840999996,4396648.575200001,31.71277740978819,Middle
P962,Zone4,Green-space-dominated,4,7,477874.0840999996,4396648.575200001,32.16120431318951,Middle
P963,Zone4,Green-space-dominated,4,7,478874.0840999996,4396648.575200001,32.13652851558135,Middle
P964,Zone4,Green-space-dominated,4,7,479874.0840999996,4396648.575200001,32.09327725544289,Middle
P966,Zone4,Green-space-dominated,4,7,481874.0840999996,4396648.575200001,31.78060138657114,Middle
P967,Zone4,Green-space-dominated,4,7,482874.0840999996,4396648.575200001,31.34699145502037,Low
P968,Zone4,Green-space-dominated,4,7,483874.0840999996,4396648.575200001,31.41264699170549,Low
P969,Zone4,Green-space-dominated,4,7,484874.0840999996,4396648.575200001,31.67426142983525,Middle
P970,Zone4,Green-space-dominated,4,7,485874.0840999996,4396648.575200001,31.91372924408275,Middle
P971,Zone4,Green-space-dominated,4,7,486874.0840999996,4396648.575200001,32.46255765373382,Middle
P972,Zone4,Green-space-dominated,4,7,487874.0840999996,4396648.575200001,32.75219582540139,Middle
P974,Zone4,Green-space-dominated,4,7,435874.0840999996,4397648.575200001,31.27740674415093,Low
P975,Zone4,Green-space-dominated,4,7,436874.0840999996,4397648.575200001,31.79598174936584,Middle
P976,Zone4,Green-space-dominated,4,7,437874.0840999996,4397648.575200001,32.21100087734441,Middle
P987,Zone4,Green-space-dominated,4,7,448874.0840999996,4397648.575200001,33.04090896234899,Middle
P994,Zone4,Green-space-dominated,4,7,455874.0840999996,4397648.575200001,32.96032743101724,Middle
P1003,Zone4,Green-space-dominated,4,7,464874.0840999996,4397648.575200001,32.42942507287881,Middle
P1005,Zone4,Green-space-dominated,4,7,466874.0840999996,4397648.575200001,31.89543421652493,Middle
P1006,Zone4,Green-space-dominated,4,7,467874.0840999996,4397648.575200001,31.65646313402203,Middle
P1007,Zone4,Green-space-dominated,4,7,468874.0840999996,4397648.575200001,31.38146922338114,Low
P1010,Zone4,Green-space-dominated,4,7,471874.0840999996,4397648.575200001,31.78147937298401,Middle
P1012,Zone4,Green-space-dominated,4,7,473874.0840999996,4397648.575200001,31.92711027701118,Middle
P1013,Zone4,Green-space-dominated,4,7,474874.0840999996,4397648.575200001,31.86130772808384,Middle
P1015,Zone4,Green-space-dominated,4,7,476874.0840999996,4397648.575200001,31.54542202420875,Middle
P1016,Zone4,Green-space-dominated,4,7,477874.0840999996,4397648.575200001,31.70486256576586,Middle
P1017,Zone4,Green-space-dominated,4,7,478874.0840999996,4397648.575200001,31.65890193576394,Middle
P1018,Zone4,Green-space-dominated,4,7,479874.0840999996,4397648.575200001,31.73022524846833,Middle
P1021,Zone4,Green-space-dominated,4,7,482874.0840999996,4397648.575200001,31.63538624847985,Middle
P1024,Zone4,Green-space-dominated,4,7,485874.0840999996,4397648.575200001,31.94728320470347,Middle
P1026,Zone4,Green-space-dominated,4,7,487874.0840999996,4397648.575200001,31.96860970224539,Middle
P1028,Zone4,Green-space-dominated,4,7,489874.0840999996,4397648.575200001,31.69834185952512,Middle
P1029,Zone4,Green-space-dominated,4,7,434874.0840999996,4398648.575200001,31.35932082595847,Low
P1030,Zone4,Green-space-dominated,4,7,435874.0840999996,4398648.575200001,30.85974352422312,Low
P1031,Zone4,Green-space-dominated,4,7,436874.0840999996,4398648.575200001,31.26815764708439,Low
P1034,Zone4,Green-space-dominated,4,7,439874.0840999996,4398648.575200001,32.57653166073192,Middle
P1041,Zone4,Green-space-dominated,4,7,446874.0840999996,4398648.575200001,32.96705662304732,Middle
P1042,Zone4,Green-space-dominated,4,7,447874.0840999996,4398648.575200001,32.73148902969021,Middle
P1046,Zone4,Green-space-dominated,4,7,451874.0840999996,4398648.575200001,33.03021721841266,Middle
P1047,Zone4,Green-space-dominated,4,7,452874.0840999996,4398648.575200001,33.00808847938452,Middle
P1048,Zone4,Green-space-dominated,4,7,453874.0840999996,4398648.575200001,32.93395709591816,Middle
P1049,Zone4,Green-space-dominated,4,7,454874.0840999996,4398648.575200001,32.86218105592376,Middle
P1053,Zone4,Green-space-dominated,4,7,458874.0840999996,4398648.575200001,34.2647944623653,High
P1059,Zone4,Green-space-dominated,4,7,464874.0840999996,4398648.575200001,32.52746596127076,Middle
P1062,Zone4,Green-space-dominated,4,7,467874.0840999996,4398648.575200001,31.64971902342226,Middle
P1063,Zone4,Green-space-dominated,4,7,468874.0840999996,4398648.575200001,31.38058632735919,Low
P1066,Zone4,Green-space-dominated,4,7,471874.0840999996,4398648.575200001,32.05757736372349,Middle
P1067,Zone4,Green-space-dominated,4,7,472874.0840999996,4398648.575200001,31.72660017410087,Middle
P1068,Zone4,Green-space-dominated,4,7,473874.0840999996,4398648.575200001,31.28684731914918,Low
P1069,Zone4,Green-space-dominated,4,7,474874.0840999996,4398648.575200001,31.10228029737745,Low
P1070,Zone4,Green-space-dominated,4,7,475874.0840999996,4398648.575200001,31.13132595234469,Low
P1071,Zone4,Green-space-dominated,4,7,476874.0840999996,4398648.575200001,31.20740322029589,Low
P1073,Zone4,Green-space-dominated,4,7,478874.0840999996,4398648.575200001,31.29062568014293,Low
P1075,Zone4,Green-space-dominated,4,7,480874.0840999996,4398648.575200001,31.52517198616772,Middle
P1076,Zone4,Green-space-dominated,4,7,481874.0840999996,4398648.575200001,31.77325500077019,Middle
P1078,Zone4,Green-space-dominated,4,7,483874.0840999996,4398648.575200001,31.95963955870457,Middle
P1079,Zone4,Green-space-dominated,4,7,484874.0840999996,4398648.575200001,31.68281105028032,Middle
P1080,Zone4,Green-space-dominated,4,7,485874.0840999996,4398648.575200001,31.45209744136552,Middle
P1081,Zone4,Green-space-dominated,4,7,486874.0840999996,4398648.575200001,31.37677166243616,Low
P1082,Zone4,Green-space-dominated,4,7,487874.0840999996,4398648.575200001,31.34359317545121,Low
P1083,Zone4,Green-space-dominated,4,7,488874.0840999996,4398648.575200001,31.42187545942855,Middle
P1086,Zone4,Green-space-dominated,4,7,435874.0840999996,4399648.575200001,31.00625142072773,Low
P1087,Zone4,Green-space-dominated,4,7,436874.0840999996,4399648.575200001,31.7121310765024,Middle
P1098,Zone4,Green-space-dominated,4,7,447874.0840999996,4399648.575200001,32.67240463789592,Middle
P1099,Zone4,Green-space-dominated,4,7,448874.0840999996,4399648.575200001,32.48854607766739,Middle
P1100,Zone4,Green-space-dominated,4,7,449874.0840999996,4399648.575200001,32.7192161446438,Middle
P1101,Zone4,Green-space-dominated,4,7,450874.0840999996,4399648.575200001,33.19878885842066,Middle
P1104,Zone4,Green-space-dominated,4,7,453874.0840999996,4399648.575200001,33.18305085716648,Middle
P1114,Zone4,Green-space-dominated,4,7,463874.0840999996,4399648.575200001,33.12035407106899,Middle
P1115,Zone4,Green-space-dominated,4,7,464874.0840999996,4399648.575200001,32.56646145396304,Middle
P1117,Zone4,Green-space-dominated,4,7,466874.0840999996,4399648.575200001,31.81996964373341,Middle
P1118,Zone4,Green-space-dominated,4,7,467874.0840999996,4399648.575200001,31.39242329886694,Low
P1119,Zone4,Green-space-dominated,4,7,468874.0840999996,4399648.575200001,31.26835040173041,Low
P1122,Zone4,Green-space-dominated,4,7,471874.0840999996,4399648.575200001,31.75309998867863,Middle
P1123,Zone4,Green-space-dominated,4,7,472874.0840999996,4399648.575200001,31.16827588389695,Low
P1124,Zone4,Green-space-dominated,4,7,473874.0840999996,4399648.575200001,31.01243717306606,Low
P1125,Zone4,Green-space-dominated,4,7,474874.0840999996,4399648.575200001,31.09126840794038,Low
P1126,Zone4,Green-space-dominated,4,7,475874.0840999996,4399648.575200001,31.06578881349678,Low
P1127,Zone4,Green-space-dominated,4,7,476874.0840999996,4399648.575200001,30.98538823072593,Low
P1128,Zone4,Green-space-dominated,4,7,477874.0840999996,4399648.575200001,31.11239490967425,Low
P1130,Zone4,Green-space-dominated,4,7,479874.0840999996,4399648.575200001,31.73604143991015,Middle
P1131,Zone4,Green-space-dominated,4,7,480874.0840999996,4399648.575200001,31.63034547967299,Middle
P1132,Zone4,Green-space-dominated,4,7,481874.0840999996,4399648.575200001,31.77571911203621,Middle
P1134,Zone4,Green-space-dominated,4,7,483874.0840999996,4399648.575200001,31.72288857162131,Middle
P1135,Zone4,Green-space-dominated,4,7,484874.0840999996,4399648.575200001,31.602610286873,Middle
P1136,Zone4,Green-space-dominated,4,7,485874.0840999996,4399648.575200001,31.07129142871024,Low
P1137,Zone4,Green-space-dominated,4,7,486874.0840999996,4399648.575200001,30.79354090268307,Low
P1138,Zone4,Green-space-dominated,4,7,487874.0840999996,4399648.575200001,30.79306389746545,Low
P1139,Zone4,Green-space-dominated,4,7,488874.0840999996,4399648.575200001,30.86811905570647,Low
P1140,Zone4,Green-space-dominated,4,7,489874.0840999996,4399648.575200001,30.81453330390937,Low
P1141,Zone4,Green-space-dominated,4,7,490874.0840999996,4399648.575200001,30.50436152353135,Low
P1142,Zone4,Green-space-dominated,4,7,435874.0840999996,4400648.575200001,31.4856329100741,Middle
P1152,Zone4,Green-space-dominated,4,7,445874.0840999996,4400648.575200001,34.00080452449448,High
P1155,Zone4,Green-space-dominated,4,7,448874.0840999996,4400648.575200001,32.38235037970744,Middle
P1156,Zone4,Green-space-dominated,4,7,449874.0840999996,4400648.575200001,32.67076375570026,Middle
P1160,Zone4,Green-space-dominated,4,7,453874.0840999996,4400648.575200001,32.84039994235887,Middle
P1172,Zone4,Green-space-dominated,4,7,465874.0840999996,4400648.575200001,32.17854659147115,Middle
P1174,Zone4,Green-space-dominated,4,7,467874.0840999996,4400648.575200001,31.1043045370346,Low
P1175,Zone4,Green-space-dominated,4,7,468874.0840999996,4400648.575200001,31.18156355539378,Low
P1178,Zone4,Green-space-dominated,4,7,471874.0840999996,4400648.575200001,31.4036291516392,Low
P1180,Zone4,Green-space-dominated,4,7,473874.0840999996,4400648.575200001,31.49793451835244,Middle
P1181,Zone4,Green-space-dominated,4,7,474874.0840999996,4400648.575200001,31.41122719926082,Low
P1182,Zone4,Green-space-dominated,4,7,475874.0840999996,4400648.575200001,31.34985816087579,Low
P1183,Zone4,Green-space-dominated,4,7,476874.0840999996,4400648.575200001,31.3039536727736,Low
P1184,Zone4,Green-space-dominated,4,7,477874.0840999996,4400648.575200001,31.12978289668525,Low
P1185,Zone4,Green-space-dominated,4,7,478874.0840999996,4400648.575200001,31.45919877702583,Middle
P1186,Zone4,Green-space-dominated,4,7,479874.0840999996,4400648.575200001,31.49186667527032,Middle
P1187,Zone4,Green-space-dominated,4,7,480874.0840999996,4400648.575200001,31.24031104640389,Low
P1188,Zone4,Green-space-dominated,4,7,481874.0840999996,4400648.575200001,31.13416279019423,Low
P1189,Zone4,Green-space-dominated,4,7,482874.0840999996,4400648.575200001,31.25812830865661,Low
P1190,Zone4,Green-space-dominated,4,7,483874.0840999996,4400648.575200001,31.17519722279685,Low
P1191,Zone4,Green-space-dominated,4,7,484874.0840999996,4400648.575200001,30.99059628680153,Low
P1192,Zone4,Green-space-dominated,4,7,485874.0840999996,4400648.575200001,30.69872038453368,Low
P1193,Zone4,Green-space-dominated,4,7,486874.0840999996,4400648.575200001,30.15521120656006,Low
P1194,Zone4,Green-space-dominated,4,7,488874.0840999996,4400648.575200001,29.56456644836991,Low
P1195,Zone4,Green-space-dominated,4,7,489874.0840999996,4400648.575200001,29.48095326096928,Low
P1197,Zone4,Green-space-dominated,4,7,436874.0840999996,4401648.575200001,31.99374938110098,Middle
P1198,Zone4,Green-space-dominated,4,7,437874.0840999996,4401648.575200001,32.39687643551089,Middle
P1208,Zone4,Green-space-dominated,4,7,447874.0840999996,4401648.575200001,32.8332624621587,Middle
P1214,Zone4,Green-space-dominated,4,7,453874.0840999996,4401648.575200001,32.72694086252668,Middle
P1226,Zone4,Green-space-dominated,4,7,465874.0840999996,4401648.575200001,31.94036337026753,Middle
P1227,Zone4,Green-space-dominated,4,7,466874.0840999996,4401648.575200001,31.14651347971546,Low
P1228,Zone4,Green-space-dominated,4,7,467874.0840999996,4401648.575200001,30.8877105233692,Low
P1229,Zone4,Green-space-dominated,4,7,468874.0840999996,4401648.575200001,30.79533156307593,Low
P1231,Zone4,Green-space-dominated,4,7,470874.0840999996,4401648.575200001,31.51318498731239,Middle
P1232,Zone4,Green-space-dominated,4,7,471874.0840999996,4401648.575200001,31.46609755985347,Middle
P1236,Zone4,Green-space-dominated,4,7,475874.0840999996,4401648.575200001,31.92855960745634,Middle
P1237,Zone4,Green-space-dominated,4,7,476874.0840999996,4401648.575200001,31.83270059325576,Middle
P1238,Zone4,Green-space-dominated,4,7,477874.0840999996,4401648.575200001,31.53818799649734,Middle
P1239,Zone4,Green-space-dominated,4,7,478874.0840999996,4401648.575200001,31.35612353081288,Low
P1243,Zone4,Green-space-dominated,4,7,482874.0840999996,4401648.575200001,31.30815886809265,Low
P1244,Zone4,Green-space-dominated,4,7,486874.0840999996,4401648.575200001,29.74678530370101,Low
P1245,Zone4,Green-space-dominated,4,7,424874.0840999996,4402648.575200001,31.85315189209347,Middle
P1247,Zone4,Green-space-dominated,4,7,426874.0840999996,4402648.575200001,31.93636860605427,Middle
P1249,Zone4,Green-space-dominated,4,7,436874.0840999996,4402648.575200001,31.79673923027758,Middle
P1250,Zone4,Green-space-dominated,4,7,437874.0840999996,4402648.575200001,32.00411682160478,Middle
P1258,Zone4,Green-space-dominated,4,7,445874.0840999996,4402648.575200001,33.87723355695339,High
P1261,Zone4,Green-space-dominated,4,7,448874.0840999996,4402648.575200001,32.85679714226453,Middle
P1265,Zone4,Green-space-dominated,4,7,452874.0840999996,4402648.575200001,32.60989497351419,Middle
P1274,Zone4,Green-space-dominated,4,7,465874.0840999996,4402648.575200001,31.35453561088401,Low
P1275,Zone4,Green-space-dominated,4,7,466874.0840999996,4402648.575200001,30.68150658135834,Low
P1276,Zone4,Green-space-dominated,4,7,467874.0840999996,4402648.575200001,30.33396021708446,Low
P1278,Zone4,Green-space-dominated,4,7,469874.0840999996,4402648.575200001,30.7828697499791,Low
P1279,Zone4,Green-space-dominated,4,7,470874.0840999996,4402648.575200001,31.44648133955321,Middle
P1280,Zone4,Green-space-dominated,4,7,471874.0840999996,4402648.575200001,31.53789045731606,Middle
P1281,Zone4,Green-space-dominated,4,7,472874.0840999996,4402648.575200001,31.74060934024683,Middle
P1282,Zone4,Green-space-dominated,4,7,473874.0840999996,4402648.575200001,31.84413124193513,Middle
P1285,Zone4,Green-space-dominated,4,7,476874.0840999996,4402648.575200001,32.23399176251909,Middle
P1286,Zone4,Green-space-dominated,4,7,477874.0840999996,4402648.575200001,31.75469033358953,Middle
P1287,Zone4,Green-space-dominated,4,7,478874.0840999996,4402648.575200001,31.41362195304411,Low
P1293,Zone4,Green-space-dominated,4,7,485874.0840999996,4402648.575200001,30.34532882666562,Low
P1294,Zone4,Green-space-dominated,4,7,487874.0840999996,4402648.575200001,30.23149056261798,Low
P1297,Zone4,Green-space-dominated,4,7,490874.0840999996,4402648.575200001,30.3010920911473,Low
P1300,Zone4,Green-space-dominated,4,7,426874.0840999996,4403648.575200001,31.79471790263893,Middle
P1303,Zone4,Green-space-dominated,4,7,430874.0840999996,4403648.575200001,31.50136669066173,Middle
P1307,Zone4,Green-space-dominated,4,7,439874.0840999996,4403648.575200001,33.38922586161062,Middle
P1314,Zone4,Green-space-dominated,4,7,446874.0840999996,4403648.575200001,33.40842921259595,Middle
P1332,Zone4,Green-space-dominated,4,7,465874.0840999996,4403648.575200001,31.17818719014163,Low
P1333,Zone4,Green-space-dominated,4,7,466874.0840999996,4403648.575200001,30.86972653019611,Low
P1334,Zone4,Green-space-dominated,4,7,467874.0840999996,4403648.575200001,30.417466252554,Low
P1335,Zone4,Green-space-dominated,4,7,468874.0840999996,4403648.575200001,30.26181895072575,Low
P1336,Zone4,Green-space-dominated,4,7,469874.0840999996,4403648.575200001,30.85493171335257,Low
P1337,Zone4,Green-space-dominated,4,7,470874.0840999996,4403648.575200001,31.47155777603005,Middle
P1338,Zone4,Green-space-dominated,4,7,471874.0840999996,4403648.575200001,31.54199738380682,Middle
P1339,Zone4,Green-space-dominated,4,7,472874.0840999996,4403648.575200001,31.82645446713121,Middle
P1340,Zone4,Green-space-dominated,4,7,473874.0840999996,4403648.575200001,31.93315198814022,Middle
P1341,Zone4,Green-space-dominated,4,7,474874.0840999996,4403648.575200001,32.04700165807432,Middle
P1342,Zone4,Green-space-dominated,4,7,475874.0840999996,4403648.575200001,32.1638481408945,Middle
P1343,Zone4,Green-space-dominated,4,7,476874.0840999996,4403648.575200001,32.181447191508,Middle
P1344,Zone4,Green-space-dominated,4,7,477874.0840999996,4403648.575200001,31.72075363575351,Middle
P1345,Zone4,Green-space-dominated,4,7,478874.0840999996,4403648.575200001,31.32516561155566,Low
P1346,Zone4,Green-space-dominated,4,7,479874.0840999996,4403648.575200001,31.23437439590598,Low
P1347,Zone4,Green-space-dominated,4,7,480874.0840999996,4403648.575200001,31.44139635038283,Middle
P1350,Zone4,Green-space-dominated,4,7,484874.0840999996,4403648.575200001,30.74672347977366,Low
P1352,Zone4,Green-space-dominated,4,7,486874.0840999996,4403648.575200001,31.1460841303303,Low
P1353,Zone4,Green-space-dominated,4,7,487874.0840999996,4403648.575200001,31.15867939221249,Low
P1354,Zone4,Green-space-dominated,4,7,488874.0840999996,4403648.575200001,31.04479454643024,Low
P1356,Zone4,Green-space-dominated,4,7,490874.0840999996,4403648.575200001,30.96086834486497,Low
P1357,Zone4,Green-space-dominated,4,7,491874.0840999996,4403648.575200001,30.63656096161033,Low
P1362,Zone4,Green-space-dominated,4,7,425874.0840999996,4404648.575200001,31.77262459911068,Middle
P1365,Zone4,Green-space-dominated,4,7,428874.0840999996,4404648.575200001,31.74101214230272,Middle
P1400,Zone4,Green-space-dominated,4,7,468874.0840999996,4404648.575200001,30.74209039183931,Low
P1401,Zone4,Green-space-dominated,4,7,469874.0840999996,4404648.575200001,31.09377868349035,Low
P1406,Zone4,Green-space-dominated,4,7,474874.0840999996,4404648.575200001,32.15748264025473,Middle
P1408,Zone4,Green-space-dominated,4,7,476874.0840999996,4404648.575200001,32.03296539208221,Middle
P1409,Zone4,Green-space-dominated,4,7,477874.0840999996,4404648.575200001,31.47875627122821,Middle
P1410,Zone4,Green-space-dominated,4,7,478874.0840999996,4404648.575200001,31.22136205488887,Low
P1411,Zone4,Green-space-dominated,4,7,479874.0840999996,4404648.575200001,31.18352089711357,Low
P1412,Zone4,Green-space-dominated,4,7,480874.0840999996,4404648.575200001,30.94011825598965,Low
P1413,Zone4,Green-space-dominated,4,7,482874.0840999996,4404648.575200001,30.26497511413288,Low
P1414,Zone4,Green-space-dominated,4,7,483874.0840999996,4404648.575200001,30.23650698516531,Low
P1417,Zone4,Green-space-dominated,4,7,486874.0840999996,4404648.575200001,31.85188693125513,Middle
P1418,Zone4,Green-space-dominated,4,7,487874.0840999996,4404648.575200001,31.79481367690299,Middle
P1419,Zone4,Green-space-dominated,4,7,488874.0840999996,4404648.575200001,31.44611198232653,Middle
P1420,Zone4,Green-space-dominated,4,7,489874.0840999996,4404648.575200001,31.24352822723688,Low
P1421,Zone4,Green-space-dominated,4,7,490874.0840999996,4404648.575200001,31.00831071929949,Low
P1422,Zone4,Green-space-dominated,4,7,491874.0840999996,4404648.575200001,30.72335177407948,Low
P1423,Zone4,Green-space-dominated,4,7,492874.0840999996,4404648.575200001,30.55349647426452,Low
P1425,Zone4,Green-space-dominated,4,7,421874.0840999996,4405648.575200001,30.40390617716971,Low
P1426,Zone4,Green-space-dominated,4,7,422874.0840999996,4405648.575200001,31.39069658957451,Low
P1465,Zone4,Green-space-dominated,4,7,466874.0840999996,4405648.575200001,31.57596005931667,Middle
P1466,Zone4,Green-space-dominated,4,7,467874.0840999996,4405648.575200001,30.85533092451739,Low
P1467,Zone4,Green-space-dominated,4,7,468874.0840999996,4405648.575200001,30.83779742782974,Low
P1469,Zone4,Green-space-dominated,4,7,470874.0840999996,4405648.575200001,31.32450677538499,Low
P1470,Zone4,Green-space-dominated,4,7,471874.0840999996,4405648.575200001,31.68325745492506,Middle
P1471,Zone4,Green-space-dominated,4,7,472874.0840999996,4405648.575200001,32.01892077551181,Middle
P1474,Zone4,Green-space-dominated,4,7,475874.0840999996,4405648.575200001,32.14007092818314,Middle
P1475,Zone4,Green-space-dominated,4,7,476874.0840999996,4405648.575200001,31.6801005406288,Middle
P1476,Zone4,Green-space-dominated,4,7,477874.0840999996,4405648.575200001,31.38531132655235,Low
P1477,Zone4,Green-space-dominated,4,7,478874.0840999996,4405648.575200001,31.05976909559431,Low
P1479,Zone4,Green-space-dominated,4,7,480874.0840999996,4405648.575200001,30.5473258296184,Low
P1481,Zone4,Green-space-dominated,4,7,482874.0840999996,4405648.575200001,30.2309435433095,Low
P1483,Zone4,Green-space-dominated,4,7,484874.0840999996,4405648.575200001,31.59633583600763,Middle
P1486,Zone4,Green-space-dominated,4,7,487874.0840999996,4405648.575200001,32.35322510449342,Middle
P1488,Zone4,Green-space-dominated,4,7,489874.0840999996,4405648.575200001,31.71805595088203,Middle
P1489,Zone4,Green-space-dominated,4,7,490874.0840999996,4405648.575200001,31.06025730703588,Low
P1490,Zone4,Green-space-dominated,4,7,491874.0840999996,4405648.575200001,30.93116222052464,Low
P1491,Zone4,Green-space-dominated,4,7,492874.0840999996,4405648.575200001,30.68554934964362,Low
P1531,Zone4,Green-space-dominated,4,7,465874.0840999996,4406648.575200001,31.30926903685959,Low
P1532,Zone4,Green-space-dominated,4,7,466874.0840999996,4406648.575200001,31.04377095586724,Low
P1533,Zone4,Green-space-dominated,4,7,467874.0840999996,4406648.575200001,30.94679597431701,Low
P1534,Zone4,Green-space-dominated,4,7,468874.0840999996,4406648.575200001,30.83531318909155,Low
P1535,Zone4,Green-space-dominated,4,7,469874.0840999996,4406648.575200001,30.88002150970544,Low
P1537,Zone4,Green-space-dominated,4,7,471874.0840999996,4406648.575200001,31.49280605281441,Middle
P1538,Zone4,Green-space-dominated,4,7,472874.0840999996,4406648.575200001,32.15209472690501,Middle
P1541,Zone4,Green-space-dominated,4,7,475874.0840999996,4406648.575200001,31.77963305215968,Middle
P1543,Zone4,Green-space-dominated,4,7,477874.0840999996,4406648.575200001,30.57576027728149,Low
P1544,Zone4,Green-space-dominated,4,7,478874.0840999996,4406648.575200001,30.30014564545109,Low
P1545,Zone4,Green-space-dominated,4,7,479874.0840999996,4406648.575200001,30.1153122333546,Low
P1547,Zone4,Green-space-dominated,4,7,482874.0840999996,4406648.575200001,30.58927008024242,Low
P1551,Zone4,Green-space-dominated,4,7,486874.0840999996,4406648.575200001,32.03450068301242,Middle
P1555,Zone4,Green-space-dominated,4,7,490874.0840999996,4406648.575200001,30.725613038514,Low
P1556,Zone4,Green-space-dominated,4,7,491874.0840999996,4406648.575200001,30.72812911246165,Low
P1557,Zone4,Green-space-dominated,4,7,492874.0840999996,4406648.575200001,30.56086789081172,Low
P1559,Zone4,Green-space-dominated,4,7,422874.0840999996,4407648.575200001,31.47761648326658,Middle
P1560,Zone4,Green-space-dominated,4,7,423874.0840999996,4407648.575200001,31.69502937054135,Middle
P1561,Zone4,Green-space-dominated,4,7,424874.0840999996,4407648.575200001,32.21613355417059,Middle
P1598,Zone4,Green-space-dominated,4,7,464874.0840999996,4407648.575200001,31.91615980620431,Middle
P1599,Zone4,Green-space-dominated,4,7,465874.0840999996,4407648.575200001,31.43378984747398,Middle
P1600,Zone4,Green-space-dominated,4,7,466874.0840999996,4407648.575200001,31.57535678357955,Middle
P1601,Zone4,Green-space-dominated,4,7,467874.0840999996,4407648.575200001,31.39548085262258,Low
P1602,Zone4,Green-space-dominated,4,7,468874.0840999996,4407648.575200001,31.0168892833671,Low
P1603,Zone4,Green-space-dominated,4,7,469874.0840999996,4407648.575200001,31.04580963823467,Low
P1604,Zone4,Green-space-dominated,4,7,470874.0840999996,4407648.575200001,31.1307197122562,Low
P1605,Zone4,Green-space-dominated,4,7,471874.0840999996,4407648.575200001,31.61708748550483,Middle
P1606,Zone4,Green-space-dominated,4,7,472874.0840999996,4407648.575200001,32.31853622154171,Middle
P1609,Zone4,Green-space-dominated,4,7,475874.0840999996,4407648.575200001,30.95528605521057,Low
P1610,Zone4,Green-space-dominated,4,7,476874.0840999996,4407648.575200001,30.44191107169158,Low
P1611,Zone4,Green-space-dominated,4,7,477874.0840999996,4407648.575200001,30.28727923067266,Low
P1613,Zone4,Green-space-dominated,4,7,479874.0840999996,4407648.575200001,29.94826216831319,Low
P1615,Zone4,Green-space-dominated,4,7,482874.0840999996,4407648.575200001,30.40933145508058,Low
P1616,Zone4,Green-space-dominated,4,7,483874.0840999996,4407648.575200001,30.75021804740348,Low
P1617,Zone4,Green-space-dominated,4,7,484874.0840999996,4407648.575200001,30.78178298437119,Low
P1618,Zone4,Green-space-dominated,4,7,485874.0840999996,4407648.575200001,30.74107002484295,Low
P1620,Zone4,Green-space-dominated,4,7,487874.0840999996,4407648.575200001,31.08739280792168,Low
P1623,Zone4,Green-space-dominated,4,7,490874.0840999996,4407648.575200001,29.81538193552362,Low
P1624,Zone4,Green-space-dominated,4,7,491874.0840999996,4407648.575200001,30.28307772196675,Low
P1625,Zone4,Green-space-dominated,4,7,492874.0840999996,4407648.575200001,30.49173425426287,Low
P1626,Zone4,Green-space-dominated,4,7,421874.0840999996,4408648.575200001,31.02434349283323,Low
P1628,Zone4,Green-space-dominated,4,7,423874.0840999996,4408648.575200001,31.14064967898189,Low
P1658,Zone4,Green-space-dominated,4,7,455874.0840999996,4408648.575200001,33.33535818420221,Middle
P1665,Zone4,Green-space-dominated,4,7,462874.0840999996,4408648.575200001,32.38488145644918,Middle
P1666,Zone4,Green-space-dominated,4,7,463874.0840999996,4408648.575200001,32.87859136516103,Middle
P1673,Zone4,Green-space-dominated,4,7,470874.0840999996,4408648.575200001,31.82197935940565,Middle
P1674,Zone4,Green-space-dominated,4,7,471874.0840999996,4408648.575200001,31.76420167172402,Middle
P1677,Zone4,Green-space-dominated,4,7,474874.0840999996,4408648.575200001,31.34252384819192,Low
P1678,Zone4,Green-space-dominated,4,7,475874.0840999996,4408648.575200001,30.81528545522072,Low
P1679,Zone4,Green-space-dominated,4,7,476874.0840999996,4408648.575200001,30.51497775168949,Low
P1680,Zone4,Green-space-dominated,4,7,477874.0840999996,4408648.575200001,30.48358149983315,Low
P1683,Zone4,Green-space-dominated,4,7,480874.0840999996,4408648.575200001,29.71672910881378,Low
P1684,Zone4,Green-space-dominated,4,7,482874.0840999996,4408648.575200001,30.20524662030295,Low
P1685,Zone4,Green-space-dominated,4,7,483874.0840999996,4408648.575200001,30.47312693847084,Low
P1686,Zone4,Green-space-dominated,4,7,484874.0840999996,4408648.575200001,30.60033710772348,Low
P1687,Zone4,Green-space-dominated,4,7,485874.0840999996,4408648.575200001,30.3953777419059,Low
P1688,Zone4,Green-space-dominated,4,7,486874.0840999996,4408648.575200001,30.22446937753499,Low
P1689,Zone4,Green-space-dominated,4,7,487874.0840999996,4408648.575200001,30.36005258137659,Low
P1690,Zone4,Green-space-dominated,4,7,488874.0840999996,4408648.575200001,30.07572916779781,Low
P1691,Zone4,Green-space-dominated,4,7,489874.0840999996,4408648.575200001,29.28712780592444,Low
P1692,Zone4,Green-space-dominated,4,7,491874.0840999996,4408648.575200001,29.560061085609146,Low
P1693,Zone4,Green-space-dominated,4,7,492874.0840999996,4408648.575200001,30.21458408600478,Low
P1694,Zone4,Green-space-dominated,4,7,420874.0840999996,4409648.575200001,30.58792240788424,Low
P1695,Zone4,Green-space-dominated,4,7,421874.0840999996,4409648.575200001,30.64773791553462,Low
P1696,Zone4,Green-space-dominated,4,7,422874.0840999996,4409648.575200001,30.85539389201645,Low
P1733,Zone4,Green-space-dominated,4,7,460874.0840999996,4409648.575200001,33.24144390800128,Middle
P1734,Zone4,Green-space-dominated,4,7,461874.0840999996,4409648.575200001,32.54369319787278,Middle
P1735,Zone4,Green-space-dominated,4,7,462874.0840999996,4409648.575200001,32.57952601821152,Middle
P1743,Zone4,Green-space-dominated,4,7,470874.0840999996,4409648.575200001,32.2379835636434,Middle
P1747,Zone4,Green-space-dominated,4,7,474874.0840999996,4409648.575200001,31.26702614388947,Low
P1753,Zone4,Green-space-dominated,4,7,481874.0840999996,4409648.575200001,30.1847224703297,Low
P1754,Zone4,Green-space-dominated,4,7,482874.0840999996,4409648.575200001,30.13660059589035,Low
P1755,Zone4,Green-space-dominated,4,7,483874.0840999996,4409648.575200001,30.06991790352108,Low
P1756,Zone4,Green-space-dominated,4,7,484874.0840999996,4409648.575200001,30.14406885984329,Low
P1757,Zone4,Green-space-dominated,4,7,485874.0840999996,4409648.575200001,29.78523947568298,Low
P1758,Zone4,Green-space-dominated,4,7,486874.0840999996,4409648.575200001,29.5307222285018,Low
P1759,Zone4,Green-space-dominated,4,7,487874.0840999996,4409648.575200001,29.33776407149983,Low
P1760,Zone4,Green-space-dominated,4,7,488874.0840999996,4409648.575200001,29.267831203479357,Low
P1761,Zone4,Green-space-dominated,4,7,491874.0840999996,4409648.575200001,29.31870219734564,Low
P1762,Zone4,Green-space-dominated,4,7,419874.0840999996,4410648.575200001,29.53257891799421,Low
P1763,Zone4,Green-space-dominated,4,7,420874.0840999996,4410648.575200001,29.98080289627357,Low
P1764,Zone4,Green-space-dominated,4,7,421874.0840999996,4410648.575200001,30.62254330491572,Low
P1765,Zone4,Green-space-dominated,4,7,422874.0840999996,4410648.575200001,31.16277715460937,Low
P1767,Zone4,Green-space-dominated,4,7,424874.0840999996,4410648.575200001,31.09696393482657,Low
P1768,Zone4,Green-space-dominated,4,7,425874.0840999996,4410648.575200001,31.24313218645025,Low
P1805,Zone4,Green-space-dominated,4,7,463874.0840999996,4410648.575200001,33.53519584259548,High
P1807,Zone4,Green-space-dominated,4,7,465874.0840999996,4410648.575200001,33.41878880207072,Middle
P1809,Zone4,Green-space-dominated,4,7,467874.0840999996,4410648.575200001,32.74930972684065,Middle
P1820,Zone4,Green-space-dominated,4,7,478874.0840999996,4410648.575200001,30.31939267329892,Low
P1821,Zone4,Green-space-dominated,4,7,480874.0840999996,4410648.575200001,30.43009576481762,Low
P1822,Zone4,Green-space-dominated,4,7,481874.0840999996,4410648.575200001,30.65189617824678,Low
P1823,Zone4,Green-space-dominated,4,7,482874.0840999996,4410648.575200001,30.40182130959445,Low
P1824,Zone4,Green-space-dominated,4,7,483874.0840999996,4410648.575200001,30.03925650896492,Low
P1826,Zone4,Green-space-dominated,4,7,485874.0840999996,4410648.575200001,29.19387789540697,Low
P1827,Zone4,Green-space-dominated,4,7,486874.0840999996,4410648.575200001,29.00771648899567,Low
P1828,Zone4,Green-space-dominated,4,7,419874.0840999996,4411648.575200001,28.9349607167339,Low
P1830,Zone4,Green-space-dominated,4,7,421874.0840999996,4411648.575200001,29.90097939932208,Low
P1831,Zone4,Green-space-dominated,4,7,422874.0840999996,4411648.575200001,30.7325275402628,Low
P1834,Zone4,Green-space-dominated,4,7,425874.0840999996,4411648.575200001,31.11528938972261,Low
P1835,Zone4,Green-space-dominated,4,7,426874.0840999996,4411648.575200001,31.99976575141927,Middle
P1874,Zone4,Green-space-dominated,4,7,465874.0840999996,4411648.575200001,33.46681778450452,Middle
P1890,Zone4,Green-space-dominated,4,7,482874.0840999996,4411648.575200001,30.56720488879415,Low
P1892,Zone4,Green-space-dominated,4,7,484874.0840999996,4411648.575200001,29.76391606329236,Low
P1893,Zone4,Green-space-dominated,4,7,419874.0840999996,4412648.575200001,27.73387407553868,Low
P1895,Zone4,Green-space-dominated,4,7,421874.0840999996,4412648.575200001,29.56226645520664,Low
P1898,Zone4,Green-space-dominated,4,7,424874.0840999996,4412648.575200001,30.42280128362187,Low
P1899,Zone4,Green-space-dominated,4,7,425874.0840999996,4412648.575200001,30.62394258583345,Low
P1938,Zone4,Green-space-dominated,4,7,465874.0840999996,4412648.575200001,33.35222940012327,Middle
P1950,Zone4,Green-space-dominated,4,7,478874.0840999996,4412648.575200001,29.57408172413939,Low
P1951,Zone4,Green-space-dominated,4,7,479874.0840999996,4412648.575200001,29.89713067857787,Low
P1952,Zone4,Green-space-dominated,4,7,480874.0840999996,4412648.575200001,30.41352815164187,Low
P1953,Zone4,Green-space-dominated,4,7,481874.0840999996,4412648.575200001,30.52193915674209,Low
P1954,Zone4,Green-space-dominated,4,7,482874.0840999996,4412648.575200001,30.60089711717178,Low
P1955,Zone4,Green-space-dominated,4,7,483874.0840999996,4412648.575200001,30.49072743178441,Low
P1957,Zone4,Green-space-dominated,4,7,423874.0840999996,4413648.575200001,29.93605863984629,Low
P1959,Zone4,Green-space-dominated,4,7,425874.0840999996,4413648.575200001,30.4363540568922,Low
P1963,Zone4,Green-space-dominated,4,7,429874.0840999996,4413648.575200001,32.82830821814493,Middle
P1997,Zone4,Green-space-dominated,4,7,464874.0840999996,4413648.575200001,33.68196051643106,High
P1998,Zone4,Green-space-dominated,4,7,465874.0840999996,4413648.575200001,33.63080617377357,High
P2008,Zone4,Green-space-dominated,4,7,475874.0840999996,4413648.575200001,31.50045847427218,Middle
P2009,Zone4,Green-space-dominated,4,7,476874.0840999996,4413648.575200001,30.64295323429367,Low
P2010,Zone4,Green-space-dominated,4,7,478874.0840999996,4413648.575200001,29.72941232987477,Low
P2011,Zone4,Green-space-dominated,4,7,479874.0840999996,4413648.575200001,30.08677138518846,Low
P2012,Zone4,Green-space-dominated,4,7,480874.0840999996,4413648.575200001,30.27210490227538,Low
P2013,Zone4,Green-space-dominated,4,7,481874.0840999996,4413648.575200001,30.35032478467934,Low
P2014,Zone4,Green-space-dominated,4,7,482874.0840999996,4413648.575200001,30.46110924575353,Low
P2016,Zone4,Green-space-dominated,4,7,425874.0840999996,4414648.575200001,30.39626820449735,Low
P2017,Zone4,Green-space-dominated,4,7,426874.0840999996,4414648.575200001,30.73835926816178,Low
P2052,Zone4,Green-space-dominated,4,7,463874.0840999996,4414648.575200001,34.04319088835139,High
P2067,Zone4,Green-space-dominated,4,7,479874.0840999996,4414648.575200001,30.38602359682665,Low
P2068,Zone4,Green-space-dominated,4,7,480874.0840999996,4414648.575200001,30.18394762012631,Low
P2102,Zone4,Green-space-dominated,4,7,461874.0840999996,4415648.575200001,33.61799327036604,High
P2107,Zone4,Green-space-dominated,4,7,466874.0840999996,4415648.575200001,34.04038683450595,High
P2170,Zone4,Green-space-dominated,4,7,479874.0840999996,4416648.575200001,31.1013423631799,Low
P2222,Zone4,Green-space-dominated,4,7,479874.0840999996,4417648.575200001,30.96017473826999,Low
P2270,Zone4,Green-space-dominated,4,7,478874.0840999996,4418648.575200001,31.29699044580352,Low
P2271,Zone4,Green-space-dominated,4,7,479874.0840999996,4418648.575200001,30.91975155049576,Low
P2323,Zone4,Green-space-dominated,4,7,478874.0840999996,4419648.575200001,31.68539733309896,Middle
P2324,Zone4,Green-space-dominated,4,7,479874.0840999996,4419648.575200001,31.2426565671069,Low
P2367,Zone4,Green-space-dominated,4,7,466874.0840999996,4420648.575200001,32.27635223454321,Middle
P2368,Zone4,Green-space-dominated,4,7,467874.0840999996,4420648.575200001,32.00915260006082,Middle
P2421,Zone4,Green-space-dominated,4,7,463874.0840999996,4421648.575200001,32.07774702588519,Middle
P2422,Zone4,Green-space-dominated,4,7,464874.0840999996,4421648.575200001,32.27766801342619,Middle
P2423,Zone4,Green-space-dominated,4,7,465874.0840999996,4421648.575200001,32.33151591698346,Middle
P2435,Zone4,Green-space-dominated,4,7,478874.0840999996,4421648.575200001,31.5385998929418,Middle
P2440,Zone4,Green-space-dominated,4,7,427874.0840999996,4422648.575200001,30.17446924937502,Low
P2477,Zone4,Green-space-dominated,4,7,464874.0840999996,4422648.575200001,31.99973124408387,Middle
P2478,Zone4,Green-space-dominated,4,7,465874.0840999996,4422648.575200001,31.89855191321148,Middle
P2479,Zone4,Green-space-dominated,4,7,466874.0840999996,4422648.575200001,31.4060858093094,Low
P2483,Zone4,Green-space-dominated,4,7,470874.0840999996,4422648.575200001,31.02229783386426,Low
P2484,Zone4,Green-space-dominated,4,7,471874.0840999996,4422648.575200001,31.59654668904538,Middle
P2494,Zone4,Green-space-dominated,4,7,427874.0840999996,4423648.575200001,29.5608643249873,Low
P2495,Zone4,Green-space-dominated,4,7,428874.0840999996,4423648.575200001,28.91249061798145,Low
P2496,Zone4,Green-space-dominated,4,7,429874.0840999996,4423648.575200001,29.65961808440942,Low
P2497,Zone4,Green-space-dominated,4,7,430874.0840999996,4423648.575200001,30.39671242130314,Low
P2531,Zone4,Green-space-dominated,4,7,464874.0840999996,4423648.575200001,31.75861102606811,Middle
P2532,Zone4,Green-space-dominated,4,7,465874.0840999996,4423648.575200001,31.57208345965179,Middle
P2534,Zone4,Green-space-dominated,4,7,467874.0840999996,4423648.575200001,31.26394765578348,Low
P2535,Zone4,Green-space-dominated,4,7,468874.0840999996,4423648.575200001,31.08255270122369,Low
P2538,Zone4,Green-space-dominated,4,7,471874.0840999996,4423648.575200001,31.29748906904307,Low
P2539,Zone4,Green-space-dominated,4,7,472874.0840999996,4423648.575200001,31.24845808013093,Low
P2546,Zone4,Green-space-dominated,4,7,425874.0840999996,4424648.575200001,30.09172574754754,Low
P2547,Zone4,Green-space-dominated,4,7,426874.0840999996,4424648.575200001,29.99883307554472,Low
P2548,Zone4,Green-space-dominated,4,7,427874.0840999996,4424648.575200001,29.09354241053253,Low
P2549,Zone4,Green-space-dominated,4,7,428874.0840999996,4424648.575200001,28.4560015007855,Low
P2550,Zone4,Green-space-dominated,4,7,429874.0840999996,4424648.575200001,28.98249432761153,Low
P2583,Zone4,Green-space-dominated,4,7,462874.0840999996,4424648.575200001,31.57032809807789,Middle
P2586,Zone4,Green-space-dominated,4,7,465874.0840999996,4424648.575200001,31.55149328305579,Middle
P2587,Zone4,Green-space-dominated,4,7,466874.0840999996,4424648.575200001,31.54833455210226,Middle
P2590,Zone4,Green-space-dominated,4,7,469874.0840999996,4424648.575200001,31.24548643019076,Low
P2591,Zone4,Green-space-dominated,4,7,470874.0840999996,4424648.575200001,31.02541929659273,Low
P2592,Zone4,Green-space-dominated,4,7,471874.0840999996,4424648.575200001,31.33117164280281,Low
P2594,Zone4,Green-space-dominated,4,7,473874.0840999996,4424648.575200001,31.61244363869741,Middle
P2597,Zone4,Green-space-dominated,4,7,476874.0840999996,4424648.575200001,31.49412128076344,Middle
P2599,Zone4,Green-space-dominated,4,7,424874.0840999996,4425648.575200001,28.70666766454674,Low
P2600,Zone4,Green-space-dominated,4,7,425874.0840999996,4425648.575200001,28.65896214638091,Low
P2601,Zone4,Green-space-dominated,4,7,426874.0840999996,4425648.575200001,29.20497251480698,Low
P2602,Zone4,Green-space-dominated,4,7,427874.0840999996,4425648.575200001,28.63069409244581,Low
P2604,Zone4,Green-space-dominated,4,7,429874.0840999996,4425648.575200001,28.51957219174858,Low
P2639,Zone4,Green-space-dominated,4,7,466874.0840999996,4425648.575200001,31.60599859727522,Middle
P2641,Zone4,Green-space-dominated,4,7,468874.0840999996,4425648.575200001,31.36608579377906,Low
P2643,Zone4,Green-space-dominated,4,7,470874.0840999996,4425648.575200001,30.99614776413057,Low
P2644,Zone4,Green-space-dominated,4,7,471874.0840999996,4425648.575200001,31.33594809774876,Low
P2647,Zone4,Green-space-dominated,4,7,474874.0840999996,4425648.575200001,31.62795471801958,Middle
P2649,Zone4,Green-space-dominated,4,7,476874.0840999996,4425648.575200001,31.30967485025014,Low
P2650,Zone4,Green-space-dominated,4,7,477874.0840999996,4425648.575200001,31.17284133478134,Low
P2651,Zone4,Green-space-dominated,4,7,478874.0840999996,4425648.575200001,31.07074072264133,Low
P2652,Zone4,Green-space-dominated,4,7,425874.0840999996,4426648.575200001,27.5861279896904,Low
P2653,Zone4,Green-space-dominated,4,7,426874.0840999996,4426648.575200001,28.07996461518911,Low
P2654,Zone4,Green-space-dominated,4,7,427874.0840999996,4426648.575200001,27.64984578468708,Low
P2655,Zone4,Green-space-dominated,4,7,428874.0840999996,4426648.575200001,27.85419116268764,Low
P2656,Zone4,Green-space-dominated,4,7,429874.0840999996,4426648.575200001,28.39509327569282,Low
P2660,Zone4,Green-space-dominated,4,7,433874.0840999996,4426648.575200001,31.4665012462754,Middle
P2683,Zone4,Green-space-dominated,4,7,458874.0840999996,4426648.575200001,32.55197314722545,Middle
P2684,Zone4,Green-space-dominated,4,7,459874.0840999996,4426648.575200001,31.95847618306466,Middle
P2686,Zone4,Green-space-dominated,4,7,461874.0840999996,4426648.575200001,31.52328929855932,Middle
P2687,Zone4,Green-space-dominated,4,7,462874.0840999996,4426648.575200001,31.39806332626073,Low
P2689,Zone4,Green-space-dominated,4,7,464874.0840999996,4426648.575200001,31.89776157906446,Middle
P2699,Zone4,Green-space-dominated,4,7,474874.0840999996,4426648.575200001,32.12219871692583,Middle
P2700,Zone4,Green-space-dominated,4,7,475874.0840999996,4426648.575200001,31.65070615628973,Middle
P2701,Zone4,Green-space-dominated,4,7,476874.0840999996,4426648.575200001,31.33579177386555,Low
P2703,Zone4,Green-space-dominated,4,7,478874.0840999996,4426648.575200001,31.27289510217491,Low
P2704,Zone4,Green-space-dominated,4,7,427874.0840999996,4427648.575200001,27.38873935745404,Low
P2706,Zone4,Green-space-dominated,4,7,429874.0840999996,4427648.575200001,28.92992993466914,Low
P2734,Zone4,Green-space-dominated,4,7,459874.0840999996,4427648.575200001,32.63846346184359,Middle
P2739,Zone4,Green-space-dominated,4,7,464874.0840999996,4427648.575200001,32.43116047634674,Middle
P2741,Zone4,Green-space-dominated,4,7,466874.0840999996,4427648.575200001,31.87185289355562,Middle
P2742,Zone4,Green-space-dominated,4,7,467874.0840999996,4427648.575200001,31.37728068396449,Low
P2743,Zone4,Green-space-dominated,4,7,468874.0840999996,4427648.575200001,30.84299732414201,Low
P2747,Zone4,Green-space-dominated,4,7,472874.0840999996,4427648.575200001,32.08826288864474,Middle
P2749,Zone4,Green-space-dominated,4,7,474874.0840999996,4427648.575200001,31.8830787718903,Middle
P2751,Zone4,Green-space-dominated,4,7,476874.0840999996,4427648.575200001,31.34456734844544,Low
P2755,Zone4,Green-space-dominated,4,7,429874.0840999996,4428648.575200001,28.36739485989351,Low
P2756,Zone4,Green-space-dominated,4,7,430874.0840999996,4428648.575200001,29.5633059339205,Low
P2757,Zone4,Green-space-dominated,4,7,431874.0840999996,4428648.575200001,30.08622455678004,Low
P2789,Zone4,Green-space-dominated,4,7,465874.0840999996,4428648.575200001,31.51733306910076,Middle
P2790,Zone4,Green-space-dominated,4,7,466874.0840999996,4428648.575200001,31.22814506581862,Low
P2791,Zone4,Green-space-dominated,4,7,467874.0840999996,4428648.575200001,30.83510108907628,Low
P2792,Zone4,Green-space-dominated,4,7,468874.0840999996,4428648.575200001,30.50301556313034,Low
P2796,Zone4,Green-space-dominated,4,7,472874.0840999996,4428648.575200001,31.79867670811003,Middle
P2798,Zone4,Green-space-dominated,4,7,474874.0840999996,4428648.575200001,31.57164418804076,Middle
P2799,Zone4,Green-space-dominated,4,7,475874.0840999996,4428648.575200001,31.40407082247021,Low
P2801,Zone4,Green-space-dominated,4,7,477874.0840999996,4428648.575200001,31.72250530552799,Middle
P2802,Zone4,Green-space-dominated,4,7,478874.0840999996,4428648.575200001,31.48663773477992,Middle
P2803,Zone4,Green-space-dominated,4,7,428874.0840999996,4429648.575200001,27.55884895898238,Low
P2804,Zone4,Green-space-dominated,4,7,429874.0840999996,4429648.575200001,28.13642602248119,Low
P2806,Zone4,Green-space-dominated,4,7,431874.0840999996,4429648.575200001,28.98010240189848,Low
P2807,Zone4,Green-space-dominated,4,7,432874.0840999996,4429648.575200001,29.22321694589545,Low
P2809,Zone4,Green-space-dominated,4,7,434874.0840999996,4429648.575200001,30.63132736661683,Low
P2829,Zone4,Green-space-dominated,4,7,455874.0840999996,4429648.575200001,33.10400285375236,Middle
P2831,Zone4,Green-space-dominated,4,7,457874.0840999996,4429648.575200001,33.21399746474571,Middle
P2837,Zone4,Green-space-dominated,4,7,463874.0840999996,4429648.575200001,32.29083309515794,Middle
P2839,Zone4,Green-space-dominated,4,7,465874.0840999996,4429648.575200001,31.17067742448715,Low
P2840,Zone4,Green-space-dominated,4,7,466874.0840999996,4429648.575200001,30.59092174422749,Low
P2841,Zone4,Green-space-dominated,4,7,467874.0840999996,4429648.575200001,30.40649285143981,Low
P2845,Zone4,Green-space-dominated,4,7,473874.0840999996,4429648.575200001,31.85644079027561,Middle
P2846,Zone4,Green-space-dominated,4,7,474874.0840999996,4429648.575200001,31.25150389654369,Low
P2847,Zone4,Green-space-dominated,4,7,475874.0840999996,4429648.575200001,31.43973636667562,Middle
P2849,Zone4,Green-space-dominated,4,7,477874.0840999996,4429648.575200001,31.41616138322627,Low
P2850,Zone4,Green-space-dominated,4,7,478874.0840999996,4429648.575200001,31.21561957885679,Low
P2851,Zone4,Green-space-dominated,4,7,426874.0840999996,4430648.575200001,28.53065463730678,Low
P2852,Zone4,Green-space-dominated,4,7,427874.0840999996,4430648.575200001,29.93193293239263,Low
P2855,Zone4,Green-space-dominated,4,7,430874.0840999996,4430648.575200001,28.69089680290656,Low
P2887,Zone4,Green-space-dominated,4,7,462874.0840999996,4430648.575200001,31.98342953523467,Middle
P2888,Zone4,Green-space-dominated,4,7,464874.0840999996,4430648.575200001,31.61583106443502,Middle
P2889,Zone4,Green-space-dominated,4,7,465874.0840999996,4430648.575200001,31.56545643278961,Middle
P2890,Zone4,Green-space-dominated,4,7,466874.0840999996,4430648.575200001,31.48328618106423,Middle
P2892,Zone4,Green-space-dominated,4,7,468874.0840999996,4430648.575200001,31.13656298735767,Low
P2897,Zone4,Green-space-dominated,4,7,473874.0840999996,4430648.575200001,31.83692014549129,Middle
P2898,Zone4,Green-space-dominated,4,7,474874.0840999996,4430648.575200001,31.58395635317587,Middle
P2899,Zone4,Green-space-dominated,4,7,475874.0840999996,4430648.575200001,31.3656564793605,Low
P2900,Zone4,Green-space-dominated,4,7,476874.0840999996,4430648.575200001,31.25608959886669,Low
P2901,Zone4,Green-space-dominated,4,7,477874.0840999996,4430648.575200001,31.07510315755978,Low
P2902,Zone4,Green-space-dominated,4,7,478874.0840999996,4430648.575200001,30.93384193683081,Low
P2903,Zone4,Green-space-dominated,4,7,421874.0840999996,4431648.575200001,29.36173121919726,Low
P2904,Zone4,Green-space-dominated,4,7,422874.0840999996,4431648.575200001,29.76528630754013,Low
P2906,Zone4,Green-space-dominated,4,7,424874.0840999996,4431648.575200001,29.64239018632428,Low
P2908,Zone4,Green-space-dominated,4,7,426874.0840999996,4431648.575200001,31.27424836071246,Low
P2912,Zone4,Green-space-dominated,4,7,430874.0840999996,4431648.575200001,30.73378671742527,Low
P2934,Zone4,Green-space-dominated,4,7,452874.0840999996,4431648.575200001,32.52372250113945,Middle
P2936,Zone4,Green-space-dominated,4,7,454874.0840999996,4431648.575200001,32.93223619709329,Middle
P2943,Zone4,Green-space-dominated,4,7,461874.0840999996,4431648.575200001,31.42563898144551,Middle
P2955,Zone4,Green-space-dominated,4,7,473874.0840999996,4431648.575200001,32.1708538447996,Middle
P2957,Zone4,Green-space-dominated,4,7,475874.0840999996,4431648.575200001,31.45065037794167,Middle
P2958,Zone4,Green-space-dominated,4,7,476874.0840999996,4431648.575200001,31.24247355217689,Low
P2959,Zone4,Green-space-dominated,4,7,477874.0840999996,4431648.575200001,31.07388325171835,Low
P2960,Zone4,Green-space-dominated,4,7,478874.0840999996,4431648.575200001,30.87285824409006,Low
P2967,Zone4,Green-space-dominated,4,7,423874.0840999996,4432648.575200001,30.29908373003411,Low
P2969,Zone4,Green-space-dominated,4,7,425874.0840999996,4432648.575200001,30.7990689852942,Low
P2994,Zone4,Green-space-dominated,4,7,452874.0840999996,4432648.575200001,32.2420354981416,Middle
P2998,Zone4,Green-space-dominated,4,7,456874.0840999996,4432648.575200001,31.91084227537539,Middle
P3018,Zone4,Green-space-dominated,4,7,476874.0840999996,4432648.575200001,31.28974133442256,Low
P3019,Zone4,Green-space-dominated,4,7,477874.0840999996,4432648.575200001,30.86758874761857,Low
P3021,Zone4,Green-space-dominated,4,7,480874.0840999996,4432648.575200001,31.13890627235725,Low
P3022,Zone4,Green-space-dominated,4,7,481874.0840999996,4432648.575200001,31.43097713033573,Middle
P3024,Zone4,Green-space-dominated,4,7,483874.0840999996,4432648.575200001,32.25336274819418,Middle
P3026,Zone4,Green-space-dominated,4,7,421874.0840999996,4433648.575200001,28.90937903975463,Low
P3027,Zone4,Green-space-dominated,4,7,422874.0840999996,4433648.575200001,30.51688299145486,Low
P3029,Zone4,Green-space-dominated,4,7,424874.0840999996,4433648.575200001,31.73465251693321,Middle
P3030,Zone4,Green-space-dominated,4,7,425874.0840999996,4433648.575200001,31.94852279147156,Middle
P3031,Zone4,Green-space-dominated,4,7,426874.0840999996,4433648.575200001,32.0855468068509,Middle
P3037,Zone4,Green-space-dominated,4,7,432874.0840999996,4433648.575200001,32.38239368909697,Middle
P3056,Zone4,Green-space-dominated,4,7,455874.0840999996,4433648.575200001,31.47580145141766,Middle
P3057,Zone4,Green-space-dominated,4,7,456874.0840999996,4433648.575200001,31.48360506316722,Middle
P3064,Zone4,Green-space-dominated,4,7,463874.0840999996,4433648.575200001,33.70718948311768,High
P3066,Zone4,Green-space-dominated,4,7,467874.0840999996,4433648.575200001,33.4439333597204,Middle
P3070,Zone4,Green-space-dominated,4,7,471874.0840999996,4433648.575200001,31.86622742973285,Middle
P3071,Zone4,Green-space-dominated,4,7,472874.0840999996,4433648.575200001,32.0245983930106,Middle
P3074,Zone4,Green-space-dominated,4,7,475874.0840999996,4433648.575200001,31.50191522857465,Middle
P3075,Zone4,Green-space-dominated,4,7,476874.0840999996,4433648.575200001,30.63505098934501,Low
P3076,Zone4,Green-space-dominated,4,7,477874.0840999996,4433648.575200001,30.45296295495086,Low
P3077,Zone4,Green-space-dominated,4,7,479874.0840999996,4433648.575200001,30.94981781433281,Low
P3078,Zone4,Green-space-dominated,4,7,480874.0840999996,4433648.575200001,31.09785265242119,Low
P3080,Zone4,Green-space-dominated,4,7,482874.0840999996,4433648.575200001,32.48329566000811,Middle
P3083,Zone4,Green-space-dominated,4,7,487874.0840999996,4433648.575200001,30.966070182057134,Low
P3084,Zone4,Green-space-dominated,4,7,488874.0840999996,4433648.575200001,30.93549891436141,Low
P3085,Zone4,Green-space-dominated,4,7,489874.0840999996,4433648.575200001,30.87918084698083,Low
P3086,Zone4,Green-space-dominated,4,7,490874.0840999996,4433648.575200001,30.79290650947586,Low
P3087,Zone4,Green-space-dominated,4,7,492874.0840999996,4433648.575200001,30.841005777151743,Low
P3088,Zone4,Green-space-dominated,4,7,494874.0840999996,4433648.575200001,29.693364035105226,Low
P3089,Zone4,Green-space-dominated,4,7,495874.0840999996,4433648.575200001,29.952853919194034,Low
P3091,Zone4,Green-space-dominated,4,7,421874.0840999996,4434648.575200001,28.53721319592622,Low
P3100,Zone4,Green-space-dominated,4,7,430874.0840999996,4434648.575200001,32.10154609652665,Middle
P3101,Zone4,Green-space-dominated,4,7,431874.0840999996,4434648.575200001,32.04993251137385,Middle
P3115,Zone4,Green-space-dominated,4,7,454874.0840999996,4434648.575200001,31.17036731923174,Low
P3116,Zone4,Green-space-dominated,4,7,455874.0840999996,4434648.575200001,31.14531227047564,Low
P3117,Zone4,Green-space-dominated,4,7,456874.0840999996,4434648.575200001,31.11815394235829,Low
P3118,Zone4,Green-space-dominated,4,7,457874.0840999996,4434648.575200001,31.05100437107848,Low
P3119,Zone4,Green-space-dominated,4,7,458874.0840999996,4434648.575200001,31.43680261561901,Middle
P3120,Zone4,Green-space-dominated,4,7,459874.0840999996,4434648.575200001,31.66386546644157,Middle
P3126,Zone4,Green-space-dominated,4,7,467874.0840999996,4434648.575200001,33.87186418540978,High
P3130,Zone4,Green-space-dominated,4,7,471874.0840999996,4434648.575200001,31.77832307859238,Middle
P3134,Zone4,Green-space-dominated,4,7,475874.0840999996,4434648.575200001,30.88991842795978,Low
P3136,Zone4,Green-space-dominated,4,7,477874.0840999996,4434648.575200001,30.16922565784404,Low
P3138,Zone4,Green-space-dominated,4,7,480874.0840999996,4434648.575200001,31.32009595515894,Low
P3140,Zone4,Green-space-dominated,4,7,482874.0840999996,4434648.575200001,32.58925173865514,Middle
P3143,Zone4,Green-space-dominated,4,7,485874.0840999996,4434648.575200001,32.08599001375244,Middle
P3144,Zone4,Green-space-dominated,4,7,486874.0840999996,4434648.575200001,31.57386373112968,Middle
P3146,Zone4,Green-space-dominated,4,7,488874.0840999996,4434648.575200001,31.01907478455844,Low
P3147,Zone4,Green-space-dominated,4,7,489874.0840999996,4434648.575200001,30.97837227698297,Low
P3148,Zone4,Green-space-dominated,4,7,490874.0840999996,4434648.575200001,30.96414876967527,Low
P3149,Zone4,Green-space-dominated,4,7,491874.0840999996,4434648.575200001,30.88714027114169,Low
P3150,Zone4,Green-space-dominated,4,7,492874.0840999996,4434648.575200001,30.68481266947609,Low
P3151,Zone4,Green-space-dominated,4,7,493874.0840999996,4434648.575200001,30.22433032410429,Low
P3152,Zone4,Green-space-dominated,4,7,494874.0840999996,4434648.575200001,29.89508794877469,Low
P3153,Zone4,Green-space-dominated,4,7,495874.0840999996,4434648.575200001,30.24242638184066,Low
P3154,Zone4,Green-space-dominated,4,7,419874.0840999996,4435648.575200001,26.54823938095138,Low
P3156,Zone4,Green-space-dominated,4,7,421874.0840999996,4435648.575200001,28.82875591209322,Low
P3175,Zone4,Green-space-dominated,4,7,454874.0840999996,4435648.575200001,30.9509309625662,Low
P3176,Zone4,Green-space-dominated,4,7,455874.0840999996,4435648.575200001,30.95245248250077,Low
P3177,Zone4,Green-space-dominated,4,7,456874.0840999996,4435648.575200001,30.9043101009784,Low
P3178,Zone4,Green-space-dominated,4,7,457874.0840999996,4435648.575200001,31.16577796264408,Low
P3186,Zone4,Green-space-dominated,4,7,468874.0840999996,4435648.575200001,33.29218119361252,Middle
P3189,Zone4,Green-space-dominated,4,7,471874.0840999996,4435648.575200001,31.72003794390374,Middle
P3190,Zone4,Green-space-dominated,4,7,472874.0840999996,4435648.575200001,31.37010709765607,Low
P3191,Zone4,Green-space-dominated,4,7,473874.0840999996,4435648.575200001,31.4636958486063,Middle
P3193,Zone4,Green-space-dominated,4,7,475874.0840999996,4435648.575200001,30.73524694151802,Low
P3194,Zone4,Green-space-dominated,4,7,478874.0840999996,4435648.575200001,31.18576524394981,Low
P3196,Zone4,Green-space-dominated,4,7,480874.0840999996,4435648.575200001,31.54142794266714,Middle
P3200,Zone4,Green-space-dominated,4,7,484874.0840999996,4435648.575200001,32.66048421175007,Middle
P3202,Zone4,Green-space-dominated,4,7,486874.0840999996,4435648.575200001,31.69122614807962,Middle
P3203,Zone4,Green-space-dominated,4,7,487874.0840999996,4435648.575200001,31.45613614290694,Middle
P3204,Zone4,Green-space-dominated,4,7,488874.0840999996,4435648.575200001,31.20115981000874,Low
P3205,Zone4,Green-space-dominated,4,7,489874.0840999996,4435648.575200001,31.07889711926217,Low
P3206,Zone4,Green-space-dominated,4,7,490874.0840999996,4435648.575200001,31.00686696144739,Low
P3207,Zone4,Green-space-dominated,4,7,491874.0840999996,4435648.575200001,31.03221729541217,Low
P3208,Zone4,Green-space-dominated,4,7,492874.0840999996,4435648.575200001,30.88554859133161,Low
P3209,Zone4,Green-space-dominated,4,7,493874.0840999996,4435648.575200001,30.51450144594856,Low
P3210,Zone4,Green-space-dominated,4,7,494874.0840999996,4435648.575200001,30.31507520830554,Low
P3211,Zone4,Green-space-dominated,4,7,495874.0840999996,4435648.575200001,30.44426243986282,Low
P3212,Zone4,Green-space-dominated,4,7,496874.0840999996,4435648.575200001,30.70044453692011,Low
P3213,Zone4,Green-space-dominated,4,7,497874.0840999996,4435648.575200001,30.93046190694177,Low
P3214,Zone4,Green-space-dominated,4,7,419874.0840999996,4436648.575200001,26.30059167552211,Low
P3215,Zone4,Green-space-dominated,4,7,420874.0840999996,4436648.575200001,28.53379228065421,Low
P3217,Zone4,Green-space-dominated,4,7,422874.0840999996,4436648.575200001,30.65992202168826,Low
P3221,Zone4,Green-space-dominated,4,7,426874.0840999996,4436648.575200001,32.09086528188612,Middle
P3226,Zone4,Green-space-dominated,4,7,431874.0840999996,4436648.575200001,32.26876448125491,Middle
P3235,Zone4,Green-space-dominated,4,7,454874.0840999996,4436648.575200001,31.10760346753181,Low
P3236,Zone4,Green-space-dominated,4,7,457874.0840999996,4436648.575200001,31.6559338384744,Middle
P3243,Zone4,Green-space-dominated,4,7,467874.0840999996,4436648.575200001,33.60787624751722,High
P3254,Zone4,Green-space-dominated,4,7,479874.0840999996,4436648.575200001,31.60065899457605,Middle
P3255,Zone4,Green-space-dominated,4,7,480874.0840999996,4436648.575200001,31.47218923862791,Middle
P3256,Zone4,Green-space-dominated,4,7,481874.0840999996,4436648.575200001,31.78558192206928,Middle
P3257,Zone4,Green-space-dominated,4,7,482874.0840999996,4436648.575200001,31.95853591328591,Middle
P3258,Zone4,Green-space-dominated,4,7,483874.0840999996,4436648.575200001,32.1002406846936,Middle
P3259,Zone4,Green-space-dominated,4,7,484874.0840999996,4436648.575200001,32.25894383427237,Middle
P3260,Zone4,Green-space-dominated,4,7,485874.0840999996,4436648.575200001,32.09949658866442,Middle
P3261,Zone4,Green-space-dominated,4,7,486874.0840999996,4436648.575200001,31.7560420676155,Middle
P3262,Zone4,Green-space-dominated,4,7,487874.0840999996,4436648.575200001,31.42047270450822,Low
P3263,Zone4,Green-space-dominated,4,7,488874.0840999996,4436648.575200001,31.18476253353811,Low
P3265,Zone4,Green-space-dominated,4,7,490874.0840999996,4436648.575200001,31.02217895190945,Low
P3266,Zone4,Green-space-dominated,4,7,491874.0840999996,4436648.575200001,31.18017493540303,Low
P3268,Zone4,Green-space-dominated,4,7,493874.0840999996,4436648.575200001,30.99011462062609,Low
P3269,Zone4,Green-space-dominated,4,7,494874.0840999996,4436648.575200001,30.33242112837681,Low
P3270,Zone4,Green-space-dominated,4,7,495874.0840999996,4436648.575200001,30.18177242614321,Low
P3271,Zone4,Green-space-dominated,4,7,496874.0840999996,4436648.575200001,30.29572776256409,Low
P3275,Zone4,Green-space-dominated,4,7,420874.0840999996,4437648.575200001,28.14977964150556,Low
P3281,Zone4,Green-space-dominated,4,7,426874.0840999996,4437648.575200001,31.78942499011777,Middle
P3282,Zone4,Green-space-dominated,4,7,427874.0840999996,4437648.575200001,31.36818398689803,Low
P3283,Zone4,Green-space-dominated,4,7,428874.0840999996,4437648.575200001,31.22107820072938,Low
P3286,Zone4,Green-space-dominated,4,7,431874.0840999996,4437648.575200001,32.09066180498574,Middle
P3300,Zone4,Green-space-dominated,4,7,462874.0840999996,4437648.575200001,35.45930739934543,High
P3308,Zone4,Green-space-dominated,4,7,474874.0840999996,4437648.575200001,31.7519153906282,Middle
P3313,Zone4,Green-space-dominated,4,7,480874.0840999996,4437648.575200001,31.7082190478761,Middle
P3314,Zone4,Green-space-dominated,4,7,481874.0840999996,4437648.575200001,32.08394218077277,Middle
P3315,Zone4,Green-space-dominated,4,7,482874.0840999996,4437648.575200001,32.13594000593667,Middle
P3317,Zone4,Green-space-dominated,4,7,484874.0840999996,4437648.575200001,32.23117553990416,Middle
P3318,Zone4,Green-space-dominated,4,7,485874.0840999996,4437648.575200001,31.96556299681399,Middle
P3320,Zone4,Green-space-dominated,4,7,487874.0840999996,4437648.575200001,31.29543597796598,Low
P3321,Zone4,Green-space-dominated,4,7,488874.0840999996,4437648.575200001,31.40659140071055,Low
P3323,Zone4,Green-space-dominated,4,7,490874.0840999996,4437648.575200001,31.20138301366541,Low
P3324,Zone4,Green-space-dominated,4,7,491874.0840999996,4437648.575200001,31.09888339369328,Low
P3325,Zone4,Green-space-dominated,4,7,492874.0840999996,4437648.575200001,31.16008231145455,Low
P3326,Zone4,Green-space-dominated,4,7,493874.0840999996,4437648.575200001,30.65672256814804,Low
P3327,Zone4,Green-space-dominated,4,7,494874.0840999996,4437648.575200001,29.95012288712973,Low
P3328,Zone4,Green-space-dominated,4,7,495874.0840999996,4437648.575200001,29.74478333232995,Low
P3329,Zone4,Green-space-dominated,4,7,496874.0840999996,4437648.575200001,29.72300132794172,Low
P3330,Zone4,Green-space-dominated,4,7,497874.0840999996,4437648.575200001,30.05841981959185,Low
P3335,Zone4,Green-space-dominated,4,7,423874.0840999996,4438648.575200001,32.35363081281963,Middle
P3337,Zone4,Green-space-dominated,4,7,425874.0840999996,4438648.575200001,32.03254082790679,Middle
P3347,Zone4,Green-space-dominated,4,7,455874.0840999996,4438648.575200001,31.98632122596437,Middle
P3350,Zone4,Green-space-dominated,4,7,458874.0840999996,4438648.575200001,32.94308805289275,Middle
P3354,Zone4,Green-space-dominated,4,7,462874.0840999996,4438648.575200001,34.67961624519569,High
P3366,Zone4,Green-space-dominated,4,7,477874.0840999996,4438648.575200001,31.31552303211009,Low
P3368,Zone4,Green-space-dominated,4,7,479874.0840999996,4438648.575200001,31.95312153225432,Middle
P3370,Zone4,Green-space-dominated,4,7,481874.0840999996,4438648.575200001,32.08777765011903,Middle
P3372,Zone4,Green-space-dominated,4,7,483874.0840999996,4438648.575200001,32.31087766742787,Middle
P3373,Zone4,Green-space-dominated,4,7,484874.0840999996,4438648.575200001,32.22212979632454,Middle
P3374,Zone4,Green-space-dominated,4,7,485874.0840999996,4438648.575200001,31.73795187654621,Middle
P3375,Zone4,Green-space-dominated,4,7,486874.0840999996,4438648.575200001,31.37045413999479,Low
P3376,Zone4,Green-space-dominated,4,7,487874.0840999996,4438648.575200001,31.36835012202137,Low
P3378,Zone4,Green-space-dominated,4,7,489874.0840999996,4438648.575200001,31.43663374472172,Middle
P3379,Zone4,Green-space-dominated,4,7,490874.0840999996,4438648.575200001,31.22537234621284,Low
P3380,Zone4,Green-space-dominated,4,7,491874.0840999996,4438648.575200001,30.84065635839264,Low
P3381,Zone4,Green-space-dominated,4,7,492874.0840999996,4438648.575200001,30.78853613603046,Low
P3383,Zone4,Green-space-dominated,4,7,494874.0840999996,4438648.575200001,29.9321774825665,Low
P3384,Zone4,Green-space-dominated,4,7,495874.0840999996,4438648.575200001,29.26494690702462,Low
P3385,Zone4,Green-space-dominated,4,7,496874.0840999996,4438648.575200001,29.39447505601584,Low
P3394,Zone4,Green-space-dominated,4,7,427874.0840999996,4439648.575200001,31.40736412307807,Low
P3395,Zone4,Green-space-dominated,4,7,428874.0840999996,4439648.575200001,30.95362490641502,Low
P3417,Zone4,Green-space-dominated,4,7,474874.0840999996,4439648.575200001,31.70260851943658,Middle
P3418,Zone4,Green-space-dominated,4,7,475874.0840999996,4439648.575200001,29.95374885783325,Low
P3419,Zone4,Green-space-dominated,4,7,477874.0840999996,4439648.575200001,31.06735247746521,Low
P3421,Zone4,Green-space-dominated,4,7,479874.0840999996,4439648.575200001,31.60327952398541,Middle
P3422,Zone4,Green-space-dominated,4,7,480874.0840999996,4439648.575200001,31.15123020198364,Low
P3423,Zone4,Green-space-dominated,4,7,481874.0840999996,4439648.575200001,31.44177615735484,Middle
P3425,Zone4,Green-space-dominated,4,7,483874.0840999996,4439648.575200001,32.22392933716625,Middle
P3427,Zone4,Green-space-dominated,4,7,485874.0840999996,4439648.575200001,31.95010550666487,Middle
P3428,Zone4,Green-space-dominated,4,7,486874.0840999996,4439648.575200001,31.62729396423673,Middle
P3429,Zone4,Green-space-dominated,4,7,487874.0840999996,4439648.575200001,31.51289179491244,Middle
P3430,Zone4,Green-space-dominated,4,7,488874.0840999996,4439648.575200001,31.52143375283549,Middle
P3431,Zone4,Green-space-dominated,4,7,489874.0840999996,4439648.575200001,31.34947031250975,Low
P3432,Zone4,Green-space-dominated,4,7,490874.0840999996,4439648.575200001,30.99168214917311,Low
P3433,Zone4,Green-space-dominated,4,7,491874.0840999996,4439648.575200001,30.75027587850739,Low
P3435,Zone4,Green-space-dominated,4,7,493874.0840999996,4439648.575200001,30.22031781013658,Low
P3436,Zone4,Green-space-dominated,4,7,494874.0840999996,4439648.575200001,29.93322317152209,Low
P3437,Zone4,Green-space-dominated,4,7,495874.0840999996,4439648.575200001,29.27929886935701,Low
P3439,Zone4,Green-space-dominated,4,7,421874.0840999996,4440648.575200001,30.23578297352669,Low
P3441,Zone4,Green-space-dominated,4,7,423874.0840999996,4440648.575200001,32.05583975436461,Middle
P3443,Zone4,Green-space-dominated,4,7,425874.0840999996,4440648.575200001,32.15697229822597,Middle
P3446,Zone4,Green-space-dominated,4,7,428874.0840999996,4440648.575200001,31.09760005399825,Low
P3448,Zone4,Green-space-dominated,4,7,430874.0840999996,4440648.575200001,31.69846344148411,Middle
P3452,Zone4,Green-space-dominated,4,7,456874.0840999996,4440648.575200001,31.69705558615239,Middle
P3469,Zone4,Green-space-dominated,4,7,477874.0840999996,4440648.575200001,31.4790082719541,Middle
P3471,Zone4,Green-space-dominated,4,7,479874.0840999996,4440648.575200001,31.31783563335888,Low
P3472,Zone4,Green-space-dominated,4,7,480874.0840999996,4440648.575200001,30.45405922582669,Low
P3473,Zone4,Green-space-dominated,4,7,481874.0840999996,4440648.575200001,30.55721875990237,Low
P3474,Zone4,Green-space-dominated,4,7,483874.0840999996,4440648.575200001,31.63311933016714,Middle
P3475,Zone4,Green-space-dominated,4,7,484874.0840999996,4440648.575200001,31.85772279774498,Middle
P3476,Zone4,Green-space-dominated,4,7,485874.0840999996,4440648.575200001,31.73705428232428,Middle
P3477,Zone4,Green-space-dominated,4,7,486874.0840999996,4440648.575200001,31.65385098871763,Middle
P3478,Zone4,Green-space-dominated,4,7,487874.0840999996,4440648.575200001,31.5707115369311,Middle
P3479,Zone4,Green-space-dominated,4,7,488874.0840999996,4440648.575200001,31.45760085710207,Middle
P3480,Zone4,Green-space-dominated,4,7,489874.0840999996,4440648.575200001,31.37477176120967,Low
P3481,Zone4,Green-space-dominated,4,7,490874.0840999996,4440648.575200001,31.02900498556662,Low
P3482,Zone4,Green-space-dominated,4,7,491874.0840999996,4440648.575200001,30.73800787901495,Low
P3483,Zone4,Green-space-dominated,4,7,492874.0840999996,4440648.575200001,30.39431162897376,Low
P3484,Zone4,Green-space-dominated,4,7,493874.0840999996,4440648.575200001,30.19899328864689,Low
P3485,Zone4,Green-space-dominated,4,7,494874.0840999996,4440648.575200001,29.9744262641294,Low
P3486,Zone4,Green-space-dominated,4,7,495874.0840999996,4440648.575200001,29.55092013508196,Low
P3495,Zone4,Green-space-dominated,4,7,457874.0840999996,4441648.575200001,32.13967674320589,Middle
P3513,Zone4,Green-space-dominated,4,7,477874.0840999996,4441648.575200001,31.96861846323191,Middle
P3514,Zone4,Green-space-dominated,4,7,478874.0840999996,4441648.575200001,31.92979591631196,Middle
P3515,Zone4,Green-space-dominated,4,7,479874.0840999996,4441648.575200001,31.02312345709714,Low
P3516,Zone4,Green-space-dominated,4,7,480874.0840999996,4441648.575200001,30.32579595214604,Low
P3517,Zone4,Green-space-dominated,4,7,481874.0840999996,4441648.575200001,29.73927051924558,Low
P3518,Zone4,Green-space-dominated,4,7,482874.0840999996,4441648.575200001,29.55674469106214,Low
P3521,Zone4,Green-space-dominated,4,7,485874.0840999996,4441648.575200001,31.67488829431609,Middle
P3522,Zone4,Green-space-dominated,4,7,486874.0840999996,4441648.575200001,31.65183888247451,Middle
P3523,Zone4,Green-space-dominated,4,7,487874.0840999996,4441648.575200001,31.6181774278458,Middle
P3526,Zone4,Green-space-dominated,4,7,490874.0840999996,4441648.575200001,31.19564096353242,Low
P3527,Zone4,Green-space-dominated,4,7,491874.0840999996,4441648.575200001,30.9468274407411,Low
P3528,Zone4,Green-space-dominated,4,7,492874.0840999996,4441648.575200001,30.30808871769864,Low
P3529,Zone4,Green-space-dominated,4,7,493874.0840999996,4441648.575200001,30.02905915266056,Low
P3530,Zone4,Green-space-dominated,4,7,494874.0840999996,4441648.575200001,29.93673738712463,Low
P3531,Zone4,Green-space-dominated,4,7,495874.0840999996,4441648.575200001,29.76803672009098,Low
P3532,Zone4,Green-space-dominated,4,7,428874.0840999996,4442648.575200001,32.30058488985211,Middle
P3533,Zone4,Green-space-dominated,4,7,429874.0840999996,4442648.575200001,32.25960171031356,Middle
P3534,Zone4,Green-space-dominated,4,7,430874.0840999996,4442648.575200001,32.08917082739053,Middle
P3536,Zone4,Green-space-dominated,4,7,432874.0840999996,4442648.575200001,32.00944439886046,Middle
P3537,Zone4,Green-space-dominated,4,7,433874.0840999996,4442648.575200001,31.89586540109119,Middle
P3538,Zone4,Green-space-dominated,4,7,434874.0840999996,4442648.575200001,32.05418842517867,Middle
P3541,Zone4,Green-space-dominated,4,7,457874.0840999996,4442648.575200001,32.03161900272342,Middle
P3562,Zone4,Green-space-dominated,4,7,479874.0840999996,4442648.575200001,31.04155726060169,Low
P3563,Zone4,Green-space-dominated,4,7,480874.0840999996,4442648.575200001,30.65363021011718,Low
P3564,Zone4,Green-space-dominated,4,7,481874.0840999996,4442648.575200001,30.76923084232791,Low
P3565,Zone4,Green-space-dominated,4,7,482874.0840999996,4442648.575200001,30.43260070992954,Low
P3566,Zone4,Green-space-dominated,4,7,483874.0840999996,4442648.575200001,30.41113714511926,Low
P3567,Zone4,Green-space-dominated,4,7,484874.0840999996,4442648.575200001,30.92835857961079,Low
P3568,Zone4,Green-space-dominated,4,7,485874.0840999996,4442648.575200001,31.37075637148149,Low
P3569,Zone4,Green-space-dominated,4,7,486874.0840999996,4442648.575200001,31.4118364531364,Low
P3570,Zone4,Green-space-dominated,4,7,487874.0840999996,4442648.575200001,31.52100310642012,Middle
P3571,Zone4,Green-space-dominated,4,7,488874.0840999996,4442648.575200001,31.71619213837121,Middle
P3572,Zone4,Green-space-dominated,4,7,489874.0840999996,4442648.575200001,31.59371677959974,Middle
P3573,Zone4,Green-space-dominated,4,7,490874.0840999996,4442648.575200001,31.11805557820281,Low
P3574,Zone4,Green-space-dominated,4,7,491874.0840999996,4442648.575200001,30.81761443204071,Low
P3576,Zone4,Green-space-dominated,4,7,493874.0840999996,4442648.575200001,30.13839097172341,Low
P3577,Zone4,Green-space-dominated,4,7,494874.0840999996,4442648.575200001,30.04832666677975,Low
P3578,Zone4,Green-space-dominated,4,7,495874.0840999996,4442648.575200001,30.03433263548943,Low
P3579,Zone4,Green-space-dominated,4,7,496874.0840999996,4442648.575200001,30.06188517359652,Low
P3580,Zone4,Green-space-dominated,4,7,428874.0840999996,4443648.575200001,32.26422710625216,Middle
P3581,Zone4,Green-space-dominated,4,7,429874.0840999996,4443648.575200001,31.85591957699396,Middle
P3582,Zone4,Green-space-dominated,4,7,430874.0840999996,4443648.575200001,31.57791276208048,Middle
P3583,Zone4,Green-space-dominated,4,7,431874.0840999996,4443648.575200001,31.50416925267205,Middle
P3584,Zone4,Green-space-dominated,4,7,455874.0840999996,4443648.575200001,31.88066968319974,Middle
P3585,Zone4,Green-space-dominated,4,7,456874.0840999996,4443648.575200001,31.96694519888542,Middle
P3586,Zone4,Green-space-dominated,4,7,457874.0840999996,4443648.575200001,31.83360287801434,Middle
P3591,Zone4,Green-space-dominated,4,7,462874.0840999996,4443648.575200001,32.65825690117575,Middle
P3592,Zone4,Green-space-dominated,4,7,463874.0840999996,4443648.575200001,32.61060844772697,Middle
P3593,Zone4,Green-space-dominated,4,7,464874.0840999996,4443648.575200001,32.64271794945721,Middle
P3600,Zone4,Green-space-dominated,4,7,472874.0840999996,4443648.575200001,31.55467680315039,Middle
P3603,Zone4,Green-space-dominated,4,7,475874.0840999996,4443648.575200001,32.86150896652808,Middle
P3604,Zone4,Green-space-dominated,4,7,476874.0840999996,4443648.575200001,32.22079282570814,Middle
P3605,Zone4,Green-space-dominated,4,7,477874.0840999996,4443648.575200001,32.50258229426295,Middle
P3608,Zone4,Green-space-dominated,4,7,480874.0840999996,4443648.575200001,31.2017857836658,Low
P3610,Zone4,Green-space-dominated,4,7,482874.0840999996,4443648.575200001,31.65560925093593,Middle
P3611,Zone4,Green-space-dominated,4,7,483874.0840999996,4443648.575200001,31.11334429917293,Low
P3612,Zone4,Green-space-dominated,4,7,484874.0840999996,4443648.575200001,31.22381234484416,Low
P3613,Zone4,Green-space-dominated,4,7,485874.0840999996,4443648.575200001,31.57269325845573,Middle
P3614,Zone4,Green-space-dominated,4,7,486874.0840999996,4443648.575200001,31.66995600788953,Middle
P3617,Zone4,Green-space-dominated,4,7,489874.0840999996,4443648.575200001,31.5190925098468,Middle
P3618,Zone4,Green-space-dominated,4,7,490874.0840999996,4443648.575200001,31.03752159363481,Low
P3619,Zone4,Green-space-dominated,4,7,491874.0840999996,4443648.575200001,30.67330992581325,Low
P3620,Zone4,Green-space-dominated,4,7,492874.0840999996,4443648.575200001,30.43288977779824,Low
P3621,Zone4,Green-space-dominated,4,7,493874.0840999996,4443648.575200001,30.46521345224907,Low
P3625,Zone4,Green-space-dominated,4,7,429874.0840999996,4444648.575200001,31.65417318430235,Middle
P3627,Zone4,Green-space-dominated,4,7,455874.0840999996,4444648.575200001,31.77024062196589,Middle
P3629,Zone4,Green-space-dominated,4,7,457874.0840999996,4444648.575200001,31.74252358997757,Middle
P3634,Zone4,Green-space-dominated,4,7,462874.0840999996,4444648.575200001,31.94024417384176,Middle
P3635,Zone4,Green-space-dominated,4,7,463874.0840999996,4444648.575200001,31.89384496695266,Middle
P3636,Zone4,Green-space-dominated,4,7,464874.0840999996,4444648.575200001,32.48959328012459,Middle
P3637,Zone4,Green-space-dominated,4,7,465874.0840999996,4444648.575200001,32.99421928344713,Middle
P3639,Zone4,Green-space-dominated,4,7,467874.0840999996,4444648.575200001,32.73078794688216,Middle
P3640,Zone4,Green-space-dominated,4,7,468874.0840999996,4444648.575200001,32.93135995499192,Middle
P3643,Zone4,Green-space-dominated,4,7,472874.0840999996,4444648.575200001,31.27566343965851,Low
P3644,Zone4,Green-space-dominated,4,7,473874.0840999996,4444648.575200001,31.91433061958858,Middle
P3645,Zone4,Green-space-dominated,4,7,474874.0840999996,4444648.575200001,31.90225525559387,Middle
P3646,Zone4,Green-space-dominated,4,7,475874.0840999996,4444648.575200001,31.17035773261247,Low
P3648,Zone4,Green-space-dominated,4,7,477874.0840999996,4444648.575200001,31.36575104479377,Low
P3649,Zone4,Green-space-dominated,4,7,478874.0840999996,4444648.575200001,30.77783234726245,Low
P3650,Zone4,Green-space-dominated,4,7,479874.0840999996,4444648.575200001,30.60186536814611,Low
P3655,Zone4,Green-space-dominated,4,7,484874.0840999996,4444648.575200001,32.48954443845175,Middle
P3661,Zone4,Green-space-dominated,4,7,490874.0840999996,4444648.575200001,30.92956716635043,Low
P3663,Zone4,Green-space-dominated,4,7,492874.0840999996,4444648.575200001,30.9990240256458,Low
P3667,Zone4,Green-space-dominated,4,7,496874.0840999996,4444648.575200001,30.54686369350087,Low
P3668,Zone4,Green-space-dominated,4,7,430874.0840999996,4445648.575200001,31.66158698647489,Middle
P3669,Zone4,Green-space-dominated,4,7,455874.0840999996,4445648.575200001,32.09710033336955,Middle
P3671,Zone4,Green-space-dominated,4,7,457874.0840999996,4445648.575200001,31.90869119038684,Middle
P3672,Zone4,Green-space-dominated,4,7,458874.0840999996,4445648.575200001,31.72438155509166,Middle
P3675,Zone4,Green-space-dominated,4,7,461874.0840999996,4445648.575200001,31.70272896832324,Middle
P3676,Zone4,Green-space-dominated,4,7,462874.0840999996,4445648.575200001,31.60178149235395,Middle
P3677,Zone4,Green-space-dominated,4,7,463874.0840999996,4445648.575200001,31.83074598426908,Middle
P3678,Zone4,Green-space-dominated,4,7,464874.0840999996,4445648.575200001,32.3698133061464,Middle
P3679,Zone4,Green-space-dominated,4,7,465874.0840999996,4445648.575200001,32.9837166958635,Middle
P3685,Zone4,Green-space-dominated,4,7,471874.0840999996,4445648.575200001,31.5254467950276,Middle
P3686,Zone4,Green-space-dominated,4,7,473874.0840999996,4445648.575200001,31.97575912148673,Middle
P3688,Zone4,Green-space-dominated,4,7,475874.0840999996,4445648.575200001,31.26841315699991,Low
P3689,Zone4,Green-space-dominated,4,7,476874.0840999996,4445648.575200001,31.20937458945066,Low
P3690,Zone4,Green-space-dominated,4,7,477874.0840999996,4445648.575200001,31.23337858998436,Low
P3691,Zone4,Green-space-dominated,4,7,478874.0840999996,4445648.575200001,31.33470833966076,Low
P3692,Zone4,Green-space-dominated,4,7,479874.0840999996,4445648.575200001,31.41025580290484,Low
P3694,Zone4,Green-space-dominated,4,7,481874.0840999996,4445648.575200001,32.01315478677552,Middle
P3700,Zone4,Green-space-dominated,4,7,487874.0840999996,4445648.575200001,31.53239203718129,Middle
P3701,Zone4,Green-space-dominated,4,7,488874.0840999996,4445648.575200001,31.19553885223617,Low
P3702,Zone4,Green-space-dominated,4,7,489874.0840999996,4445648.575200001,30.91422520741885,Low
P3703,Zone4,Green-space-dominated,4,7,490874.0840999996,4445648.575200001,30.88216079576552,Low
P3706,Zone4,Green-space-dominated,4,7,493874.0840999996,4445648.575200001,31.0794695147744,Low
P3707,Zone4,Green-space-dominated,4,7,494874.0840999996,4445648.575200001,30.68145343641884,Low
P3708,Zone4,Green-space-dominated,4,7,495874.0840999996,4445648.575200001,30.30472279803895,Low
P3712,Zone4,Green-space-dominated,4,7,458874.0840999996,4446648.575200001,31.30636740397589,Low
P3713,Zone4,Green-space-dominated,4,7,459874.0840999996,4446648.575200001,31.27468595669461,Low
P3714,Zone4,Green-space-dominated,4,7,460874.0840999996,4446648.575200001,31.61658639281824,Middle
P3730,Zone4,Green-space-dominated,4,7,476874.0840999996,4446648.575200001,31.26521921009005,Low
P3731,Zone4,Green-space-dominated,4,7,477874.0840999996,4446648.575200001,31.18214989352497,Low
P3732,Zone4,Green-space-dominated,4,7,478874.0840999996,4446648.575200001,31.14670447050519,Low
P3733,Zone4,Green-space-dominated,4,7,479874.0840999996,4446648.575200001,31.06361561728754,Low
P3735,Zone4,Green-space-dominated,4,7,481874.0840999996,4446648.575200001,31.60661274726646,Middle
P3736,Zone4,Green-space-dominated,4,7,482874.0840999996,4446648.575200001,31.35815831205982,Low
P3738,Zone4,Green-space-dominated,4,7,484874.0840999996,4446648.575200001,31.90753712697949,Middle
P3741,Zone4,Green-space-dominated,4,7,487874.0840999996,4446648.575200001,31.29010701965744,Low
P3742,Zone4,Green-space-dominated,4,7,488874.0840999996,4446648.575200001,30.87640458649268,Low
P3743,Zone4,Green-space-dominated,4,7,489874.0840999996,4446648.575200001,30.69825175211622,Low
P3744,Zone4,Green-space-dominated,4,7,490874.0840999996,4446648.575200001,30.7767754709402,Low
P3746,Zone4,Green-space-dominated,4,7,492874.0840999996,4446648.575200001,30.8673530259154,Low
P3747,Zone4,Green-space-dominated,4,7,493874.0840999996,4446648.575200001,30.68699700463702,Low
P3748,Zone4,Green-space-dominated,4,7,494874.0840999996,4446648.575200001,30.48651598476734,Low
P3749,Zone4,Green-space-dominated,4,7,495874.0840999996,4446648.575200001,30.39003732089858,Low
P3752,Zone4,Green-space-dominated,4,7,458874.0840999996,4447648.575200001,31.32030420570577,Low
P3753,Zone4,Green-space-dominated,4,7,459874.0840999996,4447648.575200001,31.00948717413812,Low
P3754,Zone4,Green-space-dominated,4,7,460874.0840999996,4447648.575200001,31.16564578310669,Low
P3755,Zone4,Green-space-dominated,4,7,461874.0840999996,4447648.575200001,31.10851697021382,Low
P3756,Zone4,Green-space-dominated,4,7,462874.0840999996,4447648.575200001,31.15008327236431,Low
P3758,Zone4,Green-space-dominated,4,7,464874.0840999996,4447648.575200001,32.26912974029274,Middle
P3765,Zone4,Green-space-dominated,4,7,471874.0840999996,4447648.575200001,31.44963437685627,Middle
P3767,Zone4,Green-space-dominated,4,7,473874.0840999996,4447648.575200001,31.5298792912867,Middle
P3769,Zone4,Green-space-dominated,4,7,475874.0840999996,4447648.575200001,32.17044361504784,Middle
P3771,Zone4,Green-space-dominated,4,7,477874.0840999996,4447648.575200001,31.42431819265839,Middle
P3772,Zone4,Green-space-dominated,4,7,478874.0840999996,4447648.575200001,31.07564083675188,Low
P3773,Zone4,Green-space-dominated,4,7,479874.0840999996,4447648.575200001,31.03318953475371,Low
P3774,Zone4,Green-space-dominated,4,7,480874.0840999996,4447648.575200001,31.07502734745066,Low
P3776,Zone4,Green-space-dominated,4,7,482874.0840999996,4447648.575200001,31.30294901420434,Low
P3777,Zone4,Green-space-dominated,4,7,483874.0840999996,4447648.575200001,31.19632569434449,Low
P3778,Zone4,Green-space-dominated,4,7,484874.0840999996,4447648.575200001,31.1877968123957,Low
P3779,Zone4,Green-space-dominated,4,7,485874.0840999996,4447648.575200001,31.20295280975252,Low
P3780,Zone4,Green-space-dominated,4,7,486874.0840999996,4447648.575200001,31.18341071632643,Low
P3782,Zone4,Green-space-dominated,4,7,488874.0840999996,4447648.575200001,30.65551671604127,Low
P3783,Zone4,Green-space-dominated,4,7,489874.0840999996,4447648.575200001,30.55050534414608,Low
P3784,Zone4,Green-space-dominated,4,7,490874.0840999996,4447648.575200001,30.51952975497231,Low
P3786,Zone4,Green-space-dominated,4,7,492874.0840999996,4447648.575200001,30.48460363965852,Low
P3787,Zone4,Green-space-dominated,4,7,493874.0840999996,4447648.575200001,30.61074657910924,Low
P3788,Zone4,Green-space-dominated,4,7,494874.0840999996,4447648.575200001,30.74338274443507,Low
P3789,Zone4,Green-space-dominated,4,7,456874.0840999996,4448648.575200001,31.21193580407363,Low
P3790,Zone4,Green-space-dominated,4,7,457874.0840999996,4448648.575200001,31.28520943909631,Low
P3791,Zone4,Green-space-dominated,4,7,458874.0840999996,4448648.575200001,31.15496389826001,Low
P3792,Zone4,Green-space-dominated,4,7,459874.0840999996,4448648.575200001,31.14211254537641,Low
P3793,Zone4,Green-space-dominated,4,7,460874.0840999996,4448648.575200001,31.19125504134577,Low
P3795,Zone4,Green-space-dominated,4,7,462874.0840999996,4448648.575200001,31.59782527797346,Middle
P3796,Zone4,Green-space-dominated,4,7,463874.0840999996,4448648.575200001,31.81448876658849,Middle
P3797,Zone4,Green-space-dominated,4,7,464874.0840999996,4448648.575200001,32.35385095166587,Middle
P3800,Zone4,Green-space-dominated,4,7,467874.0840999996,4448648.575200001,32.89192716739386,Middle
P3804,Zone4,Green-space-dominated,4,7,471874.0840999996,4448648.575200001,31.25738175494937,Low
P3805,Zone4,Green-space-dominated,4,7,473874.0840999996,4448648.575200001,30.74078401936093,Low
P3810,Zone4,Green-space-dominated,4,7,478874.0840999996,4448648.575200001,31.54403835933902,Middle
P3811,Zone4,Green-space-dominated,4,7,479874.0840999996,4448648.575200001,31.47665586238652,Middle
P3812,Zone4,Green-space-dominated,4,7,480874.0840999996,4448648.575200001,31.53799823089327,Middle
P3814,Zone4,Green-space-dominated,4,7,482874.0840999996,4448648.575200001,31.4697305236147,Middle
P3815,Zone4,Green-space-dominated,4,7,483874.0840999996,4448648.575200001,31.21419020506565,Low
P3817,Zone4,Green-space-dominated,4,7,485874.0840999996,4448648.575200001,30.89787954402047,Low
P3818,Zone4,Green-space-dominated,4,7,486874.0840999996,4448648.575200001,30.92152995130286,Low
P3819,Zone4,Green-space-dominated,4,7,487874.0840999996,4448648.575200001,30.93998825789329,Low
P3820,Zone4,Green-space-dominated,4,7,488874.0840999996,4448648.575200001,30.72093081091695,Low
P3821,Zone4,Green-space-dominated,4,7,489874.0840999996,4448648.575200001,30.4577361208787,Low
P3822,Zone4,Green-space-dominated,4,7,490874.0840999996,4448648.575200001,30.2719065668656,Low
P3823,Zone4,Green-space-dominated,4,7,491874.0840999996,4448648.575200001,30.18031005292499,Low
P3826,Zone4,Green-space-dominated,4,7,494874.0840999996,4448648.575200001,30.79903451240313,Low
P3827,Zone4,Green-space-dominated,4,7,455874.0840999996,4449648.575200001,31.48916148634615,Middle
P3828,Zone4,Green-space-dominated,4,7,456874.0840999996,4449648.575200001,31.38012209533529,Low
P3829,Zone4,Green-space-dominated,4,7,457874.0840999996,4449648.575200001,31.41579012317058,Low
P3830,Zone4,Green-space-dominated,4,7,458874.0840999996,4449648.575200001,31.30544823113467,Low
P3831,Zone4,Green-space-dominated,4,7,459874.0840999996,4449648.575200001,31.34788649492633,Low
P3832,Zone4,Green-space-dominated,4,7,460874.0840999996,4449648.575200001,31.38239850764658,Low
P3833,Zone4,Green-space-dominated,4,7,461874.0840999996,4449648.575200001,31.71475207712449,Middle
P3834,Zone4,Green-space-dominated,4,7,462874.0840999996,4449648.575200001,32.07826562706865,Middle
P3835,Zone4,Green-space-dominated,4,7,463874.0840999996,4449648.575200001,32.16993428412133,Middle
P3837,Zone4,Green-space-dominated,4,7,465874.0840999996,4449648.575200001,32.67694851651415,Middle
P3839,Zone4,Green-space-dominated,4,7,467874.0840999996,4449648.575200001,32.57217894365921,Middle
P3845,Zone4,Green-space-dominated,4,7,474874.0840999996,4449648.575200001,31.75093933414449,Middle
P3849,Zone4,Green-space-dominated,4,7,478874.0840999996,4449648.575200001,32.21328685763692,Middle
P3851,Zone4,Green-space-dominated,4,7,480874.0840999996,4449648.575200001,31.92524444632429,Middle
P3852,Zone4,Green-space-dominated,4,7,481874.0840999996,4449648.575200001,31.33118748865402,Low
P3853,Zone4,Green-space-dominated,4,7,482874.0840999996,4449648.575200001,31.48370746346805,Middle
P3855,Zone4,Green-space-dominated,4,7,484874.0840999996,4449648.575200001,30.89672702483241,Low
P3856,Zone4,Green-space-dominated,4,7,485874.0840999996,4449648.575200001,30.46734677928087,Low
P3857,Zone4,Green-space-dominated,4,7,486874.0840999996,4449648.575200001,30.5801675714513,Low
P3858,Zone4,Green-space-dominated,4,7,487874.0840999996,4449648.575200001,30.76958212921044,Low
P3859,Zone4,Green-space-dominated,4,7,488874.0840999996,4449648.575200001,30.60134853912176,Low
P3860,Zone4,Green-space-dominated,4,7,489874.0840999996,4449648.575200001,30.43182784590198,Low
P3862,Zone4,Green-space-dominated,4,7,491874.0840999996,4449648.575200001,30.24762694880871,Low
P3863,Zone4,Green-space-dominated,4,7,492874.0840999996,4449648.575200001,30.28255327687424,Low
P3864,Zone4,Green-space-dominated,4,7,493874.0840999996,4449648.575200001,30.31167144542899,Low
P3865,Zone4,Green-space-dominated,4,7,454874.0840999996,4450648.575200001,31.6003685244678,Middle
P3867,Zone4,Green-space-dominated,4,7,456874.0840999996,4450648.575200001,31.43073616064654,Middle
P3870,Zone4,Green-space-dominated,4,7,459874.0840999996,4450648.575200001,31.63968886715631,Middle
P3871,Zone4,Green-space-dominated,4,7,460874.0840999996,4450648.575200001,31.96963891286874,Middle
P3874,Zone4,Green-space-dominated,4,7,463874.0840999996,4450648.575200001,32.26867206753946,Middle
P3875,Zone4,Green-space-dominated,4,7,464874.0840999996,4450648.575200001,32.32802431851659,Middle
P3877,Zone4,Green-space-dominated,4,7,466874.0840999996,4450648.575200001,32.49396400542174,Middle
P3878,Zone4,Green-space-dominated,4,7,467874.0840999996,4450648.575200001,32.68053961491819,Middle
P3882,Zone4,Green-space-dominated,4,7,473874.0840999996,4450648.575200001,30.81379156466308,Low
P3883,Zone4,Green-space-dominated,4,7,474874.0840999996,4450648.575200001,31.39952928487688,Low
P3887,Zone4,Green-space-dominated,4,7,478874.0840999996,4450648.575200001,32.38296666869964,Middle
P3888,Zone4,Green-space-dominated,4,7,479874.0840999996,4450648.575200001,32.03202875953798,Middle
P3890,Zone4,Green-space-dominated,4,7,481874.0840999996,4450648.575200001,31.23524882073097,Low
P3891,Zone4,Green-space-dominated,4,7,482874.0840999996,4450648.575200001,31.35694872396822,Low
P3893,Zone4,Green-space-dominated,4,7,484874.0840999996,4450648.575200001,30.97656793546653,Low
P3894,Zone4,Green-space-dominated,4,7,485874.0840999996,4450648.575200001,30.72660979513137,Low
P3895,Zone4,Green-space-dominated,4,7,486874.0840999996,4450648.575200001,30.70254489187671,Low
P3896,Zone4,Green-space-dominated,4,7,487874.0840999996,4450648.575200001,30.73487182874257,Low
P3897,Zone4,Green-space-dominated,4,7,488874.0840999996,4450648.575200001,30.56516814622585,Low
P3898,Zone4,Green-space-dominated,4,7,489874.0840999996,4450648.575200001,30.50446838836741,Low
P3899,Zone4,Green-space-dominated,4,7,490874.0840999996,4450648.575200001,30.37199632886633,Low
P3900,Zone4,Green-space-dominated,4,7,491874.0840999996,4450648.575200001,30.25787849278819,Low
P3902,Zone4,Green-space-dominated,4,7,454874.0840999996,4451648.575200001,31.26228360095675,Low
P3904,Zone4,Green-space-dominated,4,7,456874.0840999996,4451648.575200001,31.02299588639493,Low
P3910,Zone4,Green-space-dominated,4,7,462874.0840999996,4451648.575200001,32.73994763840395,Middle
P3911,Zone4,Green-space-dominated,4,7,463874.0840999996,4451648.575200001,32.12672907480081,Middle
P3914,Zone4,Green-space-dominated,4,7,466874.0840999996,4451648.575200001,32.03537266566772,Middle
P3921,Zone4,Green-space-dominated,4,7,474874.0840999996,4451648.575200001,31.03868135495224,Low
P3922,Zone4,Green-space-dominated,4,7,475874.0840999996,4451648.575200001,31.33231558301987,Low
P3926,Zone4,Green-space-dominated,4,7,479874.0840999996,4451648.575200001,31.54209172603377,Middle
P3927,Zone4,Green-space-dominated,4,7,480874.0840999996,4451648.575200001,31.16674172172679,Low
P3929,Zone4,Green-space-dominated,4,7,482874.0840999996,4451648.575200001,31.11842291694561,Low
P3930,Zone4,Green-space-dominated,4,7,483874.0840999996,4451648.575200001,31.00659960155258,Low
P3931,Zone4,Green-space-dominated,4,7,484874.0840999996,4451648.575200001,30.7554642633608,Low
P3932,Zone4,Green-space-dominated,4,7,485874.0840999996,4451648.575200001,30.89687038707163,Low
P3933,Zone4,Green-space-dominated,4,7,486874.0840999996,4451648.575200001,30.81263668316549,Low
P3934,Zone4,Green-space-dominated,4,7,487874.0840999996,4451648.575200001,30.54964081241299,Low
P3935,Zone4,Green-space-dominated,4,7,488874.0840999996,4451648.575200001,30.37318831539359,Low
P3936,Zone4,Green-space-dominated,4,7,489874.0840999996,4451648.575200001,30.21393826193982,Low
P3937,Zone4,Green-space-dominated,4,7,490874.0840999996,4451648.575200001,30.16219716180786,Low
P3938,Zone4,Green-space-dominated,4,7,491874.0840999996,4451648.575200001,30.04563392899405,Low
P3939,Zone4,Green-space-dominated,4,7,492874.0840999996,4451648.575200001,29.65947847529125,Low
P3940,Zone4,Green-space-dominated,4,7,493874.0840999996,4451648.575200001,29.67942651263261,Low
P3941,Zone4,Green-space-dominated,4,7,455874.0840999996,4452648.575200001,30.71254190904729,Low
P3942,Zone4,Green-space-dominated,4,7,456874.0840999996,4452648.575200001,30.48881328051606,Low
P3943,Zone4,Green-space-dominated,4,7,457874.0840999996,4452648.575200001,30.45326323332075,Low
P3944,Zone4,Green-space-dominated,4,7,458874.0840999996,4452648.575200001,30.68790260580242,Low
P3945,Zone4,Green-space-dominated,4,7,459874.0840999996,4452648.575200001,31.42741418725936,Middle
P3948,Zone4,Green-space-dominated,4,7,462874.0840999996,4452648.575200001,32.66336674057125,Middle
P3949,Zone4,Green-space-dominated,4,7,463874.0840999996,4452648.575200001,32.109807171354,Middle
P3951,Zone4,Green-space-dominated,4,7,465874.0840999996,4452648.575200001,31.73181647924832,Middle
P3952,Zone4,Green-space-dominated,4,7,466874.0840999996,4452648.575200001,31.54370250894929,Middle
P3955,Zone4,Green-space-dominated,4,7,469874.0840999996,4452648.575200001,33.29446011708593,Middle
P3958,Zone4,Green-space-dominated,4,7,473874.0840999996,4452648.575200001,30.48057455244105,Low
P3960,Zone4,Green-space-dominated,4,7,475874.0840999996,4452648.575200001,30.97088624770487,Low
P3961,Zone4,Green-space-dominated,4,7,476874.0840999996,4452648.575200001,31.22597199546371,Low
P3962,Zone4,Green-space-dominated,4,7,477874.0840999996,4452648.575200001,31.19769142810347,Low
P3964,Zone4,Green-space-dominated,4,7,479874.0840999996,4452648.575200001,31.24969113222947,Low
P3967,Zone4,Green-space-dominated,4,7,482874.0840999996,4452648.575200001,30.7796511110188,Low
P3968,Zone4,Green-space-dominated,4,7,483874.0840999996,4452648.575200001,30.55638900222663,Low
P3969,Zone4,Green-space-dominated,4,7,484874.0840999996,4452648.575200001,30.58123309172844,Low
P3970,Zone4,Green-space-dominated,4,7,485874.0840999996,4452648.575200001,30.94920027185282,Low
P3971,Zone4,Green-space-dominated,4,7,486874.0840999996,4452648.575200001,30.94795547319448,Low
P3973,Zone4,Green-space-dominated,4,7,488874.0840999996,4452648.575200001,30.78220233048609,Low
P3974,Zone4,Green-space-dominated,4,7,489874.0840999996,4452648.575200001,30.36429808984703,Low
P3975,Zone4,Green-space-dominated,4,7,490874.0840999996,4452648.575200001,29.92479521949121,Low
P3977,Zone4,Green-space-dominated,4,7,455874.0840999996,4453648.575200001,30.44102559313182,Low
P3978,Zone4,Green-space-dominated,4,7,456874.0840999996,4453648.575200001,30.1821879520116,Low
P3979,Zone4,Green-space-dominated,4,7,457874.0840999996,4453648.575200001,30.24590668441601,Low
P3980,Zone4,Green-space-dominated,4,7,458874.0840999996,4453648.575200001,30.43197490552746,Low
P3981,Zone4,Green-space-dominated,4,7,459874.0840999996,4453648.575200001,30.87153934027639,Low
P3982,Zone4,Green-space-dominated,4,7,460874.0840999996,4453648.575200001,31.41630326596184,Low
P3983,Zone4,Green-space-dominated,4,7,461874.0840999996,4453648.575200001,31.56170530739006,Middle
P3984,Zone4,Green-space-dominated,4,7,462874.0840999996,4453648.575200001,31.80605822618071,Middle
P3986,Zone4,Green-space-dominated,4,7,464874.0840999996,4453648.575200001,31.44588972766829,Middle
P3987,Zone4,Green-space-dominated,4,7,465874.0840999996,4453648.575200001,31.3743967979099,Low
P3988,Zone4,Green-space-dominated,4,7,466874.0840999996,4453648.575200001,31.35582795610724,Low
P3989,Zone4,Green-space-dominated,4,7,467874.0840999996,4453648.575200001,31.43601642090508,Middle
P3992,Zone4,Green-space-dominated,4,7,470874.0840999996,4453648.575200001,31.86446561725236,Middle
P3994,Zone4,Green-space-dominated,4,7,474874.0840999996,4453648.575200001,30.78098618304644,Low
P3995,Zone4,Green-space-dominated,4,7,475874.0840999996,4453648.575200001,30.95370327885628,Low
P3999,Zone4,Green-space-dominated,4,7,479874.0840999996,4453648.575200001,31.46395339504378,Middle
P4001,Zone4,Green-space-dominated,4,7,481874.0840999996,4453648.575200001,31.06834456389889,Low
P4002,Zone4,Green-space-dominated,4,7,482874.0840999996,4453648.575200001,31.07452627512462,Low
P4003,Zone4,Green-space-dominated,4,7,483874.0840999996,4453648.575200001,30.68389189439394,Low
P4004,Zone4,Green-space-dominated,4,7,484874.0840999996,4453648.575200001,30.59533963849672,Low
P4005,Zone4,Green-space-dominated,4,7,485874.0840999996,4453648.575200001,30.77096258352587,Low
P4006,Zone4,Green-space-dominated,4,7,486874.0840999996,4453648.575200001,30.7841194172553,Low
P4007,Zone4,Green-space-dominated,4,7,487874.0840999996,4453648.575200001,30.71753066405292,Low
P4008,Zone4,Green-space-dominated,4,7,488874.0840999996,4453648.575200001,30.56025636038714,Low
P4009,Zone4,Green-space-dominated,4,7,489874.0840999996,4453648.575200001,29.94656262724713,Low
P4011,Zone4,Green-space-dominated,4,7,456874.0840999996,4454648.575200001,30.25767237507427,Low
P4012,Zone4,Green-space-dominated,4,7,457874.0840999996,4454648.575200001,30.35246099139613,Low
P4013,Zone4,Green-space-dominated,4,7,458874.0840999996,4454648.575200001,30.65127281405328,Low
P4014,Zone4,Green-space-dominated,4,7,459874.0840999996,4454648.575200001,30.72636415440747,Low
P4015,Zone4,Green-space-dominated,4,7,460874.0840999996,4454648.575200001,30.59412288786016,Low
P4016,Zone4,Green-space-dominated,4,7,461874.0840999996,4454648.575200001,30.78583044251543,Low
P4017,Zone4,Green-space-dominated,4,7,462874.0840999996,4454648.575200001,31.13573500814307,Low
P4018,Zone4,Green-space-dominated,4,7,463874.0840999996,4454648.575200001,31.11944654929954,Low
P4019,Zone4,Green-space-dominated,4,7,464874.0840999996,4454648.575200001,31.12685802876534,Low
P4020,Zone4,Green-space-dominated,4,7,465874.0840999996,4454648.575200001,31.10324167249899,Low
P4022,Zone4,Green-space-dominated,4,7,467874.0840999996,4454648.575200001,31.14013072319209,Low
P4023,Zone4,Green-space-dominated,4,7,468874.0840999996,4454648.575200001,31.55463006440074,Middle
P4024,Zone4,Green-space-dominated,4,7,469874.0840999996,4454648.575200001,31.70822424843703,Middle
P4025,Zone4,Green-space-dominated,4,7,470874.0840999996,4454648.575200001,30.9718647529358,Low
P4026,Zone4,Green-space-dominated,4,7,474874.0840999996,4454648.575200001,30.45722940725273,Low
P4027,Zone4,Green-space-dominated,4,7,475874.0840999996,4454648.575200001,30.88784522919131,Low
P4028,Zone4,Green-space-dominated,4,7,476874.0840999996,4454648.575200001,31.05368240091558,Low
P4030,Zone4,Green-space-dominated,4,7,478874.0840999996,4454648.575200001,31.18683096781015,Low
P4034,Zone4,Green-space-dominated,4,7,482874.0840999996,4454648.575200001,31.42119085111887,Middle
P4035,Zone4,Green-space-dominated,4,7,483874.0840999996,4454648.575200001,30.97712697389094,Low
P4037,Zone4,Green-space-dominated,4,7,485874.0840999996,4454648.575200001,30.3104595755382,Low
P4038,Zone4,Green-space-dominated,4,7,486874.0840999996,4454648.575200001,30.5527051695442,Low
P4039,Zone4,Green-space-dominated,4,7,487874.0840999996,4454648.575200001,30.68646412144199,Low
P4040,Zone4,Green-space-dominated,4,7,488874.0840999996,4454648.575200001,30.60851280618138,Low
P4042,Zone4,Green-space-dominated,4,7,456874.0840999996,4455648.575200001,30.14972278982635,Low
P4043,Zone4,Green-space-dominated,4,7,457874.0840999996,4455648.575200001,30.3555014617898,Low
P4044,Zone4,Green-space-dominated,4,7,458874.0840999996,4455648.575200001,30.65411999196582,Low
P4046,Zone4,Green-space-dominated,4,7,460874.0840999996,4455648.575200001,30.46578615767762,Low
P4047,Zone4,Green-space-dominated,4,7,461874.0840999996,4455648.575200001,30.4367326062897,Low
P4048,Zone4,Green-space-dominated,4,7,462874.0840999996,4455648.575200001,30.56832515081293,Low
P4049,Zone4,Green-space-dominated,4,7,463874.0840999996,4455648.575200001,30.72587800217523,Low
P4050,Zone4,Green-space-dominated,4,7,464874.0840999996,4455648.575200001,30.7556968120181,Low
P4051,Zone4,Green-space-dominated,4,7,465874.0840999996,4455648.575200001,30.87823021675744,Low
P4052,Zone4,Green-space-dominated,4,7,467874.0840999996,4455648.575200001,31.24655212994626,Low
P4053,Zone4,Green-space-dominated,4,7,468874.0840999996,4455648.575200001,31.54106378502661,Middle
P4054,Zone4,Green-space-dominated,4,7,469874.0840999996,4455648.575200001,31.6149332557267,Middle
P4055,Zone4,Green-space-dominated,4,7,470874.0840999996,4455648.575200001,31.47813430441127,Middle
P4056,Zone4,Green-space-dominated,4,7,475874.0840999996,4455648.575200001,30.86340365119187,Low
P4057,Zone4,Green-space-dominated,4,7,476874.0840999996,4455648.575200001,31.06479655141198,Low
P4058,Zone4,Green-space-dominated,4,7,477874.0840999996,4455648.575200001,31.12673387969727,Low
P4059,Zone4,Green-space-dominated,4,7,478874.0840999996,4455648.575200001,31.16211614992932,Low
P4061,Zone4,Green-space-dominated,4,7,480874.0840999996,4455648.575200001,31.83277145833375,Middle
P4062,Zone4,Green-space-dominated,4,7,481874.0840999996,4455648.575200001,32.08303843479403,Middle
P4064,Zone4,Green-space-dominated,4,7,483874.0840999996,4455648.575200001,30.89081795673462,Low
P4065,Zone4,Green-space-dominated,4,7,484874.0840999996,4455648.575200001,30.33939369439373,Low
P4067,Zone4,Green-space-dominated,4,7,486874.0840999996,4455648.575200001,30.94294123253111,Low
P4068,Zone4,Green-space-dominated,4,7,487874.0840999996,4455648.575200001,30.79678726204007,Low
P4069,Zone4,Green-space-dominated,4,7,488874.0840999996,4455648.575200001,30.24034787954899,Low
P4070,Zone4,Green-space-dominated,4,7,459874.0840999996,4456648.575200001,30.52594337842001,Low
P4071,Zone4,Green-space-dominated,4,7,460874.0840999996,4456648.575200001,30.60868839411633,Low
P4072,Zone4,Green-space-dominated,4,7,461874.0840999996,4456648.575200001,30.61451770086741,Low
P4073,Zone4,Green-space-dominated,4,7,462874.0840999996,4456648.575200001,30.33793273747855,Low
P4074,Zone4,Green-space-dominated,4,7,463874.0840999996,4456648.575200001,30.35821054890001,Low
P4075,Zone4,Green-space-dominated,4,7,464874.0840999996,4456648.575200001,30.75902504984553,Low
P4077,Zone4,Green-space-dominated,4,7,470874.0840999996,4456648.575200001,31.9994354765594,Middle
P4078,Zone4,Green-space-dominated,4,7,476874.0840999996,4456648.575200001,30.94307033963084,Low
P4079,Zone4,Green-space-dominated,4,7,477874.0840999996,4456648.575200001,30.96201331099429,Low
P4080,Zone4,Green-space-dominated,4,7,479874.0840999996,4456648.575200001,30.75124484969286,Low
P4081,Zone4,Green-space-dominated,4,7,480874.0840999996,4456648.575200001,31.36860918232162,Low
P4082,Zone4,Green-space-dominated,4,7,481874.0840999996,4456648.575200001,31.75608223787343,Middle
P4083,Zone4,Green-space-dominated,4,7,482874.0840999996,4456648.575200001,31.55617562353739,Middle
P4084,Zone4,Green-space-dominated,4,7,483874.0840999996,4456648.575200001,30.68626933209928,Low
P4085,Zone4,Green-space-dominated,4,7,484874.0840999996,4456648.575200001,30.50330737182871,Low
P4086,Zone4,Green-space-dominated,4,7,485874.0840999996,4456648.575200001,30.60120228913092,Low
P4087,Zone4,Green-space-dominated,4,7,486874.0840999996,4456648.575200001,30.46012902189422,Low
P4088,Zone4,Green-space-dominated,4,7,487874.0840999996,4456648.575200001,29.94828058732115,Low
P4090,Zone4,Green-space-dominated,4,7,460874.0840999996,4457648.575200001,30.84440143656776,Low
P4091,Zone4,Green-space-dominated,4,7,461874.0840999996,4457648.575200001,31.14564141342155,Low
P4092,Zone4,Green-space-dominated,4,7,462874.0840999996,4457648.575200001,31.00711369453349,Low
P4093,Zone4,Green-space-dominated,4,7,476874.0840999996,4457648.575200001,30.7946822840703,Low
P4094,Zone4,Green-space-dominated,4,7,477874.0840999996,4457648.575200001,30.7938676743777,Low
P4095,Zone4,Green-space-dominated,4,7,478874.0840999996,4457648.575200001,30.71937052919608,Low
P4096,Zone4,Green-space-dominated,4,7,480874.0840999996,4457648.575200001,31.12808111089813,Low
P4097,Zone4,Green-space-dominated,4,7,481874.0840999996,4457648.575200001,30.86540884037601,Low
P4098,Zone4,Green-space-dominated,4,7,482874.0840999996,4457648.575200001,30.6823809010788,Low
P4099,Zone4,Green-space-dominated,4,7,483874.0840999996,4457648.575200001,30.34495254964928,Low
P4100,Zone4,Green-space-dominated,4,7,484874.0840999996,4457648.575200001,30.14477416662042,Low
P4101,Zone4,Green-space-dominated,4,7,485874.0840999996,4457648.575200001,29.77488528818391,Low
P4103,Zone4,Green-space-dominated,4,7,487874.0840999996,4457648.575200001,28.77054778888634,Low
P4104,Zone4,Green-space-dominated,4,7,488874.0840999996,4457648.575200001,29.02434440670768,Low
P4105,Zone4,Green-space-dominated,4,7,477874.0840999996,4458648.575200001,30.70389074731711,Low
P4107,Zone4,Green-space-dominated,4,7,483874.0840999996,4458648.575200001,29.80466500012103,Low
P4108,Zone4,Green-space-dominated,4,7,484874.0840999996,4458648.575200001,29.39078619958047,Low
P4109,Zone4,Green-space-dominated,4,7,485874.0840999996,4458648.575200001,28.96614522151949,Low
P4111,Zone4,Green-space-dominated,4,7,487874.0840999996,4458648.575200001,28.84854073771487,Low
P4112,Zone4,Green-space-dominated,4,7,481874.0840999996,4459648.575200001,31.25298063140878,Low
P4113,Zone4,Green-space-dominated,4,7,484874.0840999996,4459648.575200001,28.99775147310809,Low
P4114,Zone4,Green-space-dominated,4,7,485874.0840999996,4459648.575200001,28.44256371317253,Low
