zone,model,feature,value,predicted_PWP,source_id
Zone1,gbdt,BCORE_Pct,34.760485297469245,34.167778513719476,Zone1_gbdt
Zone1,gbdt,BCORE_Pct,35.3087165134569,34.167778513719476,Zone1_gbdt
Zone1,gbdt,BCORE_Pct,35.85694772944455,34.16755175167422,Zone1_gbdt
Zone1,gbdt,BCORE_Pct,36.405178945432205,34.16755175167422,Zone1_gbdt
Zone1,gbdt,BCORE_Pct,36.95341016141986,34.16755175167422,Zone1_gbdt
Zone1,gbdt,BCORE_Pct,37.50164137740751,34.16755175167422,Zone1_gbdt
Zone1,gbdt,BCORE_Pct,38.049872593395165,34.16755175167422,Zone1_gbdt
Zone1,gbdt,BCORE_Pct,38.59810380938282,34.16755175167422,Zone1_gbdt
Zone1,gbdt,BCORE_Pct,39.146335025370476,34.16755175167422,Zone1_gbdt
Zone1,gbdt,BCORE_Pct,39.694566241358125,34.16735766580383,Zone1_gbdt
Zone1,gbdt,BCORE_Pct,40.24279745734578,34.16735766580383,Zone1_gbdt
Zone1,gbdt,BCORE_Pct,40.79102867333343,34.16735766580383,Zone1_gbdt
Zone1,gbdt,BCORE_Pct,41.339259889321085,34.16735766580383,Zone1_gbdt
Zone1,gbdt,BCORE_Pct,41.88749110530874,34.16735766580383,Zone1_gbdt
Zone1,gbdt,BCORE_Pct,42.435722321296396,34.16735766580383,Zone1_gbdt
Zone1,gbdt,BCORE_Pct,42.983953537284044,34.16735766580383,Zone1_gbdt
Zone1,gbdt,BCORE_Pct,43.5321847532717,34.16735766580383,Zone1_gbdt
Zone1,gbdt,BCORE_Pct,44.080415969259356,34.16735766580383,Zone1_gbdt
Zone1,gbdt,BCORE_Pct,44.628647185247004,34.16735766580383,Zone1_gbdt
Zone1,gbdt,BCORE_Pct,45.17687840123466,34.16735766580383,Zone1_gbdt
Zone1,gbdt,BCORE_Pct,45.725109617222316,34.16735766580383,Zone1_gbdt
Zone1,gbdt,BCORE_Pct,46.27334083320997,34.16735766580383,Zone1_gbdt
Zone1,gbdt,BCORE_Pct,46.82157204919762,34.16735766580383,Zone1_gbdt
Zone1,gbdt,BCORE_Pct,47.369803265185276,34.16735766580383,Zone1_gbdt
Zone1,gbdt,BCORE_Pct,47.918034481172924,34.1734652478217,Zone1_gbdt
Zone1,gbdt,BCORE_Pct,48.46626569716058,34.18138127535722,Zone1_gbdt
Zone1,gbdt,BCORE_Pct,49.014496913148236,34.18138127535722,Zone1_gbdt
Zone1,gbdt,BCORE_Pct,49.56272812913589,34.18138127535722,Zone1_gbdt
Zone1,gbdt,BCORE_Pct,50.11095934512354,34.18138127535722,Zone1_gbdt
Zone1,gbdt,BCORE_Pct,50.659190561111195,34.18138127535722,Zone1_gbdt
Zone1,gbdt,BCORE_Pct,51.207421777098844,34.18138127535722,Zone1_gbdt
Zone1,gbdt,BCORE_Pct,51.7556529930865,34.18138127535722,Zone1_gbdt
Zone1,gbdt,BCORE_Pct,52.303884209074155,34.18138127535722,Zone1_gbdt
Zone1,gbdt,BCORE_Pct,52.85211542506181,34.18248473606226,Zone1_gbdt
Zone1,gbdt,BCORE_Pct,53.40034664104947,34.18248473606226,Zone1_gbdt
Zone1,gbdt,BCORE_Pct,53.948577857037115,34.17539214128288,Zone1_gbdt
Zone1,gbdt,BCORE_Pct,54.49680907302477,34.22316144827769,Zone1_gbdt
Zone1,gbdt,BCORE_Pct,55.04504028901242,34.22316144827769,Zone1_gbdt
Zone1,gbdt,BCORE_Pct,55.593271505000075,34.22316144827769,Zone1_gbdt
Zone1,gbdt,BCORE_Pct,56.14150272098773,34.22316144827769,Zone1_gbdt
Zone1,gbdt,BCORE_Pct,56.68973393697539,34.22316144827769,Zone1_gbdt
Zone1,gbdt,BCORE_Pct,57.237965152963035,34.22316144827769,Zone1_gbdt
Zone1,gbdt,BCORE_Pct,57.78619636895069,34.22316144827769,Zone1_gbdt
Zone1,gbdt,BCORE_Pct,58.33442758493834,34.22316144827769,Zone1_gbdt
Zone1,gbdt,BCORE_Pct,58.882658800925995,34.22316144827769,Zone1_gbdt
Zone1,gbdt,BCORE_Pct,59.43089001691365,34.22316144827769,Zone1_gbdt
Zone1,gbdt,BCORE_Pct,59.979121232901306,34.22316144827769,Zone1_gbdt
Zone1,gbdt,BCORE_Pct,60.52735244888896,34.22316144827769,Zone1_gbdt
Zone1,gbdt,BCORE_Pct,61.07558366487661,34.233565525804174,Zone1_gbdt
Zone1,gbdt,BCORE_Pct,61.62381488086426,34.233565525804174,Zone1_gbdt
Zone1,gbdt,BCORE_Pct,62.172046096851915,34.233565525804174,Zone1_gbdt
Zone1,gbdt,BCORE_Pct,62.72027731283957,34.233565525804174,Zone1_gbdt
Zone1,gbdt,BCORE_Pct,63.268508528827226,34.233565525804174,Zone1_gbdt
Zone1,gbdt,BCORE_Pct,63.81673974481488,34.233565525804174,Zone1_gbdt
Zone1,gbdt,BCORE_Pct,64.36497096080254,34.233565525804174,Zone1_gbdt
Zone1,gbdt,BCORE_Pct,64.91320217679018,34.233565525804174,Zone1_gbdt
Zone1,gbdt,BCORE_Pct,65.46143339277783,34.233565525804174,Zone1_gbdt
Zone1,gbdt,BCORE_Pct,66.00966460876549,34.233565525804174,Zone1_gbdt
Zone1,gbdt,BCORE_Pct,66.55789582475315,34.233565525804174,Zone1_gbdt
Zone1,gbdt,BCORE_Pct,67.1061270407408,34.233565525804174,Zone1_gbdt
Zone1,gbdt,BCORE_Pct,67.65435825672844,34.233565525804174,Zone1_gbdt
Zone1,gbdt,BCORE_Pct,68.20258947271611,34.233565525804174,Zone1_gbdt
Zone1,gbdt,BCORE_Pct,68.75082068870375,34.233565525804174,Zone1_gbdt
Zone1,gbdt,BCORE_Pct,69.29905190469141,34.233565525804174,Zone1_gbdt
Zone1,gbdt,BCORE_Pct,69.84728312067907,34.239674261514175,Zone1_gbdt
Zone1,gbdt,BCORE_Pct,70.39551433666672,34.245057158703894,Zone1_gbdt
Zone1,gbdt,BCORE_Pct,70.94374555265438,34.245057158703894,Zone1_gbdt
Zone1,gbdt,BCORE_Pct,71.49197676864202,34.245057158703894,Zone1_gbdt
Zone1,gbdt,BCORE_Pct,72.04020798462969,34.245057158703894,Zone1_gbdt
Zone1,gbdt,BCORE_Pct,72.58843920061733,34.24866190906577,Zone1_gbdt
Zone1,gbdt,BCORE_Pct,73.13667041660499,34.25801703510022,Zone1_gbdt
Zone1,gbdt,BCORE_Pct,73.68490163259264,34.25801703510022,Zone1_gbdt
Zone1,gbdt,BCORE_Pct,74.2331328485803,34.25801703510022,Zone1_gbdt
Zone1,gbdt,BCORE_Pct,74.78136406456795,34.25801703510022,Zone1_gbdt
Zone1,gbdt,BCORE_Pct,75.3295952805556,34.25801703510022,Zone1_gbdt
Zone1,gbdt,BCORE_Pct,75.87782649654326,34.28682612114765,Zone1_gbdt
Zone1,gbdt,BCORE_Pct,76.4260577125309,34.28682612114765,Zone1_gbdt
Zone1,gbdt,BCORE_Pct,76.97428892851856,34.28682612114765,Zone1_gbdt
Zone1,gbdt,BCORE_Pct,77.52252014450622,34.310808245005994,Zone1_gbdt
Zone1,gbdt,BCORE_Pct,78.07075136049386,34.310808245005994,Zone1_gbdt
Zone1,gbdt,BCORE_Pct,78.61898257648153,34.310808245005994,Zone1_gbdt
Zone1,gbdt,BCORE_Pct,79.16721379246917,34.310808245005994,Zone1_gbdt
Zone1,gbdt,BCORE_Pct,79.71544500845683,34.310808245005994,Zone1_gbdt
Zone1,gbdt,BCORE_Pct,80.26367622444448,34.310808245005994,Zone1_gbdt
Zone1,gbdt,BCORE_Pct,80.81190744043214,34.310808245005994,Zone1_gbdt
Zone1,gbdt,BCORE_Pct,81.36013865641979,34.2891066107539,Zone1_gbdt
Zone1,gbdt,BCORE_Pct,81.90836987240743,34.2891066107539,Zone1_gbdt
Zone1,gbdt,BCORE_Pct,82.4566010883951,34.2891066107539,Zone1_gbdt
Zone1,gbdt,BCORE_Pct,83.00483230438275,34.2891066107539,Zone1_gbdt
Zone1,gbdt,BCORE_Pct,83.5530635203704,34.2891066107539,Zone1_gbdt
Zone1,gbdt,BCORE_Pct,84.10129473635806,34.28513098218718,Zone1_gbdt
Zone1,gbdt,BCORE_Pct,84.64952595234571,34.285193555729975,Zone1_gbdt
Zone1,gbdt,BCORE_Pct,85.19775716833337,34.285193555729975,Zone1_gbdt
Zone1,gbdt,BCORE_Pct,85.74598838432101,34.285193555729975,Zone1_gbdt
Zone1,gbdt,BCORE_Pct,86.29421960030868,34.285193555729975,Zone1_gbdt
Zone1,gbdt,BCORE_Pct,86.84245081629632,34.285193555729975,Zone1_gbdt
Zone1,gbdt,BCORE_Pct,87.39068203228398,34.285193555729975,Zone1_gbdt
Zone1,gbdt,BCORE_Pct,87.93891324827163,34.285193555729975,Zone1_gbdt
Zone1,gbdt,BCORE_Pct,88.48714446425927,34.285193555729975,Zone1_gbdt
Zone1,gbdt,BCORE_Pct,89.03537568024694,34.285193555729975,Zone1_gbdt
Zone1,gbdt,BCORE_Pct,89.58360689623458,34.285193555729975,Zone1_gbdt
Zone1,gbdt,BCORE_Pct,90.13183811222224,34.285193555729975,Zone1_gbdt
Zone1,gbdt,BCORE_Pct,90.6800693282099,34.28207352465474,Zone1_gbdt
Zone1,gbdt,BCORE_Pct,91.22830054419755,34.260287923678185,Zone1_gbdt
Zone1,gbdt,BCORE_Pct,91.77653176018521,34.26392536731663,Zone1_gbdt
Zone1,gbdt,BCORE_Pct,92.32476297617285,34.26392536731663,Zone1_gbdt
Zone1,gbdt,BCORE_Pct,92.87299419216052,34.25649476190059,Zone1_gbdt
Zone1,gbdt,BCORE_Pct,93.42122540814816,34.25649476190059,Zone1_gbdt
Zone1,gbdt,BCORE_Pct,93.96945662413582,34.26353479431903,Zone1_gbdt
Zone1,gbdt,BCORE_Pct,94.51768784012347,34.26353479431903,Zone1_gbdt
Zone1,gbdt,BCORE_Pct,95.06591905611113,34.26353479431903,Zone1_gbdt
Zone1,gbdt,BCORE_Pct,95.61415027209878,34.26353479431903,Zone1_gbdt
Zone1,gbdt,BCORE_Pct,96.16238148808642,34.272625107863085,Zone1_gbdt
Zone1,gbdt,BCORE_Pct,96.7106127040741,34.26141008138266,Zone1_gbdt
Zone1,gbdt,BCORE_Pct,97.25884392006174,34.25566289649701,Zone1_gbdt
Zone1,gbdt,BCORE_Pct,97.80707513604939,34.24474305602301,Zone1_gbdt
Zone1,gbdt,BCORE_Pct,98.35530635203705,34.239810744330406,Zone1_gbdt
Zone1,gbdt,BCORE_Pct,98.9035375680247,34.24657678101567,Zone1_gbdt
Zone1,gbdt,BCORE_Pct,99.45176878401236,34.25084040770104,Zone1_gbdt
Zone1,gbdt,BCORE_Pct,100,34.78979001760657,Zone1_gbdt
Zone1,gbdt,BEDGE_Pct,0,34.703647532857886,Zone1_gbdt
Zone1,gbdt,BEDGE_Pct,0.25210696283620193,34.66090582426829,Zone1_gbdt
Zone1,gbdt,BEDGE_Pct,0.5042139256724039,34.66177347537184,Zone1_gbdt
Zone1,gbdt,BEDGE_Pct,0.7563208885086058,34.080841948714735,Zone1_gbdt
Zone1,gbdt,BEDGE_Pct,1.0084278513448077,34.37060237939239,Zone1_gbdt
Zone1,gbdt,BEDGE_Pct,1.2605348141810095,34.36138183092849,Zone1_gbdt
Zone1,gbdt,BEDGE_Pct,1.5126417770172116,34.36138183092849,Zone1_gbdt
Zone1,gbdt,BEDGE_Pct,1.7647487398534136,34.35368037707794,Zone1_gbdt
Zone1,gbdt,BEDGE_Pct,2.0168557026896154,34.35368037707794,Zone1_gbdt
Zone1,gbdt,BEDGE_Pct,2.2689626655258173,34.3543090378504,Zone1_gbdt
Zone1,gbdt,BEDGE_Pct,2.521069628362019,34.3543090378504,Zone1_gbdt
Zone1,gbdt,BEDGE_Pct,2.7731765911982214,34.3543090378504,Zone1_gbdt
Zone1,gbdt,BEDGE_Pct,3.025283554034423,34.3543090378504,Zone1_gbdt
Zone1,gbdt,BEDGE_Pct,3.277390516870625,34.3543090378504,Zone1_gbdt
Zone1,gbdt,BEDGE_Pct,3.5294974797068273,34.3543090378504,Zone1_gbdt
Zone1,gbdt,BEDGE_Pct,3.781604442543029,34.3543090378504,Zone1_gbdt
Zone1,gbdt,BEDGE_Pct,4.033711405379231,34.3543090378504,Zone1_gbdt
Zone1,gbdt,BEDGE_Pct,4.285818368215433,34.3543090378504,Zone1_gbdt
Zone1,gbdt,BEDGE_Pct,4.5379253310516345,34.3543090378504,Zone1_gbdt
Zone1,gbdt,BEDGE_Pct,4.790032293887837,34.3543090378504,Zone1_gbdt
Zone1,gbdt,BEDGE_Pct,5.042139256724038,34.3543090378504,Zone1_gbdt
Zone1,gbdt,BEDGE_Pct,5.29424621956024,34.3543090378504,Zone1_gbdt
Zone1,gbdt,BEDGE_Pct,5.546353182396443,34.3543090378504,Zone1_gbdt
Zone1,gbdt,BEDGE_Pct,5.798460145232644,34.3543090378504,Zone1_gbdt
Zone1,gbdt,BEDGE_Pct,6.050567108068846,34.3543090378504,Zone1_gbdt
Zone1,gbdt,BEDGE_Pct,6.302674070905049,34.3543090378504,Zone1_gbdt
Zone1,gbdt,BEDGE_Pct,6.55478103374125,34.3543090378504,Zone1_gbdt
Zone1,gbdt,BEDGE_Pct,6.806887996577452,34.3543090378504,Zone1_gbdt
Zone1,gbdt,BEDGE_Pct,7.0589949594136545,34.3543090378504,Zone1_gbdt
Zone1,gbdt,BEDGE_Pct,7.311101922249856,34.3543090378504,Zone1_gbdt
Zone1,gbdt,BEDGE_Pct,7.563208885086058,34.3543090378504,Zone1_gbdt
Zone1,gbdt,BEDGE_Pct,7.8153158479222595,34.3543090378504,Zone1_gbdt
Zone1,gbdt,BEDGE_Pct,8.067422810758462,34.3543090378504,Zone1_gbdt
Zone1,gbdt,BEDGE_Pct,8.319529773594663,34.3543090378504,Zone1_gbdt
Zone1,gbdt,BEDGE_Pct,8.571636736430866,34.3543090378504,Zone1_gbdt
Zone1,gbdt,BEDGE_Pct,8.823743699267068,34.3543090378504,Zone1_gbdt
Zone1,gbdt,BEDGE_Pct,9.075850662103269,34.3543090378504,Zone1_gbdt
Zone1,gbdt,BEDGE_Pct,9.327957624939472,34.3543090378504,Zone1_gbdt
Zone1,gbdt,BEDGE_Pct,9.580064587775674,34.3543090378504,Zone1_gbdt
Zone1,gbdt,BEDGE_Pct,9.832171550611875,34.3543090378504,Zone1_gbdt
Zone1,gbdt,BEDGE_Pct,10.084278513448076,34.3543090378504,Zone1_gbdt
Zone1,gbdt,BEDGE_Pct,10.33638547628428,34.3543090378504,Zone1_gbdt
Zone1,gbdt,BEDGE_Pct,10.58849243912048,34.3543090378504,Zone1_gbdt
Zone1,gbdt,BEDGE_Pct,10.840599401956682,34.3543090378504,Zone1_gbdt
Zone1,gbdt,BEDGE_Pct,11.092706364792885,34.3543090378504,Zone1_gbdt
Zone1,gbdt,BEDGE_Pct,11.344813327629087,34.3543090378504,Zone1_gbdt
Zone1,gbdt,BEDGE_Pct,11.596920290465288,34.3543090378504,Zone1_gbdt
Zone1,gbdt,BEDGE_Pct,11.849027253301491,34.3543090378504,Zone1_gbdt
Zone1,gbdt,BEDGE_Pct,12.101134216137693,34.3543090378504,Zone1_gbdt
Zone1,gbdt,BEDGE_Pct,12.353241178973894,34.3543090378504,Zone1_gbdt
Zone1,gbdt,BEDGE_Pct,12.605348141810097,34.3543090378504,Zone1_gbdt
Zone1,gbdt,BEDGE_Pct,12.857455104646299,34.3543090378504,Zone1_gbdt
Zone1,gbdt,BEDGE_Pct,13.1095620674825,34.3543090378504,Zone1_gbdt
Zone1,gbdt,BEDGE_Pct,13.361669030318703,34.3543090378504,Zone1_gbdt
Zone1,gbdt,BEDGE_Pct,13.613775993154904,34.3543090378504,Zone1_gbdt
Zone1,gbdt,BEDGE_Pct,13.865882955991106,34.3543090378504,Zone1_gbdt
Zone1,gbdt,BEDGE_Pct,14.117989918827309,34.3543090378504,Zone1_gbdt
Zone1,gbdt,BEDGE_Pct,14.37009688166351,34.3543090378504,Zone1_gbdt
Zone1,gbdt,BEDGE_Pct,14.622203844499712,34.3543090378504,Zone1_gbdt
Zone1,gbdt,BEDGE_Pct,14.874310807335913,34.3543090378504,Zone1_gbdt
Zone1,gbdt,BEDGE_Pct,15.126417770172116,34.3543090378504,Zone1_gbdt
Zone1,gbdt,BEDGE_Pct,15.378524733008318,34.3543090378504,Zone1_gbdt
Zone1,gbdt,BEDGE_Pct,15.630631695844519,34.3543090378504,Zone1_gbdt
Zone1,gbdt,BEDGE_Pct,15.882738658680722,34.3543090378504,Zone1_gbdt
Zone1,gbdt,BEDGE_Pct,16.134845621516924,34.3543090378504,Zone1_gbdt
Zone1,gbdt,BEDGE_Pct,16.386952584353125,34.3543090378504,Zone1_gbdt
Zone1,gbdt,BEDGE_Pct,16.639059547189326,34.3543090378504,Zone1_gbdt
Zone1,gbdt,BEDGE_Pct,16.891166510025528,34.3543090378504,Zone1_gbdt
Zone1,gbdt,BEDGE_Pct,17.143273472861733,34.3543090378504,Zone1_gbdt
Zone1,gbdt,BEDGE_Pct,17.395380435697934,34.3543090378504,Zone1_gbdt
Zone1,gbdt,BEDGE_Pct,17.647487398534135,34.3543090378504,Zone1_gbdt
Zone1,gbdt,BEDGE_Pct,17.899594361370337,34.3543090378504,Zone1_gbdt
Zone1,gbdt,BEDGE_Pct,18.151701324206538,34.3543090378504,Zone1_gbdt
Zone1,gbdt,BEDGE_Pct,18.40380828704274,34.3543090378504,Zone1_gbdt
Zone1,gbdt,BEDGE_Pct,18.655915249878944,34.3543090378504,Zone1_gbdt
Zone1,gbdt,BEDGE_Pct,18.908022212715146,34.3543090378504,Zone1_gbdt
Zone1,gbdt,BEDGE_Pct,19.160129175551347,34.3543090378504,Zone1_gbdt
Zone1,gbdt,BEDGE_Pct,19.41223613838755,34.3543090378504,Zone1_gbdt
Zone1,gbdt,BEDGE_Pct,19.66434310122375,34.3543090378504,Zone1_gbdt
Zone1,gbdt,BEDGE_Pct,19.91645006405995,34.3543090378504,Zone1_gbdt
Zone1,gbdt,BEDGE_Pct,20.168557026896153,34.3543090378504,Zone1_gbdt
Zone1,gbdt,BEDGE_Pct,20.420663989732358,34.3543090378504,Zone1_gbdt
Zone1,gbdt,BEDGE_Pct,20.67277095256856,34.3543090378504,Zone1_gbdt
Zone1,gbdt,BEDGE_Pct,20.92487791540476,34.3543090378504,Zone1_gbdt
Zone1,gbdt,BEDGE_Pct,21.17698487824096,34.3543090378504,Zone1_gbdt
Zone1,gbdt,BEDGE_Pct,21.429091841077163,34.3543090378504,Zone1_gbdt
Zone1,gbdt,BEDGE_Pct,21.681198803913365,34.3543090378504,Zone1_gbdt
Zone1,gbdt,BEDGE_Pct,21.93330576674957,34.3543090378504,Zone1_gbdt
Zone1,gbdt,BEDGE_Pct,22.18541272958577,34.3543090378504,Zone1_gbdt
Zone1,gbdt,BEDGE_Pct,22.437519692421972,34.342435372435936,Zone1_gbdt
Zone1,gbdt,BEDGE_Pct,22.689626655258174,34.342435372435936,Zone1_gbdt
Zone1,gbdt,BEDGE_Pct,22.941733618094375,34.342435372435936,Zone1_gbdt
Zone1,gbdt,BEDGE_Pct,23.193840580930576,34.342435372435936,Zone1_gbdt
Zone1,gbdt,BEDGE_Pct,23.44594754376678,34.342435372435936,Zone1_gbdt
Zone1,gbdt,BEDGE_Pct,23.698054506602983,34.342435372435936,Zone1_gbdt
Zone1,gbdt,BEDGE_Pct,23.950161469439184,34.342435372435936,Zone1_gbdt
Zone1,gbdt,BEDGE_Pct,24.202268432275385,34.342435372435936,Zone1_gbdt
Zone1,gbdt,BEDGE_Pct,24.454375395111587,34.342435372435936,Zone1_gbdt
Zone1,gbdt,BEDGE_Pct,24.706482357947788,34.342435372435936,Zone1_gbdt
Zone1,gbdt,BEDGE_Pct,24.95858932078399,34.342435372435936,Zone1_gbdt
Zone1,gbdt,BEDGE_Pct,25.210696283620194,34.342435372435936,Zone1_gbdt
Zone1,gbdt,BEDGE_Pct,25.462803246456396,34.318927345395664,Zone1_gbdt
Zone1,gbdt,BEDGE_Pct,25.714910209292597,34.318927345395664,Zone1_gbdt
Zone1,gbdt,BEDGE_Pct,25.9670171721288,34.318927345395664,Zone1_gbdt
Zone1,gbdt,BEDGE_Pct,26.219124134965,34.31427228497778,Zone1_gbdt
Zone1,gbdt,BEDGE_Pct,26.4712310978012,34.28564039172269,Zone1_gbdt
Zone1,gbdt,BEDGE_Pct,26.723338060637406,34.28494584197249,Zone1_gbdt
Zone1,gbdt,BEDGE_Pct,26.975445023473608,34.28316484895324,Zone1_gbdt
Zone1,gbdt,BEDGE_Pct,27.22755198630981,34.28212666386851,Zone1_gbdt
Zone1,gbdt,BEDGE_Pct,27.47965894914601,34.28212666386851,Zone1_gbdt
Zone1,gbdt,BEDGE_Pct,27.73176591198221,34.28212666386851,Zone1_gbdt
Zone1,gbdt,BEDGE_Pct,27.983872874818413,34.28212666386851,Zone1_gbdt
Zone1,gbdt,BEDGE_Pct,28.235979837654618,34.27344087318049,Zone1_gbdt
Zone1,gbdt,BEDGE_Pct,28.48808680049082,34.27344087318049,Zone1_gbdt
Zone1,gbdt,BEDGE_Pct,28.74019376332702,34.27344087318049,Zone1_gbdt
Zone1,gbdt,BEDGE_Pct,28.992300726163222,34.27344087318049,Zone1_gbdt
Zone1,gbdt,BEDGE_Pct,29.244407688999424,34.27344087318049,Zone1_gbdt
Zone1,gbdt,BEDGE_Pct,29.496514651835625,34.27344087318049,Zone1_gbdt
Zone1,gbdt,BEDGE_Pct,29.748621614671826,34.27344087318049,Zone1_gbdt
Zone1,gbdt,BEDGE_Pct,30.00072857750803,34.269965417901226,Zone1_gbdt
Zone1,gbdt,BuildHeight_Mean,8.983630420370524,34.07390076605954,Zone1_gbdt
Zone1,gbdt,BuildHeight_Mean,9.10690565809382,34.07390076605954,Zone1_gbdt
Zone1,gbdt,BuildHeight_Mean,9.230180895817115,34.18519642904222,Zone1_gbdt
Zone1,gbdt,BuildHeight_Mean,9.353456133540412,34.18519642904222,Zone1_gbdt
Zone1,gbdt,BuildHeight_Mean,9.476731371263709,34.21923119584323,Zone1_gbdt
Zone1,gbdt,BuildHeight_Mean,9.600006608987004,34.305480624402946,Zone1_gbdt
Zone1,gbdt,BuildHeight_Mean,9.7232818467103,34.36919669710362,Zone1_gbdt
Zone1,gbdt,BuildHeight_Mean,9.846557084433597,34.375086905296236,Zone1_gbdt
Zone1,gbdt,BuildHeight_Mean,9.969832322156893,34.39563944340682,Zone1_gbdt
Zone1,gbdt,BuildHeight_Mean,10.093107559880188,34.40062161006956,Zone1_gbdt
Zone1,gbdt,BuildHeight_Mean,10.216382797603485,34.48939830753656,Zone1_gbdt
Zone1,gbdt,BuildHeight_Mean,10.339658035326782,34.50802070162473,Zone1_gbdt
Zone1,gbdt,BuildHeight_Mean,10.462933273050076,34.50802070162473,Zone1_gbdt
Zone1,gbdt,BuildHeight_Mean,10.586208510773373,34.50802070162473,Zone1_gbdt
Zone1,gbdt,BuildHeight_Mean,10.70948374849667,34.51989285800123,Zone1_gbdt
Zone1,gbdt,BuildHeight_Mean,10.832758986219964,34.52280130667826,Zone1_gbdt
Zone1,gbdt,BuildHeight_Mean,10.956034223943261,34.52711487966885,Zone1_gbdt
Zone1,gbdt,BuildHeight_Mean,11.079309461666558,34.53606162683227,Zone1_gbdt
Zone1,gbdt,BuildHeight_Mean,11.202584699389853,34.53606162683227,Zone1_gbdt
Zone1,gbdt,BuildHeight_Mean,11.32585993711315,34.53606060225023,Zone1_gbdt
Zone1,gbdt,BuildHeight_Mean,11.449135174836446,34.53650591869561,Zone1_gbdt
Zone1,gbdt,BuildHeight_Mean,11.57241041255974,34.53974795426674,Zone1_gbdt
Zone1,gbdt,BuildHeight_Mean,11.695685650283037,34.546016958191224,Zone1_gbdt
Zone1,gbdt,BuildHeight_Mean,11.818960888006334,34.546016958191224,Zone1_gbdt
Zone1,gbdt,BuildHeight_Mean,11.942236125729629,34.51686277106077,Zone1_gbdt
Zone1,gbdt,BuildHeight_Mean,12.065511363452925,34.54246338571059,Zone1_gbdt
Zone1,gbdt,BuildHeight_Mean,12.188786601176222,34.54483562026444,Zone1_gbdt
Zone1,gbdt,BuildHeight_Mean,12.312061838899517,34.54637155492822,Zone1_gbdt
Zone1,gbdt,BuildHeight_Mean,12.435337076622814,34.54637155492822,Zone1_gbdt
Zone1,gbdt,BuildHeight_Mean,12.55861231434611,34.54637155492822,Zone1_gbdt
Zone1,gbdt,BuildHeight_Mean,12.681887552069405,34.54637155492822,Zone1_gbdt
Zone1,gbdt,BuildHeight_Mean,12.805162789792702,34.68698766324977,Zone1_gbdt
Zone1,gbdt,BuildHeight_Mean,12.928438027515998,34.70341507671118,Zone1_gbdt
Zone1,gbdt,BuildHeight_Mean,13.051713265239293,34.70341507671118,Zone1_gbdt
Zone1,gbdt,BuildHeight_Mean,13.174988502962591,34.70358808051134,Zone1_gbdt
Zone1,gbdt,BuildHeight_Mean,13.298263740685886,34.70358808051134,Zone1_gbdt
Zone1,gbdt,BuildHeight_Mean,13.421538978409183,34.70358808051134,Zone1_gbdt
Zone1,gbdt,BuildHeight_Mean,13.54481421613248,34.70358808051134,Zone1_gbdt
Zone1,gbdt,BuildHeight_Mean,13.668089453855774,34.70358808051134,Zone1_gbdt
Zone1,gbdt,BuildHeight_Mean,13.791364691579071,34.66434012938675,Zone1_gbdt
Zone1,gbdt,BuildHeight_Mean,13.914639929302368,34.66434012938675,Zone1_gbdt
Zone1,gbdt,BuildHeight_Mean,14.037915167025663,34.66434012938675,Zone1_gbdt
Zone1,gbdt,BuildHeight_Mean,14.16119040474896,34.66434012938675,Zone1_gbdt
Zone1,gbdt,BuildHeight_Mean,14.284465642472256,34.66434012938675,Zone1_gbdt
Zone1,gbdt,BuildHeight_Mean,14.40774088019555,34.66139218172094,Zone1_gbdt
Zone1,gbdt,BuildHeight_Mean,14.531016117918847,34.6494737059134,Zone1_gbdt
Zone1,gbdt,BuildHeight_Mean,14.654291355642144,34.64638432377459,Zone1_gbdt
Zone1,gbdt,BuildHeight_Mean,14.777566593365439,34.64638432377459,Zone1_gbdt
Zone1,gbdt,BuildHeight_Mean,14.900841831088735,34.64638432377459,Zone1_gbdt
Zone1,gbdt,BuildHeight_Mean,15.024117068812032,34.64397022037423,Zone1_gbdt
Zone1,gbdt,BuildHeight_Mean,15.147392306535327,34.64397022037423,Zone1_gbdt
Zone1,gbdt,BuildHeight_Mean,15.270667544258623,34.64397022037423,Zone1_gbdt
Zone1,gbdt,BuildHeight_Mean,15.39394278198192,34.641699820334075,Zone1_gbdt
Zone1,gbdt,BuildHeight_Mean,15.517218019705215,34.641699820334075,Zone1_gbdt
Zone1,gbdt,BuildHeight_Mean,15.640493257428512,34.639145503440325,Zone1_gbdt
Zone1,gbdt,BuildHeight_Mean,15.763768495151808,34.639145503440325,Zone1_gbdt
Zone1,gbdt,BuildHeight_Mean,15.887043732875103,34.639145503440325,Zone1_gbdt
Zone1,gbdt,BuildHeight_Mean,16.010318970598398,34.639145503440325,Zone1_gbdt
Zone1,gbdt,BuildHeight_Mean,16.133594208321696,34.639145503440325,Zone1_gbdt
Zone1,gbdt,BuildHeight_Mean,16.25686944604499,34.639145503440325,Zone1_gbdt
Zone1,gbdt,BuildHeight_Mean,16.380144683768286,34.639145503440325,Zone1_gbdt
Zone1,gbdt,BuildHeight_Mean,16.503419921491584,34.639145503440325,Zone1_gbdt
Zone1,gbdt,BuildHeight_Mean,16.62669515921488,34.63927633683916,Zone1_gbdt
Zone1,gbdt,BuildHeight_Mean,16.749970396938178,34.63927633683916,Zone1_gbdt
Zone1,gbdt,BuildHeight_Mean,16.873245634661473,34.63927633683916,Zone1_gbdt
Zone1,gbdt,BuildHeight_Mean,16.99652087238477,34.63927633683916,Zone1_gbdt
Zone1,gbdt,BuildHeight_Mean,17.119796110108062,34.63927633683916,Zone1_gbdt
Zone1,gbdt,BuildHeight_Mean,17.24307134783136,34.63927633683916,Zone1_gbdt
Zone1,gbdt,BuildHeight_Mean,17.36634658555466,34.63927633683916,Zone1_gbdt
Zone1,gbdt,BuildHeight_Mean,17.48962182327795,34.63927633683916,Zone1_gbdt
Zone1,gbdt,BuildHeight_Mean,17.61289706100125,34.63927633683916,Zone1_gbdt
Zone1,gbdt,BuildHeight_Mean,17.736172298724547,34.63927633683916,Zone1_gbdt
Zone1,gbdt,BuildHeight_Mean,17.859447536447842,34.63927633683916,Zone1_gbdt
Zone1,gbdt,BuildHeight_Mean,17.982722774171137,34.63482279192618,Zone1_gbdt
Zone1,gbdt,BuildHeight_Mean,18.105998011894435,34.63482279192618,Zone1_gbdt
Zone1,gbdt,BuildHeight_Mean,18.22927324961773,34.63482279192618,Zone1_gbdt
Zone1,gbdt,BuildHeight_Mean,18.352548487341025,34.63482279192618,Zone1_gbdt
Zone1,gbdt,BuildHeight_Mean,18.475823725064323,34.63482279192618,Zone1_gbdt
Zone1,gbdt,BuildHeight_Mean,18.599098962787618,34.633556792328356,Zone1_gbdt
Zone1,gbdt,BuildHeight_Mean,18.722374200510913,34.633556792328356,Zone1_gbdt
Zone1,gbdt,BuildHeight_Mean,18.84564943823421,34.633556792328356,Zone1_gbdt
Zone1,gbdt,BuildHeight_Mean,18.968924675957506,34.633556792328356,Zone1_gbdt
Zone1,gbdt,BuildHeight_Mean,19.0921999136808,34.633556792328356,Zone1_gbdt
Zone1,gbdt,BuildHeight_Mean,19.2154751514041,34.633556792328356,Zone1_gbdt
Zone1,gbdt,BuildHeight_Mean,19.338750389127394,34.634235549025924,Zone1_gbdt
Zone1,gbdt,BuildHeight_Mean,19.46202562685069,34.634235549025924,Zone1_gbdt
Zone1,gbdt,BuildHeight_Mean,19.585300864573988,34.634235549025924,Zone1_gbdt
Zone1,gbdt,BuildHeight_Mean,19.708576102297283,34.634235549025924,Zone1_gbdt
Zone1,gbdt,BuildHeight_Mean,19.831851340020577,34.634235549025924,Zone1_gbdt
Zone1,gbdt,BuildHeight_Mean,19.955126577743876,34.634235549025924,Zone1_gbdt
Zone1,gbdt,BuildHeight_Mean,20.07840181546717,34.634235549025924,Zone1_gbdt
Zone1,gbdt,BuildHeight_Mean,20.201677053190465,34.63199303265981,Zone1_gbdt
Zone1,gbdt,BuildHeight_Mean,20.324952290913764,34.63199303265981,Zone1_gbdt
Zone1,gbdt,BuildHeight_Mean,20.44822752863706,34.63199303265981,Zone1_gbdt
Zone1,gbdt,BuildHeight_Mean,20.571502766360354,34.63199303265981,Zone1_gbdt
Zone1,gbdt,BuildHeight_Mean,20.694778004083652,34.63199303265981,Zone1_gbdt
Zone1,gbdt,BuildHeight_Mean,20.818053241806947,34.63199303265981,Zone1_gbdt
Zone1,gbdt,BuildHeight_Mean,20.94132847953024,34.63199303265981,Zone1_gbdt
Zone1,gbdt,BuildHeight_Mean,21.06460371725354,34.63199303265981,Zone1_gbdt
Zone1,gbdt,BuildHeight_Mean,21.187878954976835,34.63199303265981,Zone1_gbdt
Zone1,gbdt,BuildHeight_Mean,21.31115419270013,34.63199303265981,Zone1_gbdt
Zone1,gbdt,BuildHeight_Mean,21.434429430423428,34.63199303265981,Zone1_gbdt
Zone1,gbdt,BuildHeight_Mean,21.557704668146723,34.63199303265981,Zone1_gbdt
Zone1,gbdt,BuildHeight_Mean,21.680979905870018,34.63199303265981,Zone1_gbdt
Zone1,gbdt,BuildHeight_Mean,21.804255143593316,34.63199303265981,Zone1_gbdt
Zone1,gbdt,BuildHeight_Mean,21.92753038131661,34.63199303265981,Zone1_gbdt
Zone1,gbdt,BuildHeight_Mean,22.050805619039906,34.63199303265981,Zone1_gbdt
Zone1,gbdt,BuildHeight_Mean,22.174080856763204,34.63199303265981,Zone1_gbdt
Zone1,gbdt,BuildHeight_Mean,22.2973560944865,34.628610547036295,Zone1_gbdt
Zone1,gbdt,BuildHeight_Mean,22.420631332209794,34.628610547036295,Zone1_gbdt
Zone1,gbdt,BuildHeight_Mean,22.543906569933092,34.628610547036295,Zone1_gbdt
Zone1,gbdt,BuildHeight_Mean,22.667181807656387,34.628610547036295,Zone1_gbdt
Zone1,gbdt,BuildHeight_Mean,22.790457045379682,34.628610547036295,Zone1_gbdt
Zone1,gbdt,BuildHeight_Mean,22.91373228310298,34.628610547036295,Zone1_gbdt
Zone1,gbdt,BuildHeight_Mean,23.037007520826275,34.628610547036295,Zone1_gbdt
Zone1,gbdt,BuildHeight_Mean,23.16028275854957,34.628610547036295,Zone1_gbdt
Zone1,gbdt,BuildHeight_Mean,23.28355799627287,34.628610547036295,Zone1_gbdt
Zone1,gbdt,BuildHeight_Mean,23.406833233996164,34.628610547036295,Zone1_gbdt
Zone1,gbdt,BuildHeight_Mean,23.53010847171946,34.628610547036295,Zone1_gbdt
Zone1,gbdt,BuildHeight_Mean,23.653383709442757,34.628610547036295,Zone1_gbdt
Zone2,gbdt,BCORE_Pct,0,32.342674554916414,Zone2_gbdt
Zone2,gbdt,BCORE_Pct,0.8403361344537815,32.34382989019264,Zone2_gbdt
Zone2,gbdt,BCORE_Pct,1.680672268907563,32.34168422852206,Zone2_gbdt
Zone2,gbdt,BCORE_Pct,2.5210084033613445,32.34168422852206,Zone2_gbdt
Zone2,gbdt,BCORE_Pct,3.361344537815126,32.34154382752443,Zone2_gbdt
Zone2,gbdt,BCORE_Pct,4.201680672268908,32.34416503679956,Zone2_gbdt
Zone2,gbdt,BCORE_Pct,5.042016806722689,32.351231648138935,Zone2_gbdt
Zone2,gbdt,BCORE_Pct,5.882352941176471,32.351231648138935,Zone2_gbdt
Zone2,gbdt,BCORE_Pct,6.722689075630252,32.351231648138935,Zone2_gbdt
Zone2,gbdt,BCORE_Pct,7.563025210084033,32.32087754559634,Zone2_gbdt
Zone2,gbdt,BCORE_Pct,8.403361344537815,32.3247567055398,Zone2_gbdt
Zone2,gbdt,BCORE_Pct,9.243697478991598,32.324106206097774,Zone2_gbdt
Zone2,gbdt,BCORE_Pct,10.084033613445378,32.324106206097774,Zone2_gbdt
Zone2,gbdt,BCORE_Pct,10.92436974789916,32.324106206097774,Zone2_gbdt
Zone2,gbdt,BCORE_Pct,11.764705882352942,32.324106206097774,Zone2_gbdt
Zone2,gbdt,BCORE_Pct,12.605042016806722,32.339783105438116,Zone2_gbdt
Zone2,gbdt,BCORE_Pct,13.445378151260504,32.41700025006332,Zone2_gbdt
Zone2,gbdt,BCORE_Pct,14.285714285714286,32.431450115909286,Zone2_gbdt
Zone2,gbdt,BCORE_Pct,15.126050420168067,32.43617107248204,Zone2_gbdt
Zone2,gbdt,BCORE_Pct,15.966386554621849,32.45847010359804,Zone2_gbdt
Zone2,gbdt,BCORE_Pct,16.80672268907563,32.4575750785328,Zone2_gbdt
Zone2,gbdt,BCORE_Pct,17.647058823529413,32.456771418130856,Zone2_gbdt
Zone2,gbdt,BCORE_Pct,18.487394957983195,32.456771418130856,Zone2_gbdt
Zone2,gbdt,BCORE_Pct,19.327731092436974,32.456771418130856,Zone2_gbdt
Zone2,gbdt,BCORE_Pct,20.168067226890756,32.45680331685884,Zone2_gbdt
Zone2,gbdt,BCORE_Pct,21.008403361344538,32.45680331685884,Zone2_gbdt
Zone2,gbdt,BCORE_Pct,21.84873949579832,32.459930013560154,Zone2_gbdt
Zone2,gbdt,BCORE_Pct,22.689075630252102,32.459930013560154,Zone2_gbdt
Zone2,gbdt,BCORE_Pct,23.529411764705884,32.459930013560154,Zone2_gbdt
Zone2,gbdt,BCORE_Pct,24.369747899159663,32.459930013560154,Zone2_gbdt
Zone2,gbdt,BCORE_Pct,25.210084033613445,32.459561228883416,Zone2_gbdt
Zone2,gbdt,BCORE_Pct,26.050420168067227,32.45941765135337,Zone2_gbdt
Zone2,gbdt,BCORE_Pct,26.89075630252101,32.45941765135337,Zone2_gbdt
Zone2,gbdt,BCORE_Pct,27.73109243697479,32.4579934536281,Zone2_gbdt
Zone2,gbdt,BCORE_Pct,28.571428571428573,32.4579934536281,Zone2_gbdt
Zone2,gbdt,BCORE_Pct,29.411764705882355,32.462002215480965,Zone2_gbdt
Zone2,gbdt,BCORE_Pct,30.252100840336134,32.47534269753869,Zone2_gbdt
Zone2,gbdt,BCORE_Pct,31.092436974789916,32.47534269753869,Zone2_gbdt
Zone2,gbdt,BCORE_Pct,31.932773109243698,32.524664410203386,Zone2_gbdt
Zone2,gbdt,BCORE_Pct,32.773109243697476,32.61419197078806,Zone2_gbdt
Zone2,gbdt,BCORE_Pct,33.61344537815126,32.766075045632576,Zone2_gbdt
Zone2,gbdt,BCORE_Pct,34.45378151260504,32.77918892145313,Zone2_gbdt
Zone2,gbdt,BCORE_Pct,35.294117647058826,32.7925763487731,Zone2_gbdt
Zone2,gbdt,BCORE_Pct,36.134453781512605,32.807665378950105,Zone2_gbdt
Zone2,gbdt,BCORE_Pct,36.97478991596639,32.807665378950105,Zone2_gbdt
Zone2,gbdt,BCORE_Pct,37.81512605042017,32.988310745877385,Zone2_gbdt
Zone2,gbdt,BCORE_Pct,38.65546218487395,32.974700279473446,Zone2_gbdt
Zone2,gbdt,BCORE_Pct,39.49579831932773,32.97491636454473,Zone2_gbdt
Zone2,gbdt,BCORE_Pct,40.33613445378151,33.033503483270785,Zone2_gbdt
Zone2,gbdt,BCORE_Pct,41.1764705882353,33.034188681560224,Zone2_gbdt
Zone2,gbdt,BCORE_Pct,42.016806722689076,33.034188681560224,Zone2_gbdt
Zone2,gbdt,BCORE_Pct,42.85714285714286,33.034188681560224,Zone2_gbdt
Zone2,gbdt,BCORE_Pct,43.69747899159664,33.034188681560224,Zone2_gbdt
Zone2,gbdt,BCORE_Pct,44.53781512605042,33.034188681560224,Zone2_gbdt
Zone2,gbdt,BCORE_Pct,45.378151260504204,33.03389155683105,Zone2_gbdt
Zone2,gbdt,BCORE_Pct,46.21848739495798,33.03389155683105,Zone2_gbdt
Zone2,gbdt,BCORE_Pct,47.05882352941177,33.03389155683105,Zone2_gbdt
Zone2,gbdt,BCORE_Pct,47.89915966386555,33.03389155683105,Zone2_gbdt
Zone2,gbdt,BCORE_Pct,48.739495798319325,33.03389155683105,Zone2_gbdt
Zone2,gbdt,BCORE_Pct,49.57983193277311,33.03824847274346,Zone2_gbdt
Zone2,gbdt,BCORE_Pct,50.42016806722689,33.03824847274346,Zone2_gbdt
Zone2,gbdt,BCORE_Pct,51.260504201680675,33.04580730838165,Zone2_gbdt
Zone2,gbdt,BCORE_Pct,52.10084033613445,33.04575927252812,Zone2_gbdt
Zone2,gbdt,BCORE_Pct,52.94117647058824,33.04732203665192,Zone2_gbdt
Zone2,gbdt,BCORE_Pct,53.78151260504202,33.04732203665192,Zone2_gbdt
Zone2,gbdt,BCORE_Pct,54.621848739495796,33.04735945064058,Zone2_gbdt
Zone2,gbdt,BCORE_Pct,55.46218487394958,33.04735945064058,Zone2_gbdt
Zone2,gbdt,BCORE_Pct,56.30252100840336,33.04735945064058,Zone2_gbdt
Zone2,gbdt,BCORE_Pct,57.142857142857146,33.04735945064058,Zone2_gbdt
Zone2,gbdt,BCORE_Pct,57.983193277310924,33.04735945064058,Zone2_gbdt
Zone2,gbdt,BCORE_Pct,58.82352941176471,33.04735945064058,Zone2_gbdt
Zone2,gbdt,BCORE_Pct,59.66386554621849,33.04735945064058,Zone2_gbdt
Zone2,gbdt,BCORE_Pct,60.50420168067227,33.04735945064058,Zone2_gbdt
Zone2,gbdt,BCORE_Pct,61.34453781512605,33.04735945064058,Zone2_gbdt
Zone2,gbdt,BCORE_Pct,62.18487394957983,33.04735945064058,Zone2_gbdt
Zone2,gbdt,BCORE_Pct,63.02521008403362,33.04675871306747,Zone2_gbdt
Zone2,gbdt,BCORE_Pct,63.865546218487395,33.038248574799425,Zone2_gbdt
Zone2,gbdt,BCORE_Pct,64.70588235294117,33.0391941277814,Zone2_gbdt
Zone2,gbdt,BCORE_Pct,65.54621848739495,33.0391941277814,Zone2_gbdt
Zone2,gbdt,BCORE_Pct,66.38655462184875,33.03132459870834,Zone2_gbdt
Zone2,gbdt,BCORE_Pct,67.22689075630252,33.486745634243505,Zone2_gbdt
Zone2,gbdt,BCORE_Pct,68.0672268907563,33.52773827704177,Zone2_gbdt
Zone2,gbdt,BCORE_Pct,68.90756302521008,33.52773827704177,Zone2_gbdt
Zone2,gbdt,BCORE_Pct,69.74789915966387,33.523884321513066,Zone2_gbdt
Zone2,gbdt,BCORE_Pct,70.58823529411765,33.4650601680283,Zone2_gbdt
Zone2,gbdt,BCORE_Pct,71.42857142857143,33.4650601680283,Zone2_gbdt
Zone2,gbdt,BCORE_Pct,72.26890756302521,33.4650601680283,Zone2_gbdt
Zone2,gbdt,BCORE_Pct,73.10924369747899,33.4650601680283,Zone2_gbdt
Zone2,gbdt,BCORE_Pct,73.94957983193278,33.461996542922456,Zone2_gbdt
Zone2,gbdt,BCORE_Pct,74.78991596638656,33.461996542922456,Zone2_gbdt
Zone2,gbdt,BCORE_Pct,75.63025210084034,33.461996542922456,Zone2_gbdt
Zone2,gbdt,BCORE_Pct,76.47058823529412,33.461996542922456,Zone2_gbdt
Zone2,gbdt,BCORE_Pct,77.3109243697479,33.45883276855613,Zone2_gbdt
Zone2,gbdt,BCORE_Pct,78.15126050420169,33.45883276855613,Zone2_gbdt
Zone2,gbdt,BCORE_Pct,78.99159663865547,33.45883276855613,Zone2_gbdt
Zone2,gbdt,BCORE_Pct,79.83193277310924,33.45883276855613,Zone2_gbdt
Zone2,gbdt,BCORE_Pct,80.67226890756302,33.45883276855613,Zone2_gbdt
Zone2,gbdt,BCORE_Pct,81.5126050420168,33.45883276855613,Zone2_gbdt
Zone2,gbdt,BCORE_Pct,82.3529411764706,33.45883276855613,Zone2_gbdt
Zone2,gbdt,BCORE_Pct,83.19327731092437,33.45883276855613,Zone2_gbdt
Zone2,gbdt,BCORE_Pct,84.03361344537815,33.45883276855613,Zone2_gbdt
Zone2,gbdt,BCORE_Pct,84.87394957983193,33.45883276855613,Zone2_gbdt
Zone2,gbdt,BCORE_Pct,85.71428571428572,33.45883276855613,Zone2_gbdt
Zone2,gbdt,BCORE_Pct,86.5546218487395,33.45883276855613,Zone2_gbdt
Zone2,gbdt,BCORE_Pct,87.39495798319328,33.45883276855613,Zone2_gbdt
Zone2,gbdt,BCORE_Pct,88.23529411764706,33.4580243336252,Zone2_gbdt
Zone2,gbdt,BCORE_Pct,89.07563025210084,33.4580243336252,Zone2_gbdt
Zone2,gbdt,BCORE_Pct,89.91596638655463,33.4580243336252,Zone2_gbdt
Zone2,gbdt,BCORE_Pct,90.75630252100841,33.4580243336252,Zone2_gbdt
Zone2,gbdt,BCORE_Pct,91.59663865546219,33.4580243336252,Zone2_gbdt
Zone2,gbdt,BCORE_Pct,92.43697478991596,33.4580243336252,Zone2_gbdt
Zone2,gbdt,BCORE_Pct,93.27731092436974,33.458359787243396,Zone2_gbdt
Zone2,gbdt,BCORE_Pct,94.11764705882354,33.458359787243396,Zone2_gbdt
Zone2,gbdt,BCORE_Pct,94.95798319327731,33.458359787243396,Zone2_gbdt
Zone2,gbdt,BCORE_Pct,95.7983193277311,33.451814638787084,Zone2_gbdt
Zone2,gbdt,BCORE_Pct,96.63865546218487,33.451814638787084,Zone2_gbdt
Zone2,gbdt,BCORE_Pct,97.47899159663865,33.451814638787084,Zone2_gbdt
Zone2,gbdt,BCORE_Pct,98.31932773109244,33.451814638787084,Zone2_gbdt
Zone2,gbdt,BCORE_Pct,99.15966386554622,33.45022098299919,Zone2_gbdt
Zone2,gbdt,BCORE_Pct,100,33.5251607467886,Zone2_gbdt
Zone2,gbdt,GCORE_Pct,0,33.16046067878925,Zone2_gbdt
Zone2,gbdt,GCORE_Pct,0.508165741112721,32.95569369858667,Zone2_gbdt
Zone2,gbdt,GCORE_Pct,1.016331482225442,32.95569369858667,Zone2_gbdt
Zone2,gbdt,GCORE_Pct,1.5244972233381628,32.95569369858667,Zone2_gbdt
Zone2,gbdt,GCORE_Pct,2.032662964450884,32.953197735962874,Zone2_gbdt
Zone2,gbdt,GCORE_Pct,2.5408287055636047,32.953197735962874,Zone2_gbdt
Zone2,gbdt,GCORE_Pct,3.0489944466763257,32.953197735962874,Zone2_gbdt
Zone2,gbdt,GCORE_Pct,3.5571601877890466,32.953197735962874,Zone2_gbdt
Zone2,gbdt,GCORE_Pct,4.065325928901768,32.953197735962874,Zone2_gbdt
Zone2,gbdt,GCORE_Pct,4.573491670014489,32.953197735962874,Zone2_gbdt
Zone2,gbdt,GCORE_Pct,5.0816574111272095,32.953197735962874,Zone2_gbdt
Zone2,gbdt,GCORE_Pct,5.58982315223993,32.95047776579239,Zone2_gbdt
Zone2,gbdt,GCORE_Pct,6.097988893352651,32.94392782556016,Zone2_gbdt
Zone2,gbdt,GCORE_Pct,6.606154634465373,32.94392782556016,Zone2_gbdt
Zone2,gbdt,GCORE_Pct,7.114320375578093,32.94392782556016,Zone2_gbdt
Zone2,gbdt,GCORE_Pct,7.622486116690814,32.918181307743225,Zone2_gbdt
Zone2,gbdt,GCORE_Pct,8.130651857803535,32.91626387566604,Zone2_gbdt
Zone2,gbdt,GCORE_Pct,8.638817598916257,32.92807433268646,Zone2_gbdt
Zone2,gbdt,GCORE_Pct,9.146983340028978,32.92876721362775,Zone2_gbdt
Zone2,gbdt,GCORE_Pct,9.655149081141698,32.93223562488004,Zone2_gbdt
Zone2,gbdt,GCORE_Pct,10.163314822254419,32.92747580073072,Zone2_gbdt
Zone2,gbdt,GCORE_Pct,10.67148056336714,32.927454162803976,Zone2_gbdt
Zone2,gbdt,GCORE_Pct,11.17964630447986,32.927622919456034,Zone2_gbdt
Zone2,gbdt,GCORE_Pct,11.687812045592581,32.927622919456034,Zone2_gbdt
Zone2,gbdt,GCORE_Pct,12.195977786705303,32.927622919456034,Zone2_gbdt
Zone2,gbdt,GCORE_Pct,12.704143527818024,32.925397953121,Zone2_gbdt
Zone2,gbdt,GCORE_Pct,13.212309268930746,32.925397953121,Zone2_gbdt
Zone2,gbdt,GCORE_Pct,13.720475010043465,32.925397953121,Zone2_gbdt
Zone2,gbdt,GCORE_Pct,14.228640751156187,32.925397953121,Zone2_gbdt
Zone2,gbdt,GCORE_Pct,14.736806492268908,32.92568574241135,Zone2_gbdt
Zone2,gbdt,GCORE_Pct,15.244972233381628,32.92568574241135,Zone2_gbdt
Zone2,gbdt,GCORE_Pct,15.753137974494349,32.92568574241135,Zone2_gbdt
Zone2,gbdt,GCORE_Pct,16.26130371560707,32.92983819818551,Zone2_gbdt
Zone2,gbdt,GCORE_Pct,16.76946945671979,32.92983819818551,Zone2_gbdt
Zone2,gbdt,GCORE_Pct,17.277635197832513,32.92983819818551,Zone2_gbdt
Zone2,gbdt,GCORE_Pct,17.785800938945233,32.92983819818551,Zone2_gbdt
Zone2,gbdt,GCORE_Pct,18.293966680057956,32.92983819818551,Zone2_gbdt
Zone2,gbdt,GCORE_Pct,18.802132421170676,32.92983819818551,Zone2_gbdt
Zone2,gbdt,GCORE_Pct,19.310298162283395,32.92983819818551,Zone2_gbdt
Zone2,gbdt,GCORE_Pct,19.81846390339612,32.92983819818551,Zone2_gbdt
Zone2,gbdt,GCORE_Pct,20.326629644508838,32.92983819818551,Zone2_gbdt
Zone2,gbdt,GCORE_Pct,20.834795385621558,32.928754135312275,Zone2_gbdt
Zone2,gbdt,GCORE_Pct,21.34296112673428,32.92261177856148,Zone2_gbdt
Zone2,gbdt,GCORE_Pct,21.851126867847,32.93147328339755,Zone2_gbdt
Zone2,gbdt,GCORE_Pct,22.35929260895972,32.93147328339755,Zone2_gbdt
Zone2,gbdt,GCORE_Pct,22.867458350072443,32.93147328339755,Zone2_gbdt
Zone2,gbdt,GCORE_Pct,23.375624091185163,32.93147328339755,Zone2_gbdt
Zone2,gbdt,GCORE_Pct,23.883789832297886,32.93147328339755,Zone2_gbdt
Zone2,gbdt,GCORE_Pct,24.391955573410605,32.90227950570703,Zone2_gbdt
Zone2,gbdt,GCORE_Pct,24.900121314523325,32.89511326696541,Zone2_gbdt
Zone2,gbdt,GCORE_Pct,25.40828705563605,32.89338388585152,Zone2_gbdt
Zone2,gbdt,GCORE_Pct,25.916452796748768,32.89338388585152,Zone2_gbdt
Zone2,gbdt,GCORE_Pct,26.42461853786149,32.89338388585152,Zone2_gbdt
Zone2,gbdt,GCORE_Pct,26.93278427897421,32.89338388585152,Zone2_gbdt
Zone2,gbdt,GCORE_Pct,27.44095002008693,32.892121761547905,Zone2_gbdt
Zone2,gbdt,GCORE_Pct,27.949115761199653,32.892121761547905,Zone2_gbdt
Zone2,gbdt,GCORE_Pct,28.457281502312373,32.892121761547905,Zone2_gbdt
Zone2,gbdt,GCORE_Pct,28.965447243425093,32.892121761547905,Zone2_gbdt
Zone2,gbdt,GCORE_Pct,29.473612984537816,32.892121761547905,Zone2_gbdt
Zone2,gbdt,GCORE_Pct,29.981778725650535,32.892121761547905,Zone2_gbdt
Zone2,gbdt,GCORE_Pct,30.489944466763255,32.873679566728356,Zone2_gbdt
Zone2,gbdt,GCORE_Pct,30.99811020787598,32.760268824534094,Zone2_gbdt
Zone2,gbdt,GCORE_Pct,31.506275948988698,32.760268824534094,Zone2_gbdt
Zone2,gbdt,GCORE_Pct,32.01444169010142,32.75441895362518,Zone2_gbdt
Zone2,gbdt,GCORE_Pct,32.52260743121414,32.752438822759295,Zone2_gbdt
Zone2,gbdt,GCORE_Pct,33.03077317232686,32.752438822759295,Zone2_gbdt
Zone2,gbdt,GCORE_Pct,33.53893891343958,32.752438822759295,Zone2_gbdt
Zone2,gbdt,GCORE_Pct,34.04710465455231,32.752438822759295,Zone2_gbdt
Zone2,gbdt,GCORE_Pct,34.555270395665026,32.752438822759295,Zone2_gbdt
Zone2,gbdt,GCORE_Pct,35.063436136777746,32.72743663496036,Zone2_gbdt
Zone2,gbdt,GCORE_Pct,35.571601877890465,32.723226621297655,Zone2_gbdt
Zone2,gbdt,GCORE_Pct,36.079767619003185,32.723226621297655,Zone2_gbdt
Zone2,gbdt,GCORE_Pct,36.58793336011591,32.72649715273017,Zone2_gbdt
Zone2,gbdt,GCORE_Pct,37.09609910122863,32.72649715273017,Zone2_gbdt
Zone2,gbdt,GCORE_Pct,37.60426484234135,32.72649715273017,Zone2_gbdt
Zone2,gbdt,GCORE_Pct,38.11243058345407,32.72649715273017,Zone2_gbdt
Zone2,gbdt,GCORE_Pct,38.62059632456679,32.72649715273017,Zone2_gbdt
Zone2,gbdt,GCORE_Pct,39.12876206567951,32.72649715273017,Zone2_gbdt
Zone2,gbdt,GCORE_Pct,39.63692780679224,32.72649715273017,Zone2_gbdt
Zone2,gbdt,GCORE_Pct,40.145093547904956,32.72649715273017,Zone2_gbdt
Zone2,gbdt,GCORE_Pct,40.653259289017676,32.72480052930927,Zone2_gbdt
Zone2,gbdt,GCORE_Pct,41.161425030130395,32.72480052930927,Zone2_gbdt
Zone2,gbdt,GCORE_Pct,41.669590771243115,32.72480052930927,Zone2_gbdt
Zone2,gbdt,GCORE_Pct,42.17775651235584,32.72480052930927,Zone2_gbdt
Zone2,gbdt,GCORE_Pct,42.68592225346856,32.72480052930927,Zone2_gbdt
Zone2,gbdt,GCORE_Pct,43.19408799458128,32.72480052930927,Zone2_gbdt
Zone2,gbdt,GCORE_Pct,43.702253735694,32.72480052930927,Zone2_gbdt
Zone2,gbdt,GCORE_Pct,44.21041947680672,32.72480052930927,Zone2_gbdt
Zone2,gbdt,GCORE_Pct,44.71858521791944,32.71532721543552,Zone2_gbdt
Zone2,gbdt,GCORE_Pct,45.22675095903217,32.71532721543552,Zone2_gbdt
Zone2,gbdt,GCORE_Pct,45.734916700144886,32.71532721543552,Zone2_gbdt
Zone2,gbdt,GCORE_Pct,46.243082441257606,32.71532721543552,Zone2_gbdt
Zone2,gbdt,GCORE_Pct,46.751248182370325,32.71532721543552,Zone2_gbdt
Zone2,gbdt,GCORE_Pct,47.259413923483045,32.71532721543552,Zone2_gbdt
Zone2,gbdt,GCORE_Pct,47.76757966459577,32.71532721543552,Zone2_gbdt
Zone2,gbdt,GCORE_Pct,48.27574540570849,32.71532721543552,Zone2_gbdt
Zone2,gbdt,GCORE_Pct,48.78391114682121,32.71532721543552,Zone2_gbdt
Zone2,gbdt,GCORE_Pct,49.29207688793393,32.713224677507505,Zone2_gbdt
Zone2,gbdt,GCORE_Pct,49.80024262904665,32.713224677507505,Zone2_gbdt
Zone2,gbdt,GCORE_Pct,50.30840837015938,32.727149679908244,Zone2_gbdt
Zone2,gbdt,GCORE_Pct,50.8165741112721,32.73216048057321,Zone2_gbdt
Zone2,gbdt,GCORE_Pct,51.324739852384816,32.73216048057321,Zone2_gbdt
Zone2,gbdt,GCORE_Pct,51.832905593497536,32.73216048057321,Zone2_gbdt
Zone2,gbdt,GCORE_Pct,52.341071334610255,32.73216048057321,Zone2_gbdt
Zone2,gbdt,GCORE_Pct,52.84923707572298,32.68221685618109,Zone2_gbdt
Zone2,gbdt,GCORE_Pct,53.3574028168357,32.68221685618109,Zone2_gbdt
Zone2,gbdt,GCORE_Pct,53.86556855794842,32.68221685618109,Zone2_gbdt
Zone2,gbdt,GCORE_Pct,54.37373429906114,32.68221685618109,Zone2_gbdt
Zone2,gbdt,GCORE_Pct,54.88190004017386,32.68221685618109,Zone2_gbdt
Zone2,gbdt,GCORE_Pct,55.39006578128658,32.68221685618109,Zone2_gbdt
Zone2,gbdt,GCORE_Pct,55.89823152239931,32.681946520181434,Zone2_gbdt
Zone2,gbdt,GCORE_Pct,56.40639726351203,32.660400341277985,Zone2_gbdt
Zone2,gbdt,GCORE_Pct,56.914563004624746,32.63059035497555,Zone2_gbdt
Zone2,gbdt,GCORE_Pct,57.422728745737466,32.59712862313705,Zone2_gbdt
Zone2,gbdt,GCORE_Pct,57.930894486850185,32.49321179978076,Zone2_gbdt
Zone2,gbdt,GCORE_Pct,58.43906022796291,32.49321179978076,Zone2_gbdt
Zone2,gbdt,GCORE_Pct,58.94722596907563,32.49321179978076,Zone2_gbdt
Zone2,gbdt,GCORE_Pct,59.45539171018835,32.49321179978076,Zone2_gbdt
Zone2,gbdt,GCORE_Pct,59.96355745130107,32.49321179978076,Zone2_gbdt
Zone2,gbdt,GCORE_Pct,60.4717231924138,32.49321179978076,Zone2_gbdt
Zone2,gbdt,BEDGE_Pct,0,33.12544405584801,Zone2_gbdt
Zone2,gbdt,BEDGE_Pct,0.38916675944898865,33.08121830443731,Zone2_gbdt
Zone2,gbdt,BEDGE_Pct,0.7783335188979773,32.86135899006048,Zone2_gbdt
Zone2,gbdt,BEDGE_Pct,1.167500278346966,32.86146544949986,Zone2_gbdt
Zone2,gbdt,BEDGE_Pct,1.5566670377959546,32.85962855951244,Zone2_gbdt
Zone2,gbdt,BEDGE_Pct,1.9458337972449433,32.84487793189869,Zone2_gbdt
Zone2,gbdt,BEDGE_Pct,2.335000556693932,32.837370094587875,Zone2_gbdt
Zone2,gbdt,BEDGE_Pct,2.7241673161429207,32.84922765704914,Zone2_gbdt
Zone2,gbdt,BEDGE_Pct,3.1133340755919092,32.874420852969656,Zone2_gbdt
Zone2,gbdt,BEDGE_Pct,3.5025008350408977,32.874420852969656,Zone2_gbdt
Zone2,gbdt,BEDGE_Pct,3.8916675944898866,32.87866768108938,Zone2_gbdt
Zone2,gbdt,BEDGE_Pct,4.280834353938875,32.90357061087896,Zone2_gbdt
Zone2,gbdt,BEDGE_Pct,4.670001113387864,32.91395079955058,Zone2_gbdt
Zone2,gbdt,BEDGE_Pct,5.059167872836852,32.91404672800636,Zone2_gbdt
Zone2,gbdt,BEDGE_Pct,5.4483346322858415,32.91404672800636,Zone2_gbdt
Zone2,gbdt,BEDGE_Pct,5.83750139173483,32.91404672800636,Zone2_gbdt
Zone2,gbdt,BEDGE_Pct,6.2266681511838184,32.91404672800636,Zone2_gbdt
Zone2,gbdt,BEDGE_Pct,6.615834910632807,32.91404672800636,Zone2_gbdt
Zone2,gbdt,BEDGE_Pct,7.005001670081795,32.89017792134506,Zone2_gbdt
Zone2,gbdt,BEDGE_Pct,7.394168429530785,32.89017792134506,Zone2_gbdt
Zone2,gbdt,BEDGE_Pct,7.783335188979773,32.89017792134506,Zone2_gbdt
Zone2,gbdt,BEDGE_Pct,8.172501948428762,32.89017792134506,Zone2_gbdt
Zone2,gbdt,BEDGE_Pct,8.56166870787775,32.89039991339966,Zone2_gbdt
Zone2,gbdt,BEDGE_Pct,8.950835467326739,32.89039991339966,Zone2_gbdt
Zone2,gbdt,BEDGE_Pct,9.340002226775727,32.89039991339966,Zone2_gbdt
Zone2,gbdt,BEDGE_Pct,9.729168986224716,32.89039991339966,Zone2_gbdt
Zone2,gbdt,BEDGE_Pct,10.118335745673704,32.89039991339966,Zone2_gbdt
Zone2,gbdt,BEDGE_Pct,10.507502505122694,32.89039991339966,Zone2_gbdt
Zone2,gbdt,BEDGE_Pct,10.896669264571683,32.89039991339966,Zone2_gbdt
Zone2,gbdt,BEDGE_Pct,11.285836024020671,32.89039991339966,Zone2_gbdt
Zone2,gbdt,BEDGE_Pct,11.67500278346966,32.89039991339966,Zone2_gbdt
Zone2,gbdt,BEDGE_Pct,12.064169542918648,32.89039991339966,Zone2_gbdt
Zone2,gbdt,BEDGE_Pct,12.453336302367637,32.88514994167582,Zone2_gbdt
Zone2,gbdt,BEDGE_Pct,12.842503061816625,32.88514994167582,Zone2_gbdt
Zone2,gbdt,BEDGE_Pct,13.231669821265614,32.869588502935734,Zone2_gbdt
Zone2,gbdt,BEDGE_Pct,13.620836580714602,32.869588502935734,Zone2_gbdt
Zone2,gbdt,BEDGE_Pct,14.01000334016359,32.869588502935734,Zone2_gbdt
Zone2,gbdt,BEDGE_Pct,14.39917009961258,32.86811810520742,Zone2_gbdt
Zone2,gbdt,BEDGE_Pct,14.78833685906157,32.86811810520742,Zone2_gbdt
Zone2,gbdt,BEDGE_Pct,15.177503618510558,32.86811810520742,Zone2_gbdt
Zone2,gbdt,BEDGE_Pct,15.566670377959547,32.86811810520742,Zone2_gbdt
Zone2,gbdt,BEDGE_Pct,15.955837137408535,32.86521665310294,Zone2_gbdt
Zone2,gbdt,BEDGE_Pct,16.345003896857524,32.86195565725853,Zone2_gbdt
Zone2,gbdt,BEDGE_Pct,16.734170656306514,32.86195565725853,Zone2_gbdt
Zone2,gbdt,BEDGE_Pct,17.1233374157555,32.86195565725853,Zone2_gbdt
Zone2,gbdt,BEDGE_Pct,17.51250417520449,32.86153864083876,Zone2_gbdt
Zone2,gbdt,BEDGE_Pct,17.901670934653477,32.86153864083876,Zone2_gbdt
Zone2,gbdt,BEDGE_Pct,18.290837694102468,32.82630834290249,Zone2_gbdt
Zone2,gbdt,BEDGE_Pct,18.680004453551454,32.82630834290249,Zone2_gbdt
Zone2,gbdt,BEDGE_Pct,19.069171213000445,32.826468120951574,Zone2_gbdt
Zone2,gbdt,BEDGE_Pct,19.45833797244943,32.826468120951574,Zone2_gbdt
Zone2,gbdt,BEDGE_Pct,19.84750473189842,32.826468120951574,Zone2_gbdt
Zone2,gbdt,BEDGE_Pct,20.23667149134741,32.826468120951574,Zone2_gbdt
Zone2,gbdt,BEDGE_Pct,20.6258382507964,32.826468120951574,Zone2_gbdt
Zone2,gbdt,BEDGE_Pct,21.01500501024539,32.826468120951574,Zone2_gbdt
Zone2,gbdt,BEDGE_Pct,21.404171769694376,32.826468120951574,Zone2_gbdt
Zone2,gbdt,BEDGE_Pct,21.793338529143366,32.82840272515596,Zone2_gbdt
Zone2,gbdt,BEDGE_Pct,22.182505288592353,32.82834355370711,Zone2_gbdt
Zone2,gbdt,BEDGE_Pct,22.571672048041343,32.82926416490756,Zone2_gbdt
Zone2,gbdt,BEDGE_Pct,22.96083880749033,32.82926416490756,Zone2_gbdt
Zone2,gbdt,BEDGE_Pct,23.35000556693932,32.82926416490756,Zone2_gbdt
Zone2,gbdt,BEDGE_Pct,23.739172326388307,32.82926416490756,Zone2_gbdt
Zone2,gbdt,BEDGE_Pct,24.128339085837297,32.82926416490756,Zone2_gbdt
Zone2,gbdt,BEDGE_Pct,24.517505845286284,32.82926416490756,Zone2_gbdt
Zone2,gbdt,BEDGE_Pct,24.906672604735274,32.82926416490756,Zone2_gbdt
Zone2,gbdt,BEDGE_Pct,25.295839364184264,32.82942978502971,Zone2_gbdt
Zone2,gbdt,BEDGE_Pct,25.68500612363325,32.82942978502971,Zone2_gbdt
Zone2,gbdt,BEDGE_Pct,26.07417288308224,32.82942978502971,Zone2_gbdt
Zone2,gbdt,BEDGE_Pct,26.463339642531228,32.82942978502971,Zone2_gbdt
Zone2,gbdt,BEDGE_Pct,26.852506401980218,32.82942978502971,Zone2_gbdt
Zone2,gbdt,BEDGE_Pct,27.241673161429205,32.82942978502971,Zone2_gbdt
Zone2,gbdt,BEDGE_Pct,27.630839920878195,32.82942978502971,Zone2_gbdt
Zone2,gbdt,BEDGE_Pct,28.02000668032718,32.82942978502971,Zone2_gbdt
Zone2,gbdt,BEDGE_Pct,28.409173439776172,32.82942978502971,Zone2_gbdt
Zone2,gbdt,BEDGE_Pct,28.79834019922516,32.82942978502971,Zone2_gbdt
Zone2,gbdt,BEDGE_Pct,29.18750695867415,32.82923850741594,Zone2_gbdt
Zone2,gbdt,BEDGE_Pct,29.57667371812314,32.82685297133088,Zone2_gbdt
Zone2,gbdt,BEDGE_Pct,29.965840477572126,32.82325542650596,Zone2_gbdt
Zone2,gbdt,BEDGE_Pct,30.355007237021116,32.82325542650596,Zone2_gbdt
Zone2,gbdt,BEDGE_Pct,30.744173996470103,32.82125854559519,Zone2_gbdt
Zone2,gbdt,BEDGE_Pct,31.133340755919093,32.82125854559519,Zone2_gbdt
Zone2,gbdt,BEDGE_Pct,31.52250751536808,32.81465548419555,Zone2_gbdt
Zone2,gbdt,BEDGE_Pct,31.91167427481707,32.81465548419555,Zone2_gbdt
Zone2,gbdt,BEDGE_Pct,32.30084103426606,32.840211966985066,Zone2_gbdt
Zone2,gbdt,BEDGE_Pct,32.69000779371505,32.857809943076425,Zone2_gbdt
Zone2,gbdt,BEDGE_Pct,33.07917455316404,32.857809943076425,Zone2_gbdt
Zone2,gbdt,BEDGE_Pct,33.46834131261303,32.87712411277402,Zone2_gbdt
Zone2,gbdt,BEDGE_Pct,33.85750807206201,32.87879181344002,Zone2_gbdt
Zone2,gbdt,BEDGE_Pct,34.246674831511,32.87879181344002,Zone2_gbdt
Zone2,gbdt,BEDGE_Pct,34.63584159095999,32.87713492768562,Zone2_gbdt
Zone2,gbdt,BEDGE_Pct,35.02500835040898,32.87713492768562,Zone2_gbdt
Zone2,gbdt,BEDGE_Pct,35.414175109857965,32.88282015030348,Zone2_gbdt
Zone2,gbdt,BEDGE_Pct,35.803341869306955,32.88282015030348,Zone2_gbdt
Zone2,gbdt,BEDGE_Pct,36.192508628755945,32.88282015030348,Zone2_gbdt
Zone2,gbdt,BEDGE_Pct,36.581675388204935,32.8823204200404,Zone2_gbdt
Zone2,gbdt,BEDGE_Pct,36.97084214765392,32.8823204200404,Zone2_gbdt
Zone2,gbdt,BEDGE_Pct,37.36000890710291,32.86502784528046,Zone2_gbdt
Zone2,gbdt,BEDGE_Pct,37.7491756665519,32.86502784528046,Zone2_gbdt
Zone2,gbdt,BEDGE_Pct,38.13834242600089,32.85471884054194,Zone2_gbdt
Zone2,gbdt,BEDGE_Pct,38.52750918544988,32.80503061739672,Zone2_gbdt
Zone2,gbdt,BEDGE_Pct,38.91667594489886,32.80503061739672,Zone2_gbdt
Zone2,gbdt,BEDGE_Pct,39.30584270434785,32.78629435472566,Zone2_gbdt
Zone2,gbdt,BEDGE_Pct,39.69500946379684,32.78629435472566,Zone2_gbdt
Zone2,gbdt,BEDGE_Pct,40.084176223245834,32.78629435472566,Zone2_gbdt
Zone2,gbdt,BEDGE_Pct,40.47334298269482,32.78629435472566,Zone2_gbdt
Zone2,gbdt,BEDGE_Pct,40.86250974214381,32.78629435472566,Zone2_gbdt
Zone2,gbdt,BEDGE_Pct,41.2516765015928,32.78629435472566,Zone2_gbdt
Zone2,gbdt,BEDGE_Pct,41.64084326104179,32.78629435472566,Zone2_gbdt
Zone2,gbdt,BEDGE_Pct,42.03001002049078,32.78620840394144,Zone2_gbdt
Zone2,gbdt,BEDGE_Pct,42.41917677993976,32.78620840394144,Zone2_gbdt
Zone2,gbdt,BEDGE_Pct,42.80834353938875,32.78620840394144,Zone2_gbdt
Zone2,gbdt,BEDGE_Pct,43.19751029883774,32.78620840394144,Zone2_gbdt
Zone2,gbdt,BEDGE_Pct,43.58667705828673,32.78620840394144,Zone2_gbdt
Zone2,gbdt,BEDGE_Pct,43.975843817735715,32.78620840394144,Zone2_gbdt
Zone2,gbdt,BEDGE_Pct,44.365010577184705,32.78620840394144,Zone2_gbdt
Zone2,gbdt,BEDGE_Pct,44.754177336633695,32.78620840394144,Zone2_gbdt
Zone2,gbdt,BEDGE_Pct,45.143344096082686,32.78620840394144,Zone2_gbdt
Zone2,gbdt,BEDGE_Pct,45.53251085553167,32.78620840394144,Zone2_gbdt
Zone2,gbdt,BEDGE_Pct,45.92167761498066,32.78620840394144,Zone2_gbdt
Zone2,gbdt,BEDGE_Pct,46.31084437442965,32.77953299645111,Zone2_gbdt
Zone3,gbdt,BuildHeight_Mean,7.6021948009159885,31.955945140328616,Zone3_gbdt
Zone3,gbdt,BuildHeight_Mean,7.628042765629519,31.947128592782555,Zone3_gbdt
Zone3,gbdt,BuildHeight_Mean,7.65389073034305,31.94523422747378,Zone3_gbdt
Zone3,gbdt,BuildHeight_Mean,7.67973869505658,31.938303730729086,Zone3_gbdt
Zone3,gbdt,BuildHeight_Mean,7.70558665977011,31.914483070526288,Zone3_gbdt
Zone3,gbdt,BuildHeight_Mean,7.731434624483641,31.925851959667312,Zone3_gbdt
Zone3,gbdt,BuildHeight_Mean,7.757282589197171,31.9268185978464,Zone3_gbdt
Zone3,gbdt,BuildHeight_Mean,7.783130553910702,31.9268185978464,Zone3_gbdt
Zone3,gbdt,BuildHeight_Mean,7.808978518624232,31.929136428300726,Zone3_gbdt
Zone3,gbdt,BuildHeight_Mean,7.834826483337762,31.930862628800213,Zone3_gbdt
Zone3,gbdt,BuildHeight_Mean,7.860674448051293,31.93457666622573,Zone3_gbdt
Zone3,gbdt,BuildHeight_Mean,7.8865224127648235,31.934668295079852,Zone3_gbdt
Zone3,gbdt,BuildHeight_Mean,7.912370377478354,31.934668295079852,Zone3_gbdt
Zone3,gbdt,BuildHeight_Mean,7.938218342191885,31.940596960722022,Zone3_gbdt
Zone3,gbdt,BuildHeight_Mean,7.964066306905415,31.9433347550748,Zone3_gbdt
Zone3,gbdt,BuildHeight_Mean,7.989914271618945,31.94033230253958,Zone3_gbdt
Zone3,gbdt,BuildHeight_Mean,8.015762236332476,31.939862150632937,Zone3_gbdt
Zone3,gbdt,BuildHeight_Mean,8.041610201046007,31.94171683880212,Zone3_gbdt
Zone3,gbdt,BuildHeight_Mean,8.067458165759536,31.94165386322354,Zone3_gbdt
Zone3,gbdt,BuildHeight_Mean,8.093306130473067,31.94704615853884,Zone3_gbdt
Zone3,gbdt,BuildHeight_Mean,8.119154095186598,31.949701497347355,Zone3_gbdt
Zone3,gbdt,BuildHeight_Mean,8.145002059900127,31.95109901579557,Zone3_gbdt
Zone3,gbdt,BuildHeight_Mean,8.170850024613658,31.961806245360602,Zone3_gbdt
Zone3,gbdt,BuildHeight_Mean,8.19669798932719,31.955555705260906,Zone3_gbdt
Zone3,gbdt,BuildHeight_Mean,8.222545954040719,31.965651677848193,Zone3_gbdt
Zone3,gbdt,BuildHeight_Mean,8.24839391875425,31.965598943749622,Zone3_gbdt
Zone3,gbdt,BuildHeight_Mean,8.27424188346778,31.965591688881123,Zone3_gbdt
Zone3,gbdt,BuildHeight_Mean,8.30008984818131,31.965591688881123,Zone3_gbdt
Zone3,gbdt,BuildHeight_Mean,8.325937812894841,31.81371402276595,Zone3_gbdt
Zone3,gbdt,BuildHeight_Mean,8.351785777608372,32.036540655273605,Zone3_gbdt
Zone3,gbdt,BuildHeight_Mean,8.377633742321901,32.037007667776685,Zone3_gbdt
Zone3,gbdt,BuildHeight_Mean,8.403481707035432,32.04093007716203,Zone3_gbdt
Zone3,gbdt,BuildHeight_Mean,8.429329671748963,32.04408572249185,Zone3_gbdt
Zone3,gbdt,BuildHeight_Mean,8.455177636462494,32.03581137342889,Zone3_gbdt
Zone3,gbdt,BuildHeight_Mean,8.481025601176023,32.03581137342889,Zone3_gbdt
Zone3,gbdt,BuildHeight_Mean,8.506873565889554,32.03525994560415,Zone3_gbdt
Zone3,gbdt,BuildHeight_Mean,8.532721530603085,32.03290488236187,Zone3_gbdt
Zone3,gbdt,BuildHeight_Mean,8.558569495316615,32.033667870162446,Zone3_gbdt
Zone3,gbdt,BuildHeight_Mean,8.584417460030146,32.03365966878283,Zone3_gbdt
Zone3,gbdt,BuildHeight_Mean,8.610265424743677,32.041186480692474,Zone3_gbdt
Zone3,gbdt,BuildHeight_Mean,8.636113389457206,32.04105117462323,Zone3_gbdt
Zone3,gbdt,BuildHeight_Mean,8.661961354170737,32.04153528045632,Zone3_gbdt
Zone3,gbdt,BuildHeight_Mean,8.687809318884268,32.04042062221178,Zone3_gbdt
Zone3,gbdt,BuildHeight_Mean,8.713657283597797,32.04042062221178,Zone3_gbdt
Zone3,gbdt,BuildHeight_Mean,8.739505248311328,32.03520109801597,Zone3_gbdt
Zone3,gbdt,BuildHeight_Mean,8.76535321302486,32.06058868753384,Zone3_gbdt
Zone3,gbdt,BuildHeight_Mean,8.791201177738388,32.208877145920056,Zone3_gbdt
Zone3,gbdt,BuildHeight_Mean,8.81704914245192,32.2122093873587,Zone3_gbdt
Zone3,gbdt,BuildHeight_Mean,8.84289710716545,32.21238010781106,Zone3_gbdt
Zone3,gbdt,BuildHeight_Mean,8.86874507187898,32.21556494106637,Zone3_gbdt
Zone3,gbdt,BuildHeight_Mean,8.89459303659251,32.23209122013863,Zone3_gbdt
Zone3,gbdt,BuildHeight_Mean,8.920441001306042,32.23207978202565,Zone3_gbdt
Zone3,gbdt,BuildHeight_Mean,8.946288966019573,32.23036213637446,Zone3_gbdt
Zone3,gbdt,BuildHeight_Mean,8.972136930733102,32.23034710804209,Zone3_gbdt
Zone3,gbdt,BuildHeight_Mean,8.997984895446633,32.2296623141106,Zone3_gbdt
Zone3,gbdt,BuildHeight_Mean,9.023832860160162,32.23091033435145,Zone3_gbdt
Zone3,gbdt,BuildHeight_Mean,9.049680824873693,32.23389393663731,Zone3_gbdt
Zone3,gbdt,BuildHeight_Mean,9.075528789587224,32.23350679005741,Zone3_gbdt
Zone3,gbdt,BuildHeight_Mean,9.101376754300755,32.23323865526052,Zone3_gbdt
Zone3,gbdt,BuildHeight_Mean,9.127224719014285,32.23256106958757,Zone3_gbdt
Zone3,gbdt,BuildHeight_Mean,9.153072683727816,32.23256106958757,Zone3_gbdt
Zone3,gbdt,BuildHeight_Mean,9.178920648441347,32.23472068920839,Zone3_gbdt
Zone3,gbdt,BuildHeight_Mean,9.204768613154876,32.24169597744732,Zone3_gbdt
Zone3,gbdt,BuildHeight_Mean,9.230616577868407,32.24384941160722,Zone3_gbdt
Zone3,gbdt,BuildHeight_Mean,9.256464542581938,32.263535018894146,Zone3_gbdt
Zone3,gbdt,BuildHeight_Mean,9.282312507295467,32.30842666135587,Zone3_gbdt
Zone3,gbdt,BuildHeight_Mean,9.308160472008998,32.28765992508405,Zone3_gbdt
Zone3,gbdt,BuildHeight_Mean,9.334008436722529,32.284658954136546,Zone3_gbdt
Zone3,gbdt,BuildHeight_Mean,9.359856401436058,32.32842454058818,Zone3_gbdt
Zone3,gbdt,BuildHeight_Mean,9.38570436614959,32.33096166903296,Zone3_gbdt
Zone3,gbdt,BuildHeight_Mean,9.41155233086312,32.387640551269754,Zone3_gbdt
Zone3,gbdt,BuildHeight_Mean,9.43740029557665,32.387134777270816,Zone3_gbdt
Zone3,gbdt,BuildHeight_Mean,9.46324826029018,32.38776581101694,Zone3_gbdt
Zone3,gbdt,BuildHeight_Mean,9.489096225003712,32.389039567325675,Zone3_gbdt
Zone3,gbdt,BuildHeight_Mean,9.51494418971724,32.385475197289374,Zone3_gbdt
Zone3,gbdt,BuildHeight_Mean,9.540792154430772,32.38039971787231,Zone3_gbdt
Zone3,gbdt,BuildHeight_Mean,9.566640119144303,32.38727852539781,Zone3_gbdt
Zone3,gbdt,BuildHeight_Mean,9.592488083857834,32.38892431640313,Zone3_gbdt
Zone3,gbdt,BuildHeight_Mean,9.618336048571363,32.38537606669528,Zone3_gbdt
Zone3,gbdt,BuildHeight_Mean,9.644184013284894,32.386741048579154,Zone3_gbdt
Zone3,gbdt,BuildHeight_Mean,9.670031977998423,32.38701796151078,Zone3_gbdt
Zone3,gbdt,BuildHeight_Mean,9.695879942711954,32.38811830553823,Zone3_gbdt
Zone3,gbdt,BuildHeight_Mean,9.721727907425485,32.3897385772912,Zone3_gbdt
Zone3,gbdt,BuildHeight_Mean,9.747575872139016,32.387784043294424,Zone3_gbdt
Zone3,gbdt,BuildHeight_Mean,9.773423836852546,32.39014605905416,Zone3_gbdt
Zone3,gbdt,BuildHeight_Mean,9.799271801566077,32.390057976047245,Zone3_gbdt
Zone3,gbdt,BuildHeight_Mean,9.825119766279606,32.390039809587414,Zone3_gbdt
Zone3,gbdt,BuildHeight_Mean,9.850967730993137,32.38936455622266,Zone3_gbdt
Zone3,gbdt,BuildHeight_Mean,9.876815695706668,32.39793471826083,Zone3_gbdt
Zone3,gbdt,BuildHeight_Mean,9.902663660420199,32.40623581412017,Zone3_gbdt
Zone3,gbdt,BuildHeight_Mean,9.928511625133728,32.40629133586628,Zone3_gbdt
Zone3,gbdt,BuildHeight_Mean,9.95435958984726,32.40866427509884,Zone3_gbdt
Zone3,gbdt,BuildHeight_Mean,9.98020755456079,32.414636025622,Zone3_gbdt
Zone3,gbdt,BuildHeight_Mean,10.00605551927432,32.414605162413324,Zone3_gbdt
Zone3,gbdt,BuildHeight_Mean,10.03190348398785,32.390298598747954,Zone3_gbdt
Zone3,gbdt,BuildHeight_Mean,10.057751448701381,32.43921493234879,Zone3_gbdt
Zone3,gbdt,BuildHeight_Mean,10.083599413414913,32.419451981996836,Zone3_gbdt
Zone3,gbdt,BuildHeight_Mean,10.109447378128442,32.41935719055656,Zone3_gbdt
Zone3,gbdt,BuildHeight_Mean,10.135295342841973,32.420307527158776,Zone3_gbdt
Zone3,gbdt,BuildHeight_Mean,10.161143307555502,32.42665110427934,Zone3_gbdt
Zone3,gbdt,BuildHeight_Mean,10.186991272269033,32.42682367743084,Zone3_gbdt
Zone3,gbdt,BuildHeight_Mean,10.212839236982564,32.423188009743896,Zone3_gbdt
Zone3,gbdt,BuildHeight_Mean,10.238687201696095,32.42785094369036,Zone3_gbdt
Zone3,gbdt,BuildHeight_Mean,10.264535166409624,32.45012013305298,Zone3_gbdt
Zone3,gbdt,BuildHeight_Mean,10.290383131123155,32.45430365226289,Zone3_gbdt
Zone3,gbdt,BuildHeight_Mean,10.316231095836685,32.45478234643602,Zone3_gbdt
Zone3,gbdt,BuildHeight_Mean,10.342079060550216,32.45467620304735,Zone3_gbdt
Zone3,gbdt,BuildHeight_Mean,10.367927025263747,32.46002130590758,Zone3_gbdt
Zone3,gbdt,BuildHeight_Mean,10.393774989977278,32.46059765533991,Zone3_gbdt
Zone3,gbdt,BuildHeight_Mean,10.419622954690807,32.46241115185245,Zone3_gbdt
Zone3,gbdt,BuildHeight_Mean,10.445470919404338,32.45791843744374,Zone3_gbdt
Zone3,gbdt,BuildHeight_Mean,10.471318884117869,32.462120934644304,Zone3_gbdt
Zone3,gbdt,BuildHeight_Mean,10.497166848831398,32.46248132195864,Zone3_gbdt
Zone3,gbdt,BuildHeight_Mean,10.523014813544929,32.462368263066885,Zone3_gbdt
Zone3,gbdt,BuildHeight_Mean,10.54886277825846,32.46263849318174,Zone3_gbdt
Zone3,gbdt,BuildHeight_Mean,10.574710742971991,32.46231255326965,Zone3_gbdt
Zone3,gbdt,BuildHeight_Mean,10.60055870768552,32.45553058145859,Zone3_gbdt
Zone3,gbdt,BuildHeight_Mean,10.626406672399051,32.44976639838853,Zone3_gbdt
Zone3,gbdt,BuildHeight_Mean,10.65225463711258,32.45069148057983,Zone3_gbdt
Zone3,gbdt,BuildHeight_Mean,10.678102601826112,32.45346771500751,Zone3_gbdt
Zone3,gbdt,BCORE_Pct,5.088722960812891,32.036687944112195,Zone3_gbdt
Zone3,gbdt,BCORE_Pct,5.677723887641604,32.03666704182107,Zone3_gbdt
Zone3,gbdt,BCORE_Pct,6.266724814470317,32.03795719396305,Zone3_gbdt
Zone3,gbdt,BCORE_Pct,6.855725741299029,32.02235289578482,Zone3_gbdt
Zone3,gbdt,BCORE_Pct,7.444726668127742,32.05330794147624,Zone3_gbdt
Zone3,gbdt,BCORE_Pct,8.033727594956455,32.063831725315424,Zone3_gbdt
Zone3,gbdt,BCORE_Pct,8.622728521785167,32.06936843827446,Zone3_gbdt
Zone3,gbdt,BCORE_Pct,9.21172944861388,32.07343209985143,Zone3_gbdt
Zone3,gbdt,BCORE_Pct,9.800730375442592,32.07715816668704,Zone3_gbdt
Zone3,gbdt,BCORE_Pct,10.389731302271304,32.11571321241101,Zone3_gbdt
Zone3,gbdt,BCORE_Pct,10.978732229100018,32.14007207676519,Zone3_gbdt
Zone3,gbdt,BCORE_Pct,11.56773315592873,32.14318708037923,Zone3_gbdt
Zone3,gbdt,BCORE_Pct,12.156734082757442,32.14318708037923,Zone3_gbdt
Zone3,gbdt,BCORE_Pct,12.745735009586156,32.14283393937167,Zone3_gbdt
Zone3,gbdt,BCORE_Pct,13.334735936414868,32.1434291997741,Zone3_gbdt
Zone3,gbdt,BCORE_Pct,13.923736863243581,32.14354607683266,Zone3_gbdt
Zone3,gbdt,BCORE_Pct,14.512737790072293,32.14313099447841,Zone3_gbdt
Zone3,gbdt,BCORE_Pct,15.101738716901005,32.14388581894522,Zone3_gbdt
Zone3,gbdt,BCORE_Pct,15.690739643729719,32.14388581894522,Zone3_gbdt
Zone3,gbdt,BCORE_Pct,16.27974057055843,32.143790731288405,Zone3_gbdt
Zone3,gbdt,BCORE_Pct,16.868741497387145,32.14345009307501,Zone3_gbdt
Zone3,gbdt,BCORE_Pct,17.45774242421586,32.151354140058494,Zone3_gbdt
Zone3,gbdt,BCORE_Pct,18.04674335104457,32.152358720197306,Zone3_gbdt
Zone3,gbdt,BCORE_Pct,18.635744277873282,32.15761560349137,Zone3_gbdt
Zone3,gbdt,BCORE_Pct,19.224745204701996,32.15786005033236,Zone3_gbdt
Zone3,gbdt,BCORE_Pct,19.813746131530706,32.152107884365535,Zone3_gbdt
Zone3,gbdt,BCORE_Pct,20.40274705835942,32.152889187838255,Zone3_gbdt
Zone3,gbdt,BCORE_Pct,20.991747985188134,32.1527964549681,Zone3_gbdt
Zone3,gbdt,BCORE_Pct,21.580748912016844,32.148665576113444,Zone3_gbdt
Zone3,gbdt,BCORE_Pct,22.169749838845558,32.14822032001742,Zone3_gbdt
Zone3,gbdt,BCORE_Pct,22.75875076567427,32.15160120019877,Zone3_gbdt
Zone3,gbdt,BCORE_Pct,23.34775169250298,32.14924002793436,Zone3_gbdt
Zone3,gbdt,BCORE_Pct,23.936752619331696,32.15640347254755,Zone3_gbdt
Zone3,gbdt,BCORE_Pct,24.52575354616041,32.15764475060496,Zone3_gbdt
Zone3,gbdt,BCORE_Pct,25.11475447298912,32.154471797193544,Zone3_gbdt
Zone3,gbdt,BCORE_Pct,25.703755399817833,32.17736718422402,Zone3_gbdt
Zone3,gbdt,BCORE_Pct,26.292756326646547,32.20805640975831,Zone3_gbdt
Zone3,gbdt,BCORE_Pct,26.881757253475257,32.196502254993725,Zone3_gbdt
Zone3,gbdt,BCORE_Pct,27.47075818030397,32.19861278862675,Zone3_gbdt
Zone3,gbdt,BCORE_Pct,28.059759107132685,32.19872532523639,Zone3_gbdt
Zone3,gbdt,BCORE_Pct,28.6487600339614,32.204297834313095,Zone3_gbdt
Zone3,gbdt,BCORE_Pct,29.23776096079011,32.20444287302526,Zone3_gbdt
Zone3,gbdt,BCORE_Pct,29.826761887618822,32.20323995777621,Zone3_gbdt
Zone3,gbdt,BCORE_Pct,30.415762814447536,32.2035252191469,Zone3_gbdt
Zone3,gbdt,BCORE_Pct,31.004763741276246,32.19963716753482,Zone3_gbdt
Zone3,gbdt,BCORE_Pct,31.59376466810496,32.19294351407507,Zone3_gbdt
Zone3,gbdt,BCORE_Pct,32.18276559493367,32.1932384507835,Zone3_gbdt
Zone3,gbdt,BCORE_Pct,32.77176652176239,32.186558664758884,Zone3_gbdt
Zone3,gbdt,BCORE_Pct,33.3607674485911,32.18713092811307,Zone3_gbdt
Zone3,gbdt,BCORE_Pct,33.94976837541981,32.18657272797588,Zone3_gbdt
Zone3,gbdt,BCORE_Pct,34.538769302248525,32.197426444328606,Zone3_gbdt
Zone3,gbdt,BCORE_Pct,35.127770229077235,32.198959579607305,Zone3_gbdt
Zone3,gbdt,BCORE_Pct,35.716771155905946,32.198959579607305,Zone3_gbdt
Zone3,gbdt,BCORE_Pct,36.30577208273466,32.19919341084952,Zone3_gbdt
Zone3,gbdt,BCORE_Pct,36.89477300956337,32.19896337823639,Zone3_gbdt
Zone3,gbdt,BCORE_Pct,37.48377393639208,32.19884200382941,Zone3_gbdt
Zone3,gbdt,BCORE_Pct,38.0727748632208,32.198647898529345,Zone3_gbdt
Zone3,gbdt,BCORE_Pct,38.66177579004952,32.199021743821326,Zone3_gbdt
Zone3,gbdt,BCORE_Pct,39.25077671687822,32.19760710358034,Zone3_gbdt
Zone3,gbdt,BCORE_Pct,39.83977764370694,32.19463445238228,Zone3_gbdt
Zone3,gbdt,BCORE_Pct,40.428778570535655,32.194390999260136,Zone3_gbdt
Zone3,gbdt,BCORE_Pct,41.01777949736436,32.18518248947793,Zone3_gbdt
Zone3,gbdt,BCORE_Pct,41.606780424193076,32.18518248947793,Zone3_gbdt
Zone3,gbdt,BCORE_Pct,42.19578135102179,32.1854761412294,Zone3_gbdt
Zone3,gbdt,BCORE_Pct,42.784782277850496,32.185309145680485,Zone3_gbdt
Zone3,gbdt,BCORE_Pct,43.373783204679214,32.169861792282674,Zone3_gbdt
Zone3,gbdt,BCORE_Pct,43.96278413150793,32.16583007533574,Zone3_gbdt
Zone3,gbdt,BCORE_Pct,44.551785058336634,32.16528509934425,Zone3_gbdt
Zone3,gbdt,BCORE_Pct,45.14078598516535,32.16528509934425,Zone3_gbdt
Zone3,gbdt,BCORE_Pct,45.72978691199407,32.16351022690762,Zone3_gbdt
Zone3,gbdt,BCORE_Pct,46.31878783882277,32.14868079902809,Zone3_gbdt
Zone3,gbdt,BCORE_Pct,46.90778876565149,32.150586799669696,Zone3_gbdt
Zone3,gbdt,BCORE_Pct,47.496789692480206,32.150803944001886,Zone3_gbdt
Zone3,gbdt,BCORE_Pct,48.08579061930891,32.3717241173656,Zone3_gbdt
Zone3,gbdt,BCORE_Pct,48.67479154613763,32.352633530389035,Zone3_gbdt
Zone3,gbdt,BCORE_Pct,49.263792472966344,32.3106377030673,Zone3_gbdt
Zone3,gbdt,BCORE_Pct,49.85279339979505,32.34646061478549,Zone3_gbdt
Zone3,gbdt,BCORE_Pct,50.441794326623764,32.33819547477332,Zone3_gbdt
Zone3,gbdt,BCORE_Pct,51.03079525345248,32.33449875476208,Zone3_gbdt
Zone3,gbdt,BCORE_Pct,51.619796180281185,32.3335384834848,Zone3_gbdt
Zone3,gbdt,BCORE_Pct,52.2087971071099,32.3335384834848,Zone3_gbdt
Zone3,gbdt,BCORE_Pct,52.79779803393862,32.331739767280204,Zone3_gbdt
Zone3,gbdt,BCORE_Pct,53.38679896076732,32.3294732119834,Zone3_gbdt
Zone3,gbdt,BCORE_Pct,53.97579988759604,32.33200457123643,Zone3_gbdt
Zone3,gbdt,BCORE_Pct,54.56480081442476,32.33566380588601,Zone3_gbdt
Zone3,gbdt,BCORE_Pct,55.15380174125346,32.30155510712173,Zone3_gbdt
Zone3,gbdt,BCORE_Pct,55.74280266808218,32.33191926800925,Zone3_gbdt
Zone3,gbdt,BCORE_Pct,56.331803594910895,32.33191926800925,Zone3_gbdt
Zone3,gbdt,BCORE_Pct,56.9208045217396,32.33235630114096,Zone3_gbdt
Zone3,gbdt,BCORE_Pct,57.509805448568315,32.332055680409226,Zone3_gbdt
Zone3,gbdt,BCORE_Pct,58.09880637539703,32.332055680409226,Zone3_gbdt
Zone3,gbdt,BCORE_Pct,58.687807302225735,32.33210693514397,Zone3_gbdt
Zone3,gbdt,BCORE_Pct,59.27680822905445,32.33997813772629,Zone3_gbdt
Zone3,gbdt,BCORE_Pct,59.86580915588317,32.33926886258154,Zone3_gbdt
Zone3,gbdt,BCORE_Pct,60.45481008271187,32.339094703021814,Zone3_gbdt
Zone3,gbdt,BCORE_Pct,61.04381100954059,32.34307822080731,Zone3_gbdt
Zone3,gbdt,BCORE_Pct,61.63281193636931,32.34430210658262,Zone3_gbdt
Zone3,gbdt,BCORE_Pct,62.22181286319801,32.34978464555754,Zone3_gbdt
Zone3,gbdt,BCORE_Pct,62.81081379002673,32.34928054292855,Zone3_gbdt
Zone3,gbdt,BCORE_Pct,63.399814716855445,32.34926904452915,Zone3_gbdt
Zone3,gbdt,BCORE_Pct,63.98881564368415,32.38115400318481,Zone3_gbdt
Zone3,gbdt,BCORE_Pct,64.57781657051287,32.387085760195106,Zone3_gbdt
Zone3,gbdt,BCORE_Pct,65.16681749734158,32.39620659164485,Zone3_gbdt
Zone3,gbdt,BCORE_Pct,65.75581842417029,32.39620659164485,Zone3_gbdt
Zone3,gbdt,BCORE_Pct,66.344819350999,32.395400132933894,Zone3_gbdt
Zone3,gbdt,BCORE_Pct,66.93382027782772,32.397368418701014,Zone3_gbdt
Zone3,gbdt,BCORE_Pct,67.52282120465642,32.397368418701014,Zone3_gbdt
Zone3,gbdt,BCORE_Pct,68.11182213148514,32.41335725643015,Zone3_gbdt
Zone3,gbdt,BCORE_Pct,68.70082305831386,32.409192694974976,Zone3_gbdt
Zone3,gbdt,BCORE_Pct,69.28982398514256,32.42144189082932,Zone3_gbdt
Zone3,gbdt,BCORE_Pct,69.87882491197128,32.42828272034897,Zone3_gbdt
Zone3,gbdt,BCORE_Pct,70.4678258388,32.42828272034897,Zone3_gbdt
Zone3,gbdt,BCORE_Pct,71.0568267656287,32.43315363486415,Zone3_gbdt
Zone3,gbdt,BCORE_Pct,71.64582769245742,32.43315363486415,Zone3_gbdt
Zone3,gbdt,BCORE_Pct,72.23482861928613,32.43328931484479,Zone3_gbdt
Zone3,gbdt,BCORE_Pct,72.82382954611484,32.43370093791634,Zone3_gbdt
Zone3,gbdt,BCORE_Pct,73.41283047294355,32.43370093791634,Zone3_gbdt
Zone3,gbdt,BCORE_Pct,74.00183139977227,32.43827213885033,Zone3_gbdt
Zone3,gbdt,BCORE_Pct,74.59083232660097,32.43827213885033,Zone3_gbdt
Zone3,gbdt,BCORE_Pct,75.17983325342969,32.43632129562954,Zone3_gbdt
Zone3,gbdt,GISLET_Pct,0,32.149618289230126,Zone3_gbdt
Zone3,gbdt,GISLET_Pct,0.8403361344537815,32.17579945100302,Zone3_gbdt
Zone3,gbdt,GISLET_Pct,1.680672268907563,32.17939924559765,Zone3_gbdt
Zone3,gbdt,GISLET_Pct,2.5210084033613445,32.17745922772745,Zone3_gbdt
Zone3,gbdt,GISLET_Pct,3.361344537815126,32.193561781622904,Zone3_gbdt
Zone3,gbdt,GISLET_Pct,4.201680672268908,32.19885073278886,Zone3_gbdt
Zone3,gbdt,GISLET_Pct,5.042016806722689,32.198809152295205,Zone3_gbdt
Zone3,gbdt,GISLET_Pct,5.882352941176471,32.19515153856993,Zone3_gbdt
Zone3,gbdt,GISLET_Pct,6.722689075630252,32.21041436107351,Zone3_gbdt
Zone3,gbdt,GISLET_Pct,7.563025210084033,32.2116937639907,Zone3_gbdt
Zone3,gbdt,GISLET_Pct,8.403361344537815,32.21099495155699,Zone3_gbdt
Zone3,gbdt,GISLET_Pct,9.243697478991598,32.21153381969087,Zone3_gbdt
Zone3,gbdt,GISLET_Pct,10.084033613445378,32.2113797120473,Zone3_gbdt
Zone3,gbdt,GISLET_Pct,10.92436974789916,32.2148193450448,Zone3_gbdt
Zone3,gbdt,GISLET_Pct,11.764705882352942,32.21398552974984,Zone3_gbdt
Zone3,gbdt,GISLET_Pct,12.605042016806722,32.21342730708473,Zone3_gbdt
Zone3,gbdt,GISLET_Pct,13.445378151260504,32.21617912222416,Zone3_gbdt
Zone3,gbdt,GISLET_Pct,14.285714285714286,32.216723293006034,Zone3_gbdt
Zone3,gbdt,GISLET_Pct,15.126050420168067,32.21136758396584,Zone3_gbdt
Zone3,gbdt,GISLET_Pct,15.966386554621849,32.165092623127286,Zone3_gbdt
Zone3,gbdt,GISLET_Pct,16.80672268907563,32.16970512868671,Zone3_gbdt
Zone3,gbdt,GISLET_Pct,17.647058823529413,32.20257872860808,Zone3_gbdt
Zone3,gbdt,GISLET_Pct,18.487394957983195,32.21935928245759,Zone3_gbdt
Zone3,gbdt,GISLET_Pct,19.327731092436974,32.21935928245759,Zone3_gbdt
Zone3,gbdt,GISLET_Pct,20.168067226890756,32.21932915131122,Zone3_gbdt
Zone3,gbdt,GISLET_Pct,21.008403361344538,32.2201818158662,Zone3_gbdt
Zone3,gbdt,GISLET_Pct,21.84873949579832,32.22046792990216,Zone3_gbdt
Zone3,gbdt,GISLET_Pct,22.689075630252102,32.22765992075068,Zone3_gbdt
Zone3,gbdt,GISLET_Pct,23.529411764705884,32.22520856928078,Zone3_gbdt
Zone3,gbdt,GISLET_Pct,24.369747899159663,32.22052236150893,Zone3_gbdt
Zone3,gbdt,GISLET_Pct,25.210084033613445,32.22052236150893,Zone3_gbdt
Zone3,gbdt,GISLET_Pct,26.050420168067227,32.22232164054625,Zone3_gbdt
Zone3,gbdt,GISLET_Pct,26.89075630252101,32.22232164054625,Zone3_gbdt
Zone3,gbdt,GISLET_Pct,27.73109243697479,32.22923735153231,Zone3_gbdt
Zone3,gbdt,GISLET_Pct,28.571428571428573,32.24627589675225,Zone3_gbdt
Zone3,gbdt,GISLET_Pct,29.411764705882355,32.25840395715618,Zone3_gbdt
Zone3,gbdt,GISLET_Pct,30.252100840336134,32.27141118470678,Zone3_gbdt
Zone3,gbdt,GISLET_Pct,31.092436974789916,32.26885040080948,Zone3_gbdt
Zone3,gbdt,GISLET_Pct,31.932773109243698,32.26885040080948,Zone3_gbdt
Zone3,gbdt,GISLET_Pct,32.773109243697476,32.278801677409604,Zone3_gbdt
Zone3,gbdt,GISLET_Pct,33.61344537815126,32.27888646091915,Zone3_gbdt
Zone3,gbdt,GISLET_Pct,34.45378151260504,32.27986979124805,Zone3_gbdt
Zone3,gbdt,GISLET_Pct,35.294117647058826,32.27961890804353,Zone3_gbdt
Zone3,gbdt,GISLET_Pct,36.134453781512605,32.27961890804353,Zone3_gbdt
Zone3,gbdt,GISLET_Pct,36.97478991596639,32.27802553440731,Zone3_gbdt
Zone3,gbdt,GISLET_Pct,37.81512605042017,32.27504591772044,Zone3_gbdt
Zone3,gbdt,GISLET_Pct,38.65546218487395,32.27504591772044,Zone3_gbdt
Zone3,gbdt,GISLET_Pct,39.49579831932773,32.263097121902334,Zone3_gbdt
Zone3,gbdt,GISLET_Pct,40.33613445378151,32.263292780802864,Zone3_gbdt
Zone3,gbdt,GISLET_Pct,41.1764705882353,32.26513008219275,Zone3_gbdt
Zone3,gbdt,GISLET_Pct,42.016806722689076,32.27295911209533,Zone3_gbdt
Zone3,gbdt,GISLET_Pct,42.85714285714286,32.27295911209533,Zone3_gbdt
Zone3,gbdt,GISLET_Pct,43.69747899159664,32.268889145421,Zone3_gbdt
Zone3,gbdt,GISLET_Pct,44.53781512605042,32.268889145421,Zone3_gbdt
Zone3,gbdt,GISLET_Pct,45.378151260504204,32.268623062295475,Zone3_gbdt
Zone3,gbdt,GISLET_Pct,46.21848739495798,32.268623062295475,Zone3_gbdt
Zone3,gbdt,GISLET_Pct,47.05882352941177,32.272007739912276,Zone3_gbdt
Zone3,gbdt,GISLET_Pct,47.89915966386555,32.27158872945178,Zone3_gbdt
Zone3,gbdt,GISLET_Pct,48.739495798319325,32.27158872945178,Zone3_gbdt
Zone3,gbdt,GISLET_Pct,49.57983193277311,32.27158872945178,Zone3_gbdt
Zone3,gbdt,GISLET_Pct,50.42016806722689,32.278999899073796,Zone3_gbdt
Zone3,gbdt,GISLET_Pct,51.260504201680675,32.278999899073796,Zone3_gbdt
Zone3,gbdt,GISLET_Pct,52.10084033613445,32.27901931649797,Zone3_gbdt
Zone3,gbdt,GISLET_Pct,52.94117647058824,32.278938632289034,Zone3_gbdt
Zone3,gbdt,GISLET_Pct,53.78151260504202,32.27898622852405,Zone3_gbdt
Zone3,gbdt,GISLET_Pct,54.621848739495796,32.27941565962848,Zone3_gbdt
Zone3,gbdt,GISLET_Pct,55.46218487394958,32.279405398508416,Zone3_gbdt
Zone3,gbdt,GISLET_Pct,56.30252100840336,32.28012518579823,Zone3_gbdt
Zone3,gbdt,GISLET_Pct,57.142857142857146,32.28529077136703,Zone3_gbdt
Zone3,gbdt,GISLET_Pct,57.983193277310924,32.28529077136703,Zone3_gbdt
Zone3,gbdt,GISLET_Pct,58.82352941176471,32.28529308562484,Zone3_gbdt
Zone3,gbdt,GISLET_Pct,59.66386554621849,32.28753095093444,Zone3_gbdt
Zone3,gbdt,GISLET_Pct,60.50420168067227,32.30179450100129,Zone3_gbdt
Zone3,gbdt,GISLET_Pct,61.34453781512605,32.317972446391664,Zone3_gbdt
Zone3,gbdt,GISLET_Pct,62.18487394957983,32.31793877984221,Zone3_gbdt
Zone3,gbdt,GISLET_Pct,63.02521008403362,32.316919891586856,Zone3_gbdt
Zone3,gbdt,GISLET_Pct,63.865546218487395,32.316919891586856,Zone3_gbdt
Zone3,gbdt,GISLET_Pct,64.70588235294117,32.316919891586856,Zone3_gbdt
Zone3,gbdt,GISLET_Pct,65.54621848739495,32.316919891586856,Zone3_gbdt
Zone3,gbdt,GISLET_Pct,66.38655462184875,32.316919891586856,Zone3_gbdt
Zone3,gbdt,GISLET_Pct,67.22689075630252,32.31690960379746,Zone3_gbdt
Zone3,gbdt,GISLET_Pct,68.0672268907563,32.32613371612294,Zone3_gbdt
Zone3,gbdt,GISLET_Pct,68.90756302521008,32.32616796685069,Zone3_gbdt
Zone3,gbdt,GISLET_Pct,69.74789915966387,32.32616796685069,Zone3_gbdt
Zone3,gbdt,GISLET_Pct,70.58823529411765,32.32616796685069,Zone3_gbdt
Zone3,gbdt,GISLET_Pct,71.42857142857143,32.32833578404593,Zone3_gbdt
Zone3,gbdt,GISLET_Pct,72.26890756302521,32.3287696430782,Zone3_gbdt
Zone3,gbdt,GISLET_Pct,73.10924369747899,32.333584215644386,Zone3_gbdt
Zone3,gbdt,GISLET_Pct,73.94957983193278,32.333584215644386,Zone3_gbdt
Zone3,gbdt,GISLET_Pct,74.78991596638656,32.333584215644386,Zone3_gbdt
Zone3,gbdt,GISLET_Pct,75.63025210084034,32.33380122621507,Zone3_gbdt
Zone3,gbdt,GISLET_Pct,76.47058823529412,32.33642311732831,Zone3_gbdt
Zone3,gbdt,GISLET_Pct,77.3109243697479,32.33642311732831,Zone3_gbdt
Zone3,gbdt,GISLET_Pct,78.15126050420169,32.33642311732831,Zone3_gbdt
Zone3,gbdt,GISLET_Pct,78.99159663865547,32.33642311732831,Zone3_gbdt
Zone3,gbdt,GISLET_Pct,79.83193277310924,32.33642311732831,Zone3_gbdt
Zone3,gbdt,GISLET_Pct,80.67226890756302,32.336409241092085,Zone3_gbdt
Zone3,gbdt,GISLET_Pct,81.5126050420168,32.336409241092085,Zone3_gbdt
Zone3,gbdt,GISLET_Pct,82.3529411764706,32.33647901765187,Zone3_gbdt
Zone3,gbdt,GISLET_Pct,83.19327731092437,32.337457987266916,Zone3_gbdt
Zone3,gbdt,GISLET_Pct,84.03361344537815,32.337131914135036,Zone3_gbdt
Zone3,gbdt,GISLET_Pct,84.87394957983193,32.337131914135036,Zone3_gbdt
Zone3,gbdt,GISLET_Pct,85.71428571428572,32.337131914135036,Zone3_gbdt
Zone3,gbdt,GISLET_Pct,86.5546218487395,32.33562618413577,Zone3_gbdt
Zone3,gbdt,GISLET_Pct,87.39495798319328,32.33562618413577,Zone3_gbdt
Zone3,gbdt,GISLET_Pct,88.23529411764706,32.33562618413577,Zone3_gbdt
Zone3,gbdt,GISLET_Pct,89.07563025210084,32.33562618413577,Zone3_gbdt
Zone3,gbdt,GISLET_Pct,89.91596638655463,32.33562618413577,Zone3_gbdt
Zone3,gbdt,GISLET_Pct,90.75630252100841,32.33562618413577,Zone3_gbdt
Zone3,gbdt,GISLET_Pct,91.59663865546219,32.33562618413577,Zone3_gbdt
Zone3,gbdt,GISLET_Pct,92.43697478991596,32.3358492937798,Zone3_gbdt
Zone3,gbdt,GISLET_Pct,93.27731092436974,32.33926184765284,Zone3_gbdt
Zone3,gbdt,GISLET_Pct,94.11764705882354,32.34295295775863,Zone3_gbdt
Zone3,gbdt,GISLET_Pct,94.95798319327731,32.34295295775863,Zone3_gbdt
Zone3,gbdt,GISLET_Pct,95.7983193277311,32.352359318542796,Zone3_gbdt
Zone3,gbdt,GISLET_Pct,96.63865546218487,32.352359318542796,Zone3_gbdt
Zone3,gbdt,GISLET_Pct,97.47899159663865,32.368364884689186,Zone3_gbdt
Zone3,gbdt,GISLET_Pct,98.31932773109244,32.368364884689186,Zone3_gbdt
Zone3,gbdt,GISLET_Pct,99.15966386554622,32.39729142503265,Zone3_gbdt
Zone3,gbdt,GISLET_Pct,100,32.40451230026715,Zone3_gbdt
Zone4,gbdt,CanopyHeight_Mean,0,31.568698320937497,Zone4_gbdt
Zone4,gbdt,CanopyHeight_Mean,2.979225328300468,31.384962961957257,Zone4_gbdt
Zone4,gbdt,CanopyHeight_Mean,5.958450656600936,31.381608592625696,Zone4_gbdt
Zone4,gbdt,CanopyHeight_Mean,8.937675984901404,31.381608592625696,Zone4_gbdt
Zone4,gbdt,CanopyHeight_Mean,11.916901313201873,31.381608592625696,Zone4_gbdt
Zone4,gbdt,CanopyHeight_Mean,14.896126641502342,31.381608592625696,Zone4_gbdt
Zone4,gbdt,CanopyHeight_Mean,17.875351969802807,31.381608592625696,Zone4_gbdt
Zone4,gbdt,CanopyHeight_Mean,20.854577298103276,31.381083738485746,Zone4_gbdt
Zone4,gbdt,CanopyHeight_Mean,23.833802626403745,31.381083738485746,Zone4_gbdt
Zone4,gbdt,CanopyHeight_Mean,26.813027954704214,31.381083738485746,Zone4_gbdt
Zone4,gbdt,CanopyHeight_Mean,29.792253283004683,31.381083738485746,Zone4_gbdt
Zone4,gbdt,CanopyHeight_Mean,32.77147861130515,31.381083738485746,Zone4_gbdt
Zone4,gbdt,CanopyHeight_Mean,35.750703939605614,31.381083738485746,Zone4_gbdt
Zone4,gbdt,CanopyHeight_Mean,38.72992926790609,31.381083738485746,Zone4_gbdt
Zone4,gbdt,CanopyHeight_Mean,41.70915459620655,31.381083738485746,Zone4_gbdt
Zone4,gbdt,CanopyHeight_Mean,44.688379924507025,31.381083738485746,Zone4_gbdt
Zone4,gbdt,CanopyHeight_Mean,47.66760525280749,31.3304488530681,Zone4_gbdt
Zone4,gbdt,CanopyHeight_Mean,50.646830581107956,31.3304488530681,Zone4_gbdt
Zone4,gbdt,CanopyHeight_Mean,53.62605590940843,31.3304488530681,Zone4_gbdt
Zone4,gbdt,CanopyHeight_Mean,56.605281237708894,31.3304488530681,Zone4_gbdt
Zone4,gbdt,CanopyHeight_Mean,59.58450656600937,31.308768703066253,Zone4_gbdt
Zone4,gbdt,CanopyHeight_Mean,62.56373189430983,30.954484382021047,Zone4_gbdt
Zone4,gbdt,CanopyHeight_Mean,65.5429572226103,30.935287122909177,Zone4_gbdt
Zone4,gbdt,CanopyHeight_Mean,68.52218255091077,30.935287122909177,Zone4_gbdt
Zone4,gbdt,CanopyHeight_Mean,71.50140787921123,30.93006067692673,Zone4_gbdt
Zone4,gbdt,CanopyHeight_Mean,74.4806332075117,30.92725424167663,Zone4_gbdt
Zone4,gbdt,CanopyHeight_Mean,77.45985853581217,30.92725424167663,Zone4_gbdt
Zone4,gbdt,CanopyHeight_Mean,80.43908386411265,30.92725424167663,Zone4_gbdt
Zone4,gbdt,CanopyHeight_Mean,83.4183091924131,30.92725424167663,Zone4_gbdt
Zone4,gbdt,CanopyHeight_Mean,86.39753452071358,30.944988516482248,Zone4_gbdt
Zone4,gbdt,CanopyHeight_Mean,89.37675984901405,30.944988516482248,Zone4_gbdt
Zone4,gbdt,CanopyHeight_Mean,92.35598517731451,30.944988516482248,Zone4_gbdt
Zone4,gbdt,CanopyHeight_Mean,95.33521050561498,30.7268789531889,Zone4_gbdt
Zone4,gbdt,CanopyHeight_Mean,98.31443583391545,30.72132965074889,Zone4_gbdt
Zone4,gbdt,CanopyHeight_Mean,101.29366116221591,30.72132965074889,Zone4_gbdt
Zone4,gbdt,CanopyHeight_Mean,104.27288649051638,30.72132965074889,Zone4_gbdt
Zone4,gbdt,CanopyHeight_Mean,107.25211181881686,30.72132965074889,Zone4_gbdt
Zone4,gbdt,CanopyHeight_Mean,110.23133714711732,30.721197481591638,Zone4_gbdt
Zone4,gbdt,CanopyHeight_Mean,113.21056247541779,30.721197481591638,Zone4_gbdt
Zone4,gbdt,CanopyHeight_Mean,116.18978780371826,30.721197481591638,Zone4_gbdt
Zone4,gbdt,CanopyHeight_Mean,119.16901313201873,30.721197481591638,Zone4_gbdt
Zone4,gbdt,CanopyHeight_Mean,122.14823846031919,30.721197481591638,Zone4_gbdt
Zone4,gbdt,CanopyHeight_Mean,125.12746378861966,30.721197481591638,Zone4_gbdt
Zone4,gbdt,CanopyHeight_Mean,128.10668911692014,30.721197481591638,Zone4_gbdt
Zone4,gbdt,CanopyHeight_Mean,131.0859144452206,30.710683557095216,Zone4_gbdt
Zone4,gbdt,CanopyHeight_Mean,134.06513977352105,30.710683557095216,Zone4_gbdt
Zone4,gbdt,CanopyHeight_Mean,137.04436510182154,30.710683557095216,Zone4_gbdt
Zone4,gbdt,CanopyHeight_Mean,140.023590430122,30.710683557095216,Zone4_gbdt
Zone4,gbdt,CanopyHeight_Mean,143.00281575842246,30.710683557095216,Zone4_gbdt
Zone4,gbdt,CanopyHeight_Mean,145.98204108672294,30.710683557095216,Zone4_gbdt
Zone4,gbdt,CanopyHeight_Mean,148.9612664150234,30.710683557095216,Zone4_gbdt
Zone4,gbdt,CanopyHeight_Mean,151.9404917433239,30.710683557095216,Zone4_gbdt
Zone4,gbdt,CanopyHeight_Mean,154.91971707162435,30.710683557095216,Zone4_gbdt
Zone4,gbdt,CanopyHeight_Mean,157.8989423999248,30.710683557095216,Zone4_gbdt
Zone4,gbdt,CanopyHeight_Mean,160.8781677282253,30.710683557095216,Zone4_gbdt
Zone4,gbdt,CanopyHeight_Mean,163.85739305652575,30.710683557095216,Zone4_gbdt
Zone4,gbdt,CanopyHeight_Mean,166.8366183848262,30.710683557095216,Zone4_gbdt
Zone4,gbdt,CanopyHeight_Mean,169.8158437131267,30.710683557095216,Zone4_gbdt
Zone4,gbdt,CanopyHeight_Mean,172.79506904142715,30.710683557095216,Zone4_gbdt
Zone4,gbdt,CanopyHeight_Mean,175.7742943697276,30.710683557095216,Zone4_gbdt
Zone4,gbdt,CanopyHeight_Mean,178.7535196980281,30.710683557095216,Zone4_gbdt
Zone4,gbdt,CanopyHeight_Mean,181.73274502632856,30.710683557095216,Zone4_gbdt
Zone4,gbdt,CanopyHeight_Mean,184.71197035462902,30.710683557095216,Zone4_gbdt
Zone4,gbdt,CanopyHeight_Mean,187.6911956829295,30.710683557095216,Zone4_gbdt
Zone4,gbdt,CanopyHeight_Mean,190.67042101122996,30.710683557095216,Zone4_gbdt
Zone4,gbdt,CanopyHeight_Mean,193.64964633953042,30.710683557095216,Zone4_gbdt
Zone4,gbdt,CanopyHeight_Mean,196.6288716678309,30.710683557095216,Zone4_gbdt
Zone4,gbdt,CanopyHeight_Mean,199.60809699613137,30.710683557095216,Zone4_gbdt
Zone4,gbdt,CanopyHeight_Mean,202.58732232443182,30.710683557095216,Zone4_gbdt
Zone4,gbdt,CanopyHeight_Mean,205.5665476527323,30.718899090964392,Zone4_gbdt
Zone4,gbdt,CanopyHeight_Mean,208.54577298103277,30.718899090964392,Zone4_gbdt
Zone4,gbdt,CanopyHeight_Mean,211.52499830933323,30.718899090964392,Zone4_gbdt
Zone4,gbdt,CanopyHeight_Mean,214.50422363763371,30.718899090964392,Zone4_gbdt
Zone4,gbdt,CanopyHeight_Mean,217.48344896593417,30.718899090964392,Zone4_gbdt
Zone4,gbdt,CanopyHeight_Mean,220.46267429423463,30.718899090964392,Zone4_gbdt
Zone4,gbdt,CanopyHeight_Mean,223.44189962253512,30.718899090964392,Zone4_gbdt
Zone4,gbdt,CanopyHeight_Mean,226.42112495083558,30.718899090964392,Zone4_gbdt
Zone4,gbdt,CanopyHeight_Mean,229.40035027913603,30.718899090964392,Zone4_gbdt
Zone4,gbdt,CanopyHeight_Mean,232.37957560743652,30.718899090964392,Zone4_gbdt
Zone4,gbdt,CanopyHeight_Mean,235.35880093573698,30.718899090964392,Zone4_gbdt
Zone4,gbdt,CanopyHeight_Mean,238.33802626403747,30.718899090964392,Zone4_gbdt
Zone4,gbdt,CanopyHeight_Mean,241.31725159233793,30.718899090964392,Zone4_gbdt
Zone4,gbdt,CanopyHeight_Mean,244.29647692063838,30.7215200115654,Zone4_gbdt
Zone4,gbdt,CanopyHeight_Mean,247.27570224893887,30.7215200115654,Zone4_gbdt
Zone4,gbdt,CanopyHeight_Mean,250.25492757723933,30.7215200115654,Zone4_gbdt
Zone4,gbdt,CanopyHeight_Mean,253.2341529055398,30.7215200115654,Zone4_gbdt
Zone4,gbdt,CanopyHeight_Mean,256.2133782338403,30.7215200115654,Zone4_gbdt
Zone4,gbdt,CanopyHeight_Mean,259.19260356214073,30.7215200115654,Zone4_gbdt
Zone4,gbdt,CanopyHeight_Mean,262.1718288904412,30.7215200115654,Zone4_gbdt
Zone4,gbdt,CanopyHeight_Mean,265.15105421874165,30.7215200115654,Zone4_gbdt
Zone4,gbdt,CanopyHeight_Mean,268.1302795470421,30.7215200115654,Zone4_gbdt
Zone4,gbdt,CanopyHeight_Mean,271.1095048753426,30.7215200115654,Zone4_gbdt
Zone4,gbdt,CanopyHeight_Mean,274.0887302036431,30.7215200115654,Zone4_gbdt
Zone4,gbdt,CanopyHeight_Mean,277.06795553194354,30.7215200115654,Zone4_gbdt
Zone4,gbdt,CanopyHeight_Mean,280.047180860244,30.7215200115654,Zone4_gbdt
Zone4,gbdt,CanopyHeight_Mean,283.02640618854446,30.72068880594153,Zone4_gbdt
Zone4,gbdt,CanopyHeight_Mean,286.0056315168449,30.72068880594153,Zone4_gbdt
Zone4,gbdt,CanopyHeight_Mean,288.98485684514543,30.72068880594153,Zone4_gbdt
Zone4,gbdt,CanopyHeight_Mean,291.9640821734459,30.72068880594153,Zone4_gbdt
Zone4,gbdt,CanopyHeight_Mean,294.94330750174635,30.72068880594153,Zone4_gbdt
Zone4,gbdt,CanopyHeight_Mean,297.9225328300468,30.72068880594153,Zone4_gbdt
Zone4,gbdt,CanopyHeight_Mean,300.90175815834726,30.72068880594153,Zone4_gbdt
Zone4,gbdt,CanopyHeight_Mean,303.8809834866478,30.72068880594153,Zone4_gbdt
Zone4,gbdt,CanopyHeight_Mean,306.86020881494824,30.72068880594153,Zone4_gbdt
Zone4,gbdt,CanopyHeight_Mean,309.8394341432487,30.72068880594153,Zone4_gbdt
Zone4,gbdt,CanopyHeight_Mean,312.81865947154915,30.72068880594153,Zone4_gbdt
Zone4,gbdt,CanopyHeight_Mean,315.7978847998496,30.72753092468844,Zone4_gbdt
Zone4,gbdt,CanopyHeight_Mean,318.77711012815007,30.73487298222031,Zone4_gbdt
Zone4,gbdt,CanopyHeight_Mean,321.7563354564506,30.73487298222031,Zone4_gbdt
Zone4,gbdt,CanopyHeight_Mean,324.73556078475104,30.73487298222031,Zone4_gbdt
Zone4,gbdt,CanopyHeight_Mean,327.7147861130515,30.73487298222031,Zone4_gbdt
Zone4,gbdt,CanopyHeight_Mean,330.69401144135196,30.73487298222031,Zone4_gbdt
Zone4,gbdt,CanopyHeight_Mean,333.6732367696524,30.73487298222031,Zone4_gbdt
Zone4,gbdt,CanopyHeight_Mean,336.6524620979529,30.73487298222031,Zone4_gbdt
Zone4,gbdt,CanopyHeight_Mean,339.6316874262534,30.73487298222031,Zone4_gbdt
Zone4,gbdt,CanopyHeight_Mean,342.61091275455385,30.73487298222031,Zone4_gbdt
Zone4,gbdt,CanopyHeight_Mean,345.5901380828543,30.73487298222031,Zone4_gbdt
Zone4,gbdt,CanopyHeight_Mean,348.56936341115477,30.73487298222031,Zone4_gbdt
Zone4,gbdt,CanopyHeight_Mean,351.5485887394552,30.73487298222031,Zone4_gbdt
Zone4,gbdt,CanopyHeight_Mean,354.5278140677557,30.73487298222031,Zone4_gbdt
Zone4,gbdt,BuildHeight_Mean,7.240230597212097,31.303521496263194,Zone4_gbdt
Zone4,gbdt,BuildHeight_Mean,7.270833992533463,31.303521496263194,Zone4_gbdt
Zone4,gbdt,BuildHeight_Mean,7.301437387854828,31.303521496263194,Zone4_gbdt
Zone4,gbdt,BuildHeight_Mean,7.332040783176194,31.303521496263194,Zone4_gbdt
Zone4,gbdt,BuildHeight_Mean,7.36264417849756,31.303011117289337,Zone4_gbdt
Zone4,gbdt,BuildHeight_Mean,7.393247573818925,31.303011117289337,Zone4_gbdt
Zone4,gbdt,BuildHeight_Mean,7.423850969140291,31.303011117289337,Zone4_gbdt
Zone4,gbdt,BuildHeight_Mean,7.454454364461657,31.302179664397443,Zone4_gbdt
Zone4,gbdt,BuildHeight_Mean,7.485057759783023,31.302179664397443,Zone4_gbdt
Zone4,gbdt,BuildHeight_Mean,7.515661155104389,31.302179664397443,Zone4_gbdt
Zone4,gbdt,BuildHeight_Mean,7.546264550425755,31.302028232431308,Zone4_gbdt
Zone4,gbdt,BuildHeight_Mean,7.57686794574712,31.302133859436303,Zone4_gbdt
Zone4,gbdt,BuildHeight_Mean,7.607471341068486,31.302724746740225,Zone4_gbdt
Zone4,gbdt,BuildHeight_Mean,7.638074736389852,31.302724746740225,Zone4_gbdt
Zone4,gbdt,BuildHeight_Mean,7.668678131711217,31.302724746740225,Zone4_gbdt
Zone4,gbdt,BuildHeight_Mean,7.699281527032583,31.304001130102918,Zone4_gbdt
Zone4,gbdt,BuildHeight_Mean,7.729884922353949,31.30404926212863,Zone4_gbdt
Zone4,gbdt,BuildHeight_Mean,7.760488317675314,31.303901671637853,Zone4_gbdt
Zone4,gbdt,BuildHeight_Mean,7.79109171299668,31.165139697087323,Zone4_gbdt
Zone4,gbdt,BuildHeight_Mean,7.821695108318046,31.347993360991715,Zone4_gbdt
Zone4,gbdt,BuildHeight_Mean,7.852298503639411,31.35058649879644,Zone4_gbdt
Zone4,gbdt,BuildHeight_Mean,7.882901898960777,31.35058649879644,Zone4_gbdt
Zone4,gbdt,BuildHeight_Mean,7.913505294282143,31.35013961115547,Zone4_gbdt
Zone4,gbdt,BuildHeight_Mean,7.9441086896035085,31.349896958934977,Zone4_gbdt
Zone4,gbdt,BuildHeight_Mean,7.9747120849248745,31.351022097351592,Zone4_gbdt
Zone4,gbdt,BuildHeight_Mean,8.00531548024624,31.351022097351592,Zone4_gbdt
Zone4,gbdt,BuildHeight_Mean,8.035918875567607,31.351022097351592,Zone4_gbdt
Zone4,gbdt,BuildHeight_Mean,8.06652227088897,31.351022097351592,Zone4_gbdt
Zone4,gbdt,BuildHeight_Mean,8.097125666210337,31.351022097351592,Zone4_gbdt
Zone4,gbdt,BuildHeight_Mean,8.127729061531703,31.359791582024844,Zone4_gbdt
Zone4,gbdt,BuildHeight_Mean,8.158332456853069,31.355890937444723,Zone4_gbdt
Zone4,gbdt,BuildHeight_Mean,8.188935852174435,31.41728860059383,Zone4_gbdt
Zone4,gbdt,BuildHeight_Mean,8.219539247495801,31.41728860059383,Zone4_gbdt
Zone4,gbdt,BuildHeight_Mean,8.250142642817167,31.41728860059383,Zone4_gbdt
Zone4,gbdt,BuildHeight_Mean,8.280746038138531,31.414297150596386,Zone4_gbdt
Zone4,gbdt,BuildHeight_Mean,8.311349433459897,31.420634308885212,Zone4_gbdt
Zone4,gbdt,BuildHeight_Mean,8.341952828781263,31.42307701211057,Zone4_gbdt
Zone4,gbdt,BuildHeight_Mean,8.37255622410263,31.480402885844942,Zone4_gbdt
Zone4,gbdt,BuildHeight_Mean,8.403159619423995,31.482108865896222,Zone4_gbdt
Zone4,gbdt,BuildHeight_Mean,8.43376301474536,31.487318256775126,Zone4_gbdt
Zone4,gbdt,BuildHeight_Mean,8.464366410066726,31.496660255569616,Zone4_gbdt
Zone4,gbdt,BuildHeight_Mean,8.494969805388092,31.497500420022153,Zone4_gbdt
Zone4,gbdt,BuildHeight_Mean,8.525573200709458,31.498646013293737,Zone4_gbdt
Zone4,gbdt,BuildHeight_Mean,8.556176596030824,31.498646013293737,Zone4_gbdt
Zone4,gbdt,BuildHeight_Mean,8.58677999135219,31.498646013293737,Zone4_gbdt
Zone4,gbdt,BuildHeight_Mean,8.617383386673556,31.498646013293737,Zone4_gbdt
Zone4,gbdt,BuildHeight_Mean,8.64798678199492,31.55398581769483,Zone4_gbdt
Zone4,gbdt,BuildHeight_Mean,8.678590177316286,31.55579196805512,Zone4_gbdt
Zone4,gbdt,BuildHeight_Mean,8.709193572637652,31.56019858760945,Zone4_gbdt
Zone4,gbdt,BuildHeight_Mean,8.739796967959018,31.57988925075225,Zone4_gbdt
Zone4,gbdt,BuildHeight_Mean,8.770400363280384,31.57988925075225,Zone4_gbdt
Zone4,gbdt,BuildHeight_Mean,8.801003758601748,31.581963001330347,Zone4_gbdt
Zone4,gbdt,BuildHeight_Mean,8.831607153923114,31.592040273309248,Zone4_gbdt
Zone4,gbdt,BuildHeight_Mean,8.86221054924448,31.602667894344535,Zone4_gbdt
Zone4,gbdt,BuildHeight_Mean,8.892813944565846,31.602667894344535,Zone4_gbdt
Zone4,gbdt,BuildHeight_Mean,8.923417339887212,31.602667894344535,Zone4_gbdt
Zone4,gbdt,BuildHeight_Mean,8.954020735208578,31.60801366296462,Zone4_gbdt
Zone4,gbdt,BuildHeight_Mean,8.984624130529943,31.60801366296462,Zone4_gbdt
Zone4,gbdt,BuildHeight_Mean,9.015227525851309,31.630267099830316,Zone4_gbdt
Zone4,gbdt,BuildHeight_Mean,9.045830921172675,31.638971125688794,Zone4_gbdt
Zone4,gbdt,BuildHeight_Mean,9.07643431649404,31.638971125688794,Zone4_gbdt
Zone4,gbdt,BuildHeight_Mean,9.107037711815407,31.638971125688794,Zone4_gbdt
Zone4,gbdt,BuildHeight_Mean,9.137641107136773,31.638971125688794,Zone4_gbdt
Zone4,gbdt,BuildHeight_Mean,9.168244502458137,31.63934980347162,Zone4_gbdt
Zone4,gbdt,BuildHeight_Mean,9.198847897779503,31.63934980347162,Zone4_gbdt
Zone4,gbdt,BuildHeight_Mean,9.229451293100869,31.63934980347162,Zone4_gbdt
Zone4,gbdt,BuildHeight_Mean,9.260054688422235,31.63934980347162,Zone4_gbdt
Zone4,gbdt,BuildHeight_Mean,9.290658083743601,31.63934980347162,Zone4_gbdt
Zone4,gbdt,BuildHeight_Mean,9.321261479064965,31.640029747871633,Zone4_gbdt
Zone4,gbdt,BuildHeight_Mean,9.351864874386333,31.640554280530065,Zone4_gbdt
Zone4,gbdt,BuildHeight_Mean,9.382468269707697,31.640554280530065,Zone4_gbdt
Zone4,gbdt,BuildHeight_Mean,9.413071665029063,31.640554280530065,Zone4_gbdt
Zone4,gbdt,BuildHeight_Mean,9.44367506035043,31.640554280530065,Zone4_gbdt
Zone4,gbdt,BuildHeight_Mean,9.474278455671795,31.640554280530065,Zone4_gbdt
Zone4,gbdt,BuildHeight_Mean,9.504881850993161,31.640554280530065,Zone4_gbdt
Zone4,gbdt,BuildHeight_Mean,9.535485246314526,31.640434126166227,Zone4_gbdt
Zone4,gbdt,BuildHeight_Mean,9.566088641635892,31.640434126166227,Zone4_gbdt
Zone4,gbdt,BuildHeight_Mean,9.596692036957258,31.640434126166227,Zone4_gbdt
Zone4,gbdt,BuildHeight_Mean,9.627295432278624,31.640434126166227,Zone4_gbdt
Zone4,gbdt,BuildHeight_Mean,9.65789882759999,31.640434126166227,Zone4_gbdt
Zone4,gbdt,BuildHeight_Mean,9.688502222921354,31.640434126166227,Zone4_gbdt
Zone4,gbdt,BuildHeight_Mean,9.719105618242722,31.640436627097568,Zone4_gbdt
Zone4,gbdt,BuildHeight_Mean,9.749709013564086,31.640436627097568,Zone4_gbdt
Zone4,gbdt,BuildHeight_Mean,9.780312408885452,31.640436627097568,Zone4_gbdt
Zone4,gbdt,BuildHeight_Mean,9.810915804206818,31.640436627097568,Zone4_gbdt
Zone4,gbdt,BuildHeight_Mean,9.841519199528184,31.640436627097568,Zone4_gbdt
Zone4,gbdt,BuildHeight_Mean,9.87212259484955,31.640436627097568,Zone4_gbdt
Zone4,gbdt,BuildHeight_Mean,9.902725990170914,31.64116126461384,Zone4_gbdt
Zone4,gbdt,BuildHeight_Mean,9.93332938549228,31.64116126461384,Zone4_gbdt
Zone4,gbdt,BuildHeight_Mean,9.963932780813646,31.64116126461384,Zone4_gbdt
Zone4,gbdt,BuildHeight_Mean,9.994536176135012,31.64116126461384,Zone4_gbdt
Zone4,gbdt,BuildHeight_Mean,10.025139571456378,31.64116126461384,Zone4_gbdt
Zone4,gbdt,BuildHeight_Mean,10.055742966777743,31.64116126461384,Zone4_gbdt
Zone4,gbdt,BuildHeight_Mean,10.08634636209911,31.64116126461384,Zone4_gbdt
Zone4,gbdt,BuildHeight_Mean,10.116949757420475,31.64116126461384,Zone4_gbdt
Zone4,gbdt,BuildHeight_Mean,10.14755315274184,31.64116126461384,Zone4_gbdt
Zone4,gbdt,BuildHeight_Mean,10.178156548063207,31.64116126461384,Zone4_gbdt
Zone4,gbdt,BuildHeight_Mean,10.208759943384573,31.64113909459279,Zone4_gbdt
Zone4,gbdt,BuildHeight_Mean,10.239363338705939,31.640649208440603,Zone4_gbdt
Zone4,gbdt,BuildHeight_Mean,10.269966734027303,31.639736931917597,Zone4_gbdt
Zone4,gbdt,BuildHeight_Mean,10.30057012934867,31.639736931917597,Zone4_gbdt
Zone4,gbdt,BuildHeight_Mean,10.331173524670035,31.636238211847328,Zone4_gbdt
Zone4,gbdt,BuildHeight_Mean,10.361776919991401,31.63491856666441,Zone4_gbdt
Zone4,gbdt,BuildHeight_Mean,10.392380315312767,31.63475107800128,Zone4_gbdt
Zone4,gbdt,BuildHeight_Mean,10.422983710634131,31.634975675238167,Zone4_gbdt
Zone4,gbdt,BuildHeight_Mean,10.453587105955497,31.634975675238167,Zone4_gbdt
Zone4,gbdt,BuildHeight_Mean,10.484190501276863,31.634975675238167,Zone4_gbdt
Zone4,gbdt,BuildHeight_Mean,10.51479389659823,31.634975675238167,Zone4_gbdt
Zone4,gbdt,BuildHeight_Mean,10.545397291919596,31.637301933491166,Zone4_gbdt
Zone4,gbdt,BuildHeight_Mean,10.576000687240962,31.655340849818945,Zone4_gbdt
Zone4,gbdt,BuildHeight_Mean,10.606604082562328,31.668691094086906,Zone4_gbdt
Zone4,gbdt,BuildHeight_Mean,10.637207477883692,31.671904966001605,Zone4_gbdt
Zone4,gbdt,BuildHeight_Mean,10.667810873205058,31.676580062472834,Zone4_gbdt
Zone4,gbdt,BuildHeight_Mean,10.698414268526424,31.71023486242312,Zone4_gbdt
Zone4,gbdt,BuildHeight_Mean,10.72901766384779,31.712082642399448,Zone4_gbdt
Zone4,gbdt,BuildHeight_Mean,10.759621059169156,31.736016558489535,Zone4_gbdt
Zone4,gbdt,BuildHeight_Mean,10.79022445449052,31.738914138952207,Zone4_gbdt
Zone4,gbdt,BuildHeight_Mean,10.820827849811886,31.745252750152538,Zone4_gbdt
Zone4,gbdt,BuildHeight_Mean,10.851431245133252,31.745252750152538,Zone4_gbdt
Zone4,gbdt,BuildHeight_Mean,10.882034640454618,31.745252750152538,Zone4_gbdt
Zone4,gbdt,BBRDG_Pct,0,31.406342092254224,Zone4_gbdt
Zone4,gbdt,BBRDG_Pct,0.5726857395361511,31.419839999659263,Zone4_gbdt
Zone4,gbdt,BBRDG_Pct,1.1453714790723022,31.423861332715525,Zone4_gbdt
Zone4,gbdt,BBRDG_Pct,1.7180572186084533,31.423861332715525,Zone4_gbdt
Zone4,gbdt,BBRDG_Pct,2.2907429581446044,31.423861332715525,Zone4_gbdt
Zone4,gbdt,BBRDG_Pct,2.8634286976807557,31.605600209969168,Zone4_gbdt
Zone4,gbdt,BBRDG_Pct,3.4361144372169066,31.610743711399234,Zone4_gbdt
Zone4,gbdt,BBRDG_Pct,4.008800176753057,31.629231023447222,Zone4_gbdt
Zone4,gbdt,BBRDG_Pct,4.581485916289209,31.58284205955817,Zone4_gbdt
Zone4,gbdt,BBRDG_Pct,5.15417165582536,31.58284205955817,Zone4_gbdt
Zone4,gbdt,BBRDG_Pct,5.726857395361511,31.572993716877104,Zone4_gbdt
Zone4,gbdt,BBRDG_Pct,6.299543134897662,31.572993716877104,Zone4_gbdt
Zone4,gbdt,BBRDG_Pct,6.872228874433813,31.572993716877104,Zone4_gbdt
Zone4,gbdt,BBRDG_Pct,7.4449146139699645,31.572993716877104,Zone4_gbdt
Zone4,gbdt,BBRDG_Pct,8.017600353506115,31.572993716877104,Zone4_gbdt
Zone4,gbdt,BBRDG_Pct,8.590286093042266,31.572993716877104,Zone4_gbdt
Zone4,gbdt,BBRDG_Pct,9.162971832578418,31.572993716877104,Zone4_gbdt
Zone4,gbdt,BBRDG_Pct,9.735657572114569,31.572993716877104,Zone4_gbdt
Zone4,gbdt,BBRDG_Pct,10.30834331165072,31.572993716877104,Zone4_gbdt
Zone4,gbdt,BBRDG_Pct,10.881029051186871,31.572993716877104,Zone4_gbdt
Zone4,gbdt,BBRDG_Pct,11.453714790723023,31.572993716877104,Zone4_gbdt
Zone4,gbdt,BBRDG_Pct,12.026400530259172,31.57380173466269,Zone4_gbdt
Zone4,gbdt,BBRDG_Pct,12.599086269795324,31.57380173466269,Zone4_gbdt
Zone4,gbdt,BBRDG_Pct,13.171772009331475,31.57380173466269,Zone4_gbdt
Zone4,gbdt,BBRDG_Pct,13.744457748867626,31.574542932331994,Zone4_gbdt
Zone4,gbdt,BBRDG_Pct,14.317143488403778,31.574542932331994,Zone4_gbdt
Zone4,gbdt,BBRDG_Pct,14.889829227939929,31.574542932331994,Zone4_gbdt
Zone4,gbdt,BBRDG_Pct,15.46251496747608,31.574542932331994,Zone4_gbdt
Zone4,gbdt,BBRDG_Pct,16.03520070701223,31.574542932331994,Zone4_gbdt
Zone4,gbdt,BBRDG_Pct,16.60788644654838,31.574542932331994,Zone4_gbdt
Zone4,gbdt,BBRDG_Pct,17.180572186084532,31.574542932331994,Zone4_gbdt
Zone4,gbdt,BBRDG_Pct,17.753257925620684,31.574542932331994,Zone4_gbdt
Zone4,gbdt,BBRDG_Pct,18.325943665156835,31.574542932331994,Zone4_gbdt
Zone4,gbdt,BBRDG_Pct,18.898629404692986,31.574542932331994,Zone4_gbdt
Zone4,gbdt,BBRDG_Pct,19.471315144229138,31.574542932331994,Zone4_gbdt
Zone4,gbdt,BBRDG_Pct,20.04400088376529,31.574542932331994,Zone4_gbdt
Zone4,gbdt,BBRDG_Pct,20.61668662330144,31.574542932331994,Zone4_gbdt
Zone4,gbdt,BBRDG_Pct,21.18937236283759,31.574542932331994,Zone4_gbdt
Zone4,gbdt,BBRDG_Pct,21.762058102373743,31.574542932331994,Zone4_gbdt
Zone4,gbdt,BBRDG_Pct,22.334743841909894,31.574542932331994,Zone4_gbdt
Zone4,gbdt,BBRDG_Pct,22.907429581446046,31.574542932331994,Zone4_gbdt
Zone4,gbdt,BBRDG_Pct,23.480115320982193,31.574542932331994,Zone4_gbdt
Zone4,gbdt,BBRDG_Pct,24.052801060518345,31.574542932331994,Zone4_gbdt
Zone4,gbdt,BBRDG_Pct,24.625486800054496,31.574542932331994,Zone4_gbdt
Zone4,gbdt,BBRDG_Pct,25.198172539590647,31.574542932331994,Zone4_gbdt
Zone4,gbdt,BBRDG_Pct,25.7708582791268,31.574542932331994,Zone4_gbdt
Zone4,gbdt,BBRDG_Pct,26.34354401866295,31.574542932331994,Zone4_gbdt
Zone4,gbdt,BBRDG_Pct,26.9162297581991,31.574542932331994,Zone4_gbdt
Zone4,gbdt,BBRDG_Pct,27.488915497735253,31.574542932331994,Zone4_gbdt
Zone4,gbdt,BBRDG_Pct,28.061601237271404,31.574542932331994,Zone4_gbdt
Zone4,gbdt,BBRDG_Pct,28.634286976807555,31.574542932331994,Zone4_gbdt
Zone4,gbdt,BBRDG_Pct,29.206972716343707,31.574542932331994,Zone4_gbdt
Zone4,gbdt,BBRDG_Pct,29.779658455879858,31.574542932331994,Zone4_gbdt
Zone4,gbdt,BBRDG_Pct,30.35234419541601,31.574542932331994,Zone4_gbdt
Zone4,gbdt,BBRDG_Pct,30.92502993495216,31.574542932331994,Zone4_gbdt
Zone4,gbdt,BBRDG_Pct,31.497715674488312,31.574516319377825,Zone4_gbdt
Zone4,gbdt,BBRDG_Pct,32.07040141402446,31.574516319377825,Zone4_gbdt
Zone4,gbdt,BBRDG_Pct,32.643087153560614,31.574516319377825,Zone4_gbdt
Zone4,gbdt,BBRDG_Pct,33.21577289309676,31.574516319377825,Zone4_gbdt
Zone4,gbdt,BBRDG_Pct,33.78845863263292,31.574516319377825,Zone4_gbdt
Zone4,gbdt,BBRDG_Pct,34.361144372169065,31.574516319377825,Zone4_gbdt
Zone4,gbdt,BBRDG_Pct,34.93383011170522,31.574516319377825,Zone4_gbdt
Zone4,gbdt,BBRDG_Pct,35.50651585124137,31.574516319377825,Zone4_gbdt
Zone4,gbdt,BBRDG_Pct,36.07920159077752,31.574516319377825,Zone4_gbdt
Zone4,gbdt,BBRDG_Pct,36.65188733031367,31.574516319377825,Zone4_gbdt
Zone4,gbdt,BBRDG_Pct,37.22457306984982,31.574516319377825,Zone4_gbdt
Zone4,gbdt,BBRDG_Pct,37.79725880938597,31.574516319377825,Zone4_gbdt
Zone4,gbdt,BBRDG_Pct,38.36994454892212,31.574516319377825,Zone4_gbdt
Zone4,gbdt,BBRDG_Pct,38.942630288458275,31.574516319377825,Zone4_gbdt
Zone4,gbdt,BBRDG_Pct,39.51531602799442,31.574516319377825,Zone4_gbdt
Zone4,gbdt,BBRDG_Pct,40.08800176753058,31.574516319377825,Zone4_gbdt
Zone4,gbdt,BBRDG_Pct,40.660687507066726,31.574516319377825,Zone4_gbdt
Zone4,gbdt,BBRDG_Pct,41.23337324660288,31.574516319377825,Zone4_gbdt
Zone4,gbdt,BBRDG_Pct,41.80605898613903,31.574516319377825,Zone4_gbdt
Zone4,gbdt,BBRDG_Pct,42.37874472567518,31.574516319377825,Zone4_gbdt
Zone4,gbdt,BBRDG_Pct,42.95143046521133,31.574516319377825,Zone4_gbdt
Zone4,gbdt,BBRDG_Pct,43.524116204747486,31.574516319377825,Zone4_gbdt
Zone4,gbdt,BBRDG_Pct,44.096801944283634,31.574516319377825,Zone4_gbdt
Zone4,gbdt,BBRDG_Pct,44.66948768381979,31.574516319377825,Zone4_gbdt
Zone4,gbdt,BBRDG_Pct,45.242173423355936,31.574516319377825,Zone4_gbdt
Zone4,gbdt,BBRDG_Pct,45.81485916289209,31.574516319377825,Zone4_gbdt
Zone4,gbdt,BBRDG_Pct,46.38754490242824,31.574516319377825,Zone4_gbdt
Zone4,gbdt,BBRDG_Pct,46.96023064196439,31.574516319377825,Zone4_gbdt
Zone4,gbdt,BBRDG_Pct,47.53291638150054,31.574516319377825,Zone4_gbdt
Zone4,gbdt,BBRDG_Pct,48.10560212103669,31.574516319377825,Zone4_gbdt
Zone4,gbdt,BBRDG_Pct,48.678287860572844,31.574516319377825,Zone4_gbdt
Zone4,gbdt,BBRDG_Pct,49.25097360010899,31.574516319377825,Zone4_gbdt
Zone4,gbdt,BBRDG_Pct,49.82365933964515,31.574516319377825,Zone4_gbdt
Zone4,gbdt,BBRDG_Pct,50.396345079181295,31.574516319377825,Zone4_gbdt
Zone4,gbdt,BBRDG_Pct,50.96903081871745,31.574516319377825,Zone4_gbdt
Zone4,gbdt,BBRDG_Pct,51.5417165582536,31.574516319377825,Zone4_gbdt
Zone4,gbdt,BBRDG_Pct,52.11440229778975,31.574516319377825,Zone4_gbdt
Zone4,gbdt,BBRDG_Pct,52.6870880373259,31.574516319377825,Zone4_gbdt
Zone4,gbdt,BBRDG_Pct,53.259773776862055,31.574516319377825,Zone4_gbdt
Zone4,gbdt,BBRDG_Pct,53.8324595163982,31.574516319377825,Zone4_gbdt
Zone4,gbdt,BBRDG_Pct,54.40514525593436,31.575993220811988,Zone4_gbdt
Zone4,gbdt,BBRDG_Pct,54.977830995470505,31.582288869525357,Zone4_gbdt
Zone4,gbdt,BBRDG_Pct,55.55051673500665,31.584753320155574,Zone4_gbdt
Zone4,gbdt,BBRDG_Pct,56.12320247454281,31.5862351091856,Zone4_gbdt
Zone4,gbdt,BBRDG_Pct,56.695888214078956,31.5862351091856,Zone4_gbdt
Zone4,gbdt,BBRDG_Pct,57.26857395361511,31.5862351091856,Zone4_gbdt
Zone4,gbdt,BBRDG_Pct,57.84125969315126,31.59215323078265,Zone4_gbdt
Zone4,gbdt,BBRDG_Pct,58.41394543268741,31.594470065248988,Zone4_gbdt
Zone4,gbdt,BBRDG_Pct,58.98663117222356,31.594470065248988,Zone4_gbdt
Zone4,gbdt,BBRDG_Pct,59.559316911759716,31.594470065248988,Zone4_gbdt
Zone4,gbdt,BBRDG_Pct,60.13200265129586,31.594470065248988,Zone4_gbdt
Zone4,gbdt,BBRDG_Pct,60.70468839083202,31.594470065248988,Zone4_gbdt
Zone4,gbdt,BBRDG_Pct,61.277374130368166,31.599534866074166,Zone4_gbdt
Zone4,gbdt,BBRDG_Pct,61.85005986990432,31.599534866074166,Zone4_gbdt
Zone4,gbdt,BBRDG_Pct,62.42274560944047,31.599534866074166,Zone4_gbdt
Zone4,gbdt,BBRDG_Pct,62.995431348976624,31.59966753903409,Zone4_gbdt
Zone4,gbdt,BBRDG_Pct,63.56811708851277,31.598947593836897,Zone4_gbdt
Zone4,gbdt,BBRDG_Pct,64.14080282804892,31.587088211634725,Zone4_gbdt
Zone4,gbdt,BBRDG_Pct,64.71348856758507,31.587088211634725,Zone4_gbdt
Zone4,gbdt,BBRDG_Pct,65.28617430712123,31.587088211634725,Zone4_gbdt
Zone4,gbdt,BBRDG_Pct,65.85886004665737,31.61309386887913,Zone4_gbdt
Zone4,gbdt,BBRDG_Pct,66.43154578619352,31.61309386887913,Zone4_gbdt
Zone4,gbdt,BBRDG_Pct,67.00423152572968,31.61309386887913,Zone4_gbdt
Zone4,gbdt,BBRDG_Pct,67.57691726526583,31.61309386887913,Zone4_gbdt
Zone4,gbdt,BBRDG_Pct,68.14960300480197,31.61309386887913,Zone4_gbdt
